cod_bna,nombre,tipo_estacion,vigencia,region,comuna,cuenca,altitud,latitud,longitud
01000001-7,Rio Caquena En Guacollo (Ca),Fluviométricas,Suspendidas,Región de Arica y Parinacota,Comuna de General Lagos,Altiplanicas,3850,-17.75909623,-69.33563216
01000002-5,Rio Cosapilla En Cosapilla (Ca),Calidad de Aguas,Suspendidas,Región de Arica y Parinacota,Comuna de General Lagos,Altiplanicas,3860,-17.76354565,-69.41038245
01000003-3,Rio Colpas En Visviri (Ca),Fluviométricas,Suspendidas,Región de Arica y Parinacota,Comuna de General Lagos,Altiplanicas,4050,-17.60400966,-69.50141614
01000005-K,Visviri,Meteorológicas,Vigentes,Región de Arica y Parinacota,Comuna de General Lagos,Altiplanicas,4080,-17.59486929,-69.4767455
01001001-2,Rio Caquena En Nacimiento,Fluviométricas,Suspendidas,Región de Arica y Parinacota,Comuna de Putre,Altiplanicas,4385,-18.07716651,-69.19612226
01001002-0,Rio Caquena En Vertedero,Calidad de Aguas,Vigentes,Región de Arica y Parinacota,Comuna de Putre,Altiplanicas,0,-17.99782714,-69.25700849
01001003-9,Rio Colpacagua En Desembocadura,Fluviométricas,Vigentes,Región de Arica y Parinacota,Comuna de Putre,Altiplanicas,0,-18.01898987,-69.23283558
01001005-5,Caquena,Meteorológicas,Vigentes,Región de Arica y Parinacota,Comuna de Putre,Altiplanicas,4400,-18.05413965,-69.20167164
01001006-3,Canal El Embudo En Bt Caquena,Fluviométricas,Vigentes,Región de Arica y Parinacota,Comuna de Putre,Altiplanicas,0,-17.99786312,-69.25714079
01010001-1,Lago Chungara,Lagos y Embalses,Vigentes,Región de Arica y Parinacota,Comuna de General Lagos,Altiplanicas,4400,-17.97028541,-69.30176405
01010002-K,Rio Chungara En Desembocadura,Calidad de Aguas,Vigentes,Región de Arica y Parinacota,Comuna de Putre,Altiplanicas,4518,-18.28695606,-69.135093
01010007-0,Chungara Reten,Meteorológicas,Vigentes,Región de Arica y Parinacota,Comuna de Putre,Altiplanicas,4570,-18.28122354,-69.13818241
01010008-9,Missituni,Meteorológicas,Suspendidas,Región de Arica y Parinacota,Comuna de Putre,Altiplanicas,4720,-18.34801057,-69.13417496
01010009-7,Chungara Guarderia,Meteorológicas,Suspendidas,Región de Arica y Parinacota,Comuna de Putre,Altiplanicas,4600,-18.26717417,-69.11667695
01010010-0,Chungara Ajata,Meteorológicas,Vigentes,Región de Arica y Parinacota,Comuna de Putre,Altiplanicas,4585,-18.23531598,-69.18325512
01010011-9,Lago Chungara-Sector Centro,Calidad de Aguas,Vigentes,Región de Arica y Parinacota,Comuna de Putre,Altiplanicas,0,-18.24134784,-69.15939608
01010012-7,Lago Chungara-Ajata,Calidad de Aguas,Vigentes,Región de Arica y Parinacota,Comuna de Putre,Altiplanicas,0,-18.23483202,-69.17889412
01010013-5,Lago Chungara-Sector Oeste,Calidad de Aguas,Vigentes,Región de Arica y Parinacota,Comuna de Putre,Altiplanicas,0,-18.23161224,-69.12446603
01010014-3,Lago Chungara-Sopocalane,Calidad de Aguas,Vigentes,Región de Arica y Parinacota,Comuna de Putre,Altiplanicas,0,-18.26434661,-69.15308806
01010015-1,Lago Chungara-Rio Chungara,Calidad de Aguas,Vigentes,Región de Arica y Parinacota,Comuna de Putre,Altiplanicas,0,-18.28223803,-69.13510827
01020001-6,Laguna Cotacotani,Lagos y Embalses,Suspendidas,Región de Arica y Parinacota,Comuna de Putre,Altiplanicas,4500,-18.18356342,-69.20001376
01020002-4,Rio Desaguadero Cotacotani,Meteorológicas,Vigentes,Región de Arica y Parinacota,Comuna de Putre,Altiplanicas,4500,-18.19055403,-69.25743125
01020003-2,Rio Lauca En Estancia El Lago,Fluviométricas,Vigentes,Región de Arica y Parinacota,Comuna de Putre,Altiplanicas,4370,-18.23591714,-69.3338774
01020004-0,"Canal Lauca En Sifon N"" 1 (Km. 3.3)",Fluviométricas,Vigentes,Región de Arica y Parinacota,Comuna de Putre,Altiplanicas,4384,-18.2328096,-69.33293508
01020012-1,Canal Lauca En Bocatoma (Ca),Calidad de Aguas,Suspendidas,Región de Arica y Parinacota,Comuna de Putre,Altiplanicas,0,-18.31689253,-69.46669503
01020013-K,Isla Blanca,Meteorológicas,Suspendidas,Región de Arica y Parinacota,Comuna de Putre,Altiplanicas,4540,-18.18606082,-69.21418188
01020014-8,Cotacotani,Meteorológicas,Vigentes,Región de Arica y Parinacota,Comuna de Putre,Altiplanicas,4550,-18.19087942,-69.24356871
01020015-6,Parinacota Conaf Dga,Meteorológicas,Suspendidas,Región de Arica y Parinacota,Comuna de Putre,Altiplanicas,4420,-18.20162013,-69.26835133
01020016-4,Chucuyo Reten,Meteorológicas,Vigentes,Región de Tarapacá,Comuna de Camiña,Q. Rio Camarones,4400,-19.12228956,-69.3231051
01020017-2,Parinacota Ex Endesa,Meteorológicas,Vigentes,Región de Arica y Parinacota,Comuna de Putre,Altiplanicas,4420,-18.20401518,-69.26844011
01020018-0,Chucuyo (Ex. Endesa),Meteorológicas,Suspendidas,Región de Arica y Parinacota,Comuna de Putre,Altiplanicas,4400,-18.21828664,-69.32140679
01020019-9,Canal Lauca Sector Las Rejas Km 26 (Doh),Fluviométricas,Vigentes,Región de Arica y Parinacota,Comuna de Putre,Altiplanicas,4378,-18.33167126,-69.44722974
01020020-2,Canal Lauca En Chucuyo Km 0 (Doh),Fluviométricas,Vigentes,Región de Arica y Parinacota,Comuna de Putre,Altiplanicas,4397,-18.21639463,-69.31778102
01021001-1,Rio Lauca En Japu (O En El Limite),Calidad de Aguas,Vigentes,Región de Arica y Parinacota,Comuna de Putre,Altiplanicas,3907,-18.58658765,-69.04878345
01021002-K,Rio Guallatire En Guallatire,Meteorológicas,Vigentes,Región de Arica y Parinacota,Comuna de Putre,Altiplanicas,4280,-18.49658594,-69.15141748
01021004-6,Rio Guallatire En Desemb. Rio Loa (Ca),Calidad de Aguas,Vigentes,Región de Arica y Parinacota,Comuna de Putre,Altiplanicas,4100,-18.55363427,-69.15176146
01021005-4,Rio Lauca Despues De Quiburcanca (Ca),Calidad de Aguas,Suspendidas,Región de Arica y Parinacota,Comuna de Putre,Altiplanicas,4300,-18.58356679,-69.10001044
01021006-2,Estero Paquisa En Paquisa (Ca),Calidad de Aguas,Suspendidas,Región de Arica y Parinacota,Comuna de Putre,Altiplanicas,4580,-18.67562295,-69.12396135
01021007-0,Guallatire,Meteorológicas,Vigentes,Región de Arica y Parinacota,Comuna de Putre,Altiplanicas,4240,-18.4974605,-69.15407071
01030003-7,Chilcaya,Meteorológicas,Vigentes,Región de Arica y Parinacota,Comuna de Putre,Altiplanicas,4270,-18.79400557,-69.08467551
01041001-0,Rio Cariquima En Cariquima,Calidad de Aguas,Vigentes,Región de Tarapacá,Comuna de Colchane,Altiplanicas,4000,-19.45337971,-68.64314736
01041002-9,Rio Isluga En Bocatoma,Calidad de Aguas,Vigentes,Región de Tarapacá,Comuna de Colchane,Altiplanicas,4000,-19.27231177,-68.68303522
01041003-7,Colchane (T. Isluga),Meteorológicas,Vigentes,Región de Tarapacá,Comuna de Colchane,Altiplanicas,3700,-19.27625905,-68.63814602
01041004-5,Enquelca (Ex Caraguano),Meteorológicas,Vigentes,Región de Tarapacá,Comuna de Colchane,Altiplanicas,3900,-19.22799992,-68.80447334
01042001-6,Cancosa,Meteorológicas,Suspendidas,Región de Tarapacá,Comuna de Pica,Altiplanicas,3930,-19.85553334,-68.60165607
01042002-4,Huaytani,Meteorológicas,Vigentes,Región de Tarapacá,Comuna de Colchane,Altiplanicas,3950,-19.54394857,-68.60386575
01044001-7,Rio Cancosa En El Tambo,Calidad de Aguas,Vigentes,Región de Tarapacá,Comuna de Pica,Altiplanicas,4000,-19.85673108,-68.58790925
01050002-8,Rio Piga En Collacagua,Fluviométricas,Vigentes,Región de Tarapacá,Comuna de Pica,Altiplanicas,0,-20.03784539,-68.83308523
01050003-6,Rio Batea En Confluencia,Fluviométricas,Vigentes,Región de Tarapacá,Comuna de Pica,Altiplanicas,0,-20.04647632,-68.83410886
01050004-4,Rio Collacagua En Peñablanca,Calidad de Aguas,Vigentes,Región de Tarapacá,Comuna de Pica,Altiplanicas,3853,-20.10289128,-68.84352937
01050007-9,Coyacagua,Meteorológicas,Vigentes,Región de Tarapacá,Comuna de Pica,Altiplanicas,4013,-20.0379059,-68.83019744
01050008-7,Jica - 10,Control de Nivel,Vigentes,Región de Tarapacá,Comuna de Pica,Altiplanicas,3844,-20.20337623,-68.83264149
01050009-5,Diablo Marca,Meteorológicas,Vigentes,Región de Tarapacá,Comuna de Pica,Altiplanicas,4585,-20.10378007,-68.96793465
01050010-9,Sillillica,Meteorológicas,Vigentes,Región de Tarapacá,Comuna de Pica,Altiplanicas,3840,-20.16759281,-68.73730638
01051001-5,Vertiente El Ermitaño En Lag.Huasco,Fluviométricas,Vigentes,Región de Tarapacá,Comuna de Pica,Altiplanicas,3790,-20.26283548,-68.87561114
01051002-3,Vertiente Huasco Norte Lag.Huasco,Fluviométricas,Vigentes,Región de Tarapacá,Comuna de Pica,Altiplanicas,3790,-20.28312234,-68.88930919
01051003-1,Salar Huasco,Meteorológicas,Suspendidas,Región de Tarapacá,Comuna de Pica,Altiplanicas,3800,-20.27637011,-68.88611541
01051004-K,Altos Del Huasco,Meteorológicas,Vigentes,Región de Tarapacá,Comuna de Pica,Altiplanicas,4044,-20.32119441,-68.89228047
01080001-3,Ujina,Meteorológicas,Vigentes,Región de Tarapacá,Comuna de Pica,Altiplanicas,4300,-20.98446976,-68.63559775
01080002-1,Collahuasi,Meteorológicas,Suspendidas,Región de Tarapacá,Comuna de Pica,Rio Loa,4250,-20.99638224,-68.8019368
01110001-5,Puquios,Meteorológicas,Suspendidas,Región de Arica y Parinacota,Comuna de Arica,Quebrada de la Concordia,3750,-18.1749515,-69.74392863
01110003-1,La Concordia D2,Control de Nivel,Suspendidas,Región de Arica y Parinacota,Comuna de Arica,Quebrada de la Concordia,0,-18.3835632,-70.27228369
01110004-K,La Concordia B1,Control de Nivel,Vigentes,Región de Arica y Parinacota,Comuna de Arica,Quebrada de la Concordia,29,-18.34784705,-70.36681192
01110005-8,La Concordia D4,Control de Nivel,Suspendidas,Región de Arica y Parinacota,Comuna de Arica,Quebrada de la Concordia,0,-18.33671505,-70.36040367
01110006-6,La Concordia D3,Control de Nivel,Vigentes,Región de Arica y Parinacota,Comuna de Arica,Quebrada de la Concordia,51,-18.32799183,-70.35450703
01110007-4,La Concordia B2,Control de Nivel,Suspendidas,Región de Arica y Parinacota,Comuna de Arica,Quebrada de la Concordia,0,-18.34272787,-70.36997944
01110008-2,La Concordia B3,Control de Nivel,Vigentes,Región de Arica y Parinacota,Comuna de Arica,Quebrada de la Concordia,30,-18.34538437,-70.3662248
01110009-0,Aeropuerto Chacalluta A1,Control de Nivel,Suspendidas,Región de Arica y Parinacota,Comuna de Arica,Quebrada de la Concordia,0,-18.36967228,-70.33200473
01110010-4,La Concordia B4,Control de Nivel,Vigentes,Región de Arica y Parinacota,Comuna de Arica,Quebrada de la Concordia,28,-18.34309032,-70.36984036
01110012-0,Pozo Jica B,Calidad de Aguas,Vigentes,Región de Arica y Parinacota,Comuna de Arica,Rio Lluta,0,-18.40473675,-70.28821918
01110013-9,Pozo Gallinazos,Calidad de Aguas,Vigentes,Región de Arica y Parinacota,Comuna de Arica,Rio Lluta,0,-18.41028433,-70.31210625
01110014-7,B - 10,Calidad de Aguas,Vigentes,Región de Arica y Parinacota,Comuna de Arica,Quebrada de la Concordia,0,-18.35500156,-70.32361183
01110015-5,B - 2,Calidad de Aguas,Vigentes,Región de Arica y Parinacota,Comuna de Arica,Quebrada de la Concordia,0,-18.33978779,-70.36699425
01110016-3,D - 1B,Calidad de Aguas,Vigentes,Región de Arica y Parinacota,Comuna de Arica,Quebrada de la Concordia,0,-18.31694946,-70.3144476
01110017-1,D - 4,Calidad de Aguas,Vigentes,Región de Arica y Parinacota,Comuna de Arica,Quebrada de la Concordia,0,-18.33305908,-70.35861514
01200002-2,Villa Industrial (Tacora),Meteorológicas,Vigentes,Región de Arica y Parinacota,Comuna de General Lagos,Rio Lluta,4080,-17.77196483,-69.72420641
01200003-0,Humapalca,Meteorológicas,Vigentes,Región de Arica y Parinacota,Comuna de General Lagos,Rio Lluta,3980,-17.83522551,-69.70385154
01200004-9,Volcan Tacora,Glaciológicas,Vigentes,Región de Arica y Parinacota,Comuna de General Lagos,Rio Lluta,5047,-17.69416809,-69.77278548
01201001-K,Rio Colpitas En Alcerreca,Calidad de Aguas,Vigentes,Región de Arica y Parinacota,Comuna de General Lagos,Rio Lluta,3251,-17.99531842,-69.62756018
01201002-8,Rio Caracarani En Alcerreca,Calidad de Aguas,Vigentes,Región de Arica y Parinacota,Comuna de General Lagos,Rio Lluta,3253,-17.98695879,-69.63012801
01201003-6,Rio Lluta En Alcerreca,Fluviométricas,Vigentes,Región de Arica y Parinacota,Comuna de General Lagos,Rio Lluta,3550,-18.00368921,-69.63268115
01201004-4,Rio Caracarani Antes Rio Azufre (Ca),Calidad de Aguas,Suspendidas,Región de Arica y Parinacota,Comuna de General Lagos,Rio Lluta,3970,-17.78355235,-69.71670577
01201005-2,Rio Caracarani En Humapalca,Fluviométricas,Vigentes,Región de Arica y Parinacota,Comuna de General Lagos,Rio Lluta,3908,-17.83853292,-69.70651636
01201008-7,Rio Azufre Antes Rio Caracarani (Ca),Calidad de Aguas,Vigentes,Región de Arica y Parinacota,Comuna de General Lagos,Rio Lluta,3970,-17.80612226,-69.71632408
01201010-9,Alcerreca,Meteorológicas,Vigentes,Región de Arica y Parinacota,Comuna de General Lagos,Rio Lluta,3990,-17.99067162,-69.6605548
01201011-7,Meteorologica De Colpitas,Meteorológicas,Vigentes,Región de Arica y Parinacota,Comuna de General Lagos,Rio Lluta,4140,-17.95328033,-69.45252039
01202009-0,Pacollo,Meteorológicas,Suspendidas,Región de Arica y Parinacota,Comuna de Putre,Rio Lluta,4185,-18.17717206,-69.50919307
01202010-4,Putre,Meteorológicas,Suspendidas,Región de Arica y Parinacota,Comuna de Putre,Rio Lluta,3545,-18.19939011,-69.56030405
01202011-2,Las Cuevas Conaf,Meteorológicas,Suspendidas,Región de Arica y Parinacota,Comuna de Putre,Rio Lluta,4060,-18.21078207,-69.51030258
01202012-0,Putre (Dcp),Meteorológicas,Vigentes,Región de Arica y Parinacota,Comuna de Putre,Rio Lluta,3560,-18.19488366,-69.55907925
01202013-9,Quebrada Socoroma,Fluviométricas,Vigentes,Región de Arica y Parinacota,Comuna de Putre,Rio Lluta,2975,-18.25606291,-69.6064211
01210001-9,Rio Lluta En Tocontasi,Sedimentometricas,Vigentes,Región de Arica y Parinacota,Comuna de Arica,Rio Lluta,1850,-18.37310398,-69.91609929
01210002-7,Rio Lluta En El Molino,Fluviométricas,Suspendidas,Región de Arica y Parinacota,Comuna de Arica,Rio Lluta,0,-18.35139069,-69.87299837
01210003-5,Rio Lluta En Chapisca,Calidad de Aguas,Suspendidas,Región de Arica y Parinacota,Comuna de Arica,Rio Lluta,0,-18.3702926,-69.88764149
01210005-1,Vertiente Al Pichin,Calidad de Aguas,Vigentes,Región de Arica y Parinacota,Comuna de Arica,Rio Lluta,654,-18.41194937,-70.04347907
01210006-K,Apr Lluta,Calidad de Aguas,Vigentes,Región de Arica y Parinacota,Comuna de Arica,Rio Lluta,0,-18.42138928,-70.04417031
01210007-8,Quiborax S.A.,Calidad de Aguas,Vigentes,Región de Arica y Parinacota,Comuna de Arica,Rio Lluta,0,-18.39639665,-69.97889084
01210008-6,Rio Lluta Aguas Arriba Embalse Chironta (Ef-1 Ec),Fluviométricas,Vigentes,Región de Arica y Parinacota,Comuna de Arica,Rio Lluta,1786,-18.29417445,-69.73556096
01210009-4,Rio Lluta Aguas Abajo Embalse Chironta (Ef-2 Ec),Fluviométricas,Vigentes,Región de Arica y Parinacota,Comuna de Arica,Rio Lluta,1651,-18.31334036,-69.75944929
01210010-8,Coronamiento Presa Embalse Chironta (Em Ec),Meteorológicas,Vigentes,Región de Arica y Parinacota,Comuna de Arica,Rio Lluta,1759,-18.31027806,-69.75222572
01211001-4,Rio Lluta En Panamericana,Calidad de Aguas,Vigentes,Región de Arica y Parinacota,Comuna de Arica,Rio Lluta,10,-18.39935821,-70.29647123
01211006-5,Lluta,Meteorológicas,Suspendidas,Región de Arica y Parinacota,Comuna de Arica,Rio Lluta,290,-18.41051239,-70.16921966
01211007-3,J - B (Pozos Jica),Control de Nivel,Suspendidas,Región de Arica y Parinacota,Comuna de Arica,Rio Lluta,0,-18.40223174,-70.28850346
01211008-1,J - 1 (Pozos Jica),Control de Nivel,Vigentes,Región de Arica y Parinacota,Comuna de Arica,Rio Lluta,224,-18.41856076,-70.20589298
01211009-K,J - 2 (Pozos Jica),Control de Nivel,Suspendidas,Región de Arica y Parinacota,Comuna de Arica,Rio Lluta,0,-18.40190081,-70.26783675
01211010-3,J - A (Pozos Jica),Control de Nivel,Suspendidas,Región de Arica y Parinacota,Comuna de Arica,Rio Lluta,0,-18.41134846,-70.22862903
01211011-1,Lluta N°1A,Calidad de Aguas,Vigentes,Región de Arica y Parinacota,Comuna de Arica,Rio Lluta,0,-18.41000742,-70.19806128
01211012-K,Lluta N°3,Calidad de Aguas,Vigentes,Región de Arica y Parinacota,Comuna de Arica,Rio Lluta,0,-18.40222337,-70.24638901
01211013-8,Lluta Nº18C,Calidad de Aguas,Vigentes,Región de Arica y Parinacota,Comuna de Arica,Rio Lluta,0,-18.41416704,-70.10361872
01211014-6,Lluta Nº23,Calidad de Aguas,Vigentes,Región de Arica y Parinacota,Comuna de Arica,Rio Lluta,0,-18.40639327,-70.15416841
01211015-4,Rila Chile Ltda.,Calidad de Aguas,Vigentes,Región de Arica y Parinacota,Comuna de Arica,Quebrada de la Concordia,0,-18.39389071,-70.28722985
01300001-8,Rio Ticnamar En Ticnamar,Fluviométricas,Suspendidas,Región de Arica y Parinacota,Comuna de Putre,Rio San Jose,3800,-18.53273195,-69.54335994
01300002-6,Rio Laco En Cosapilla,Fluviométricas,Vigentes,Región de Arica y Parinacota,Comuna de Putre,Rio San Jose,3000,-18.38361289,-69.56611234
01300004-2,Murmuntane,Meteorológicas,Suspendidas,Región de Arica y Parinacota,Comuna de Putre,Rio San Jose,3550,-18.35217523,-69.55197352
01300005-0,Portezuelo Chapiquiña,Meteorológicas,Suspendidas,Región de Arica y Parinacota,Comuna de Putre,Altiplanicas,4375,-18.32745039,-69.46613659
01300006-9,Central Chapiquiña,Meteorológicas,Vigentes,Región de Arica y Parinacota,Comuna de Putre,Rio San Jose,3350,-18.37200727,-69.5478905
01300007-7,Belen,Meteorológicas,Vigentes,Región de Arica y Parinacota,Comuna de Putre,Rio San Jose,3240,-18.4677423,-69.51698617
01300008-5,Tignamar,Meteorológicas,Vigentes,Región de Arica y Parinacota,Comuna de Putre,Rio San Jose,3230,-18.58106593,-69.49412608
01300009-3,Rio Ticnamar En Angostura,Fluviométricas,Vigentes,Región de Arica y Parinacota,Comuna de Putre,Rio San Jose,3010,-18.51385057,-69.56541185
01300010-7,Copaquilla,Meteorológicas,Vigentes,Región de Arica y Parinacota,Comuna de Putre,Rio San Jose,2900,-18.39750094,-69.63306258
01310002-0,Rio San Jose En Ausipar,Fluviométricas,Vigentes,Región de Arica y Parinacota,Comuna de Arica,Rio San Jose,1300,-18.586213,-69.81124902
01310003-9,Rio San Jose Antes Bocatoma Azapa,Calidad de Aguas,Vigentes,Región de Arica y Parinacota,Comuna de Arica,Rio San Jose,960,-18.58080111,-69.96446329
01310004-7,Acueducto Azapa En Bocatoma,Fluviométricas,Vigentes,Región de Arica y Parinacota,Comuna de Arica,Rio San Jose,960,-18.58222223,-69.88860002
01310016-0,Vertiente Conchalique (Ca),Calidad de Aguas,Suspendidas,Región de Arica y Parinacota,Comuna de Arica,Rio San Jose,0,-18.51689981,-70.21672537
01310018-7,Arica Oficina,Meteorológicas,Vigentes,Región de Arica y Parinacota,Comuna de Arica,Rio San Jose,20,-18.47767154,-70.32071488
01310019-5,Azapa,Meteorológicas,Vigentes,Región de Arica y Parinacota,Comuna de Arica,Rio San Jose,365,-18.51626549,-70.17992973
01310020-9,La Rivera,Meteorológicas,Suspendidas,Región de Arica y Parinacota,Comuna de Arica,Rio San Jose,310,-18.52856233,-70.16422218
01310021-7,U. Del Norte,Meteorológicas,Suspendidas,Región de Arica y Parinacota,Comuna de Arica,Rio San Jose,55,-18.48356911,-70.29367478
01310022-5,El Buitre Aerodromo,Meteorológicas,Suspendidas,Región de Arica y Parinacota,Comuna de Arica,Rio San Jose,110,-18.51217922,-70.2842282
01310024-1,Las Riveras De Madrid,Control de Nivel,Suspendidas,Región de Arica y Parinacota,Comuna de Arica,Rio San Jose,545,-18.53122021,-70.16404124
01310026-8,Las Maitas L Violetas,Control de Nivel,Suspendidas,Región de Arica y Parinacota,Comuna de Arica,Rio San Jose,0,-18.55023051,-70.18338416
01310027-6,Las Vargas,Control de Nivel,Suspendidas,Región de Arica y Parinacota,Comuna de Arica,Rio San Jose,131,-18.50788857,-70.24615729
01310032-2,Algodonal,Control de Nivel,Suspendidas,Región de Arica y Parinacota,Comuna de Arica,Rio San Jose,0,-18.45856728,-70.26394377
01310033-0,Saucache,Control de Nivel,Suspendidas,Región de Arica y Parinacota,Comuna de Arica,Rio San Jose,0,-18.45023509,-70.30144481
01310034-9,Avenida Balmaceda,Control de Nivel,Suspendidas,Región de Arica y Parinacota,Comuna de Arica,Rio San Jose,0,-18.48330238,-70.28757609
01310035-7,Facundo Gutierrez,Control de Nivel,Suspendidas,Región de Arica y Parinacota,Comuna de Arica,Rio San Jose,0,-18.51578508,-70.0083846
01310036-5,Escuela Chitita N 28,Control de Nivel,Vigentes,Región de Arica y Parinacota,Comuna de Arica,Rio San Jose,613,-18.57450585,-70.05494442
01310037-3,Centella (San Miguel De Azapa),Control de Nivel,Suspendidas,Región de Arica y Parinacota,Comuna de Arica,Rio San Jose,0,-18.55190218,-70.05699418
01310038-1,Suc. Ramos (Cerro Moreno),Control de Nivel,Suspendidas,Región de Arica y Parinacota,Comuna de Arica,Rio San Jose,0,-18.57523634,-70.03893424
01310045-4,Pago Gomez San Elias,Control de Nivel,Suspendidas,Región de Arica y Parinacota,Comuna de Arica,Rio San Jose,0,-18.51689449,-70.18339153
01310046-2,Las Maitas,Control de Nivel,Suspendidas,Región de Arica y Parinacota,Comuna de Arica,Rio San Jose,0,-18.55578859,-70.18617013
01310048-9,Avenida Azola Jv,Control de Nivel,Suspendidas,Región de Arica y Parinacota,Comuna de Arica,Rio Lluta,0,-18.40300515,-70.25255708
01310051-9,Olivarera Azapa,Control de Nivel,Suspendidas,Región de Arica y Parinacota,Comuna de Arica,Rio Lluta,0,-18.41689847,-70.30561488
01310061-6,Las Animas,Control de Nivel,Suspendidas,Región de Arica y Parinacota,Comuna de Arica,Rio San Jose,179,-18.50328376,-70.21922439
01310062-4,Hospital,Control de Nivel,Suspendidas,Región de Arica y Parinacota,Comuna de Arica,Quebrada de la Concordia,0,-18.3335615,-70.16672364
01310063-2,Barrio Industrial (Cormet),Control de Nivel,Suspendidas,Región de Arica y Parinacota,Comuna de Arica,Rio San Jose,25,-18.4832912,-70.21699941
01310064-0,Pascual Roco (Noria 062),Control de Nivel,Suspendidas,Región de Arica y Parinacota,Comuna de Arica,Rio San Jose,334,-18.54078103,-70.14332011
01310065-9,Las Dunas (Dorotea Sorta),Control de Nivel,Suspendidas,Región de Arica y Parinacota,Comuna de Arica,Rio San Jose,0,-18.48356067,-70.22006032
01310066-7,Loteo Algodonal (Velez),Control de Nivel,Suspendidas,Región de Arica y Parinacota,Comuna de Arica,Rio San Jose,105,-18.49689688,-70.20339038
01310067-5,Hotel El Paso,Control de Nivel,Suspendidas,Región de Arica y Parinacota,Comuna de Arica,Rio San Jose,6,-18.47669253,-70.31466555
01310069-1,Santa Irene Sur,Control de Nivel,Suspendidas,Región de Arica y Parinacota,Comuna de Arica,Rio San Jose,412,-18.52875576,-70.16215832
01310070-5,Escuela G-9,Control de Nivel,Suspendidas,Región de Arica y Parinacota,Comuna de Arica,Rio San Jose,226,-18.50772991,-70.17783473
01310071-3,Motel Azapa,Control de Nivel,Suspendidas,Región de Arica y Parinacota,Comuna de Arica,Rio San Jose,0,-18.4960682,-70.28144667
01310072-1,Pago Gomez,Control de Nivel,Suspendidas,Región de Arica y Parinacota,Comuna de Arica,Rio San Jose,0,-18.50634359,-70.24199745
01310073-K,Escuela Chitita,Control de Nivel,Suspendidas,Región de Arica y Parinacota,Comuna de Arica,Rio San Jose,0,-18.5768975,-70.05226789
01310074-8,San Juan Ocurica,Control de Nivel,Suspendidas,Región de Arica y Parinacota,Comuna de Arica,Rio San Jose,0,-18.50634091,-70.25199966
01310075-6,Pozo Albarracines,Calidad de Aguas,Vigentes,Región de Arica y Parinacota,Comuna de Arica,Rio San Jose,0,-18.51140875,-70.21904512
01310076-4,Apr Cerro Moreno,Calidad de Aguas,Vigentes,Región de Arica y Parinacota,Comuna de Arica,Rio San Jose,0,-18.53944955,-70.1333352
01310077-2,Apr Cerro Sombrero,Calidad de Aguas,Vigentes,Región de Arica y Parinacota,Comuna de Arica,Rio San Jose,0,-18.50611723,-70.26389457
01310078-0,Apr Pampa Algodonal,Calidad de Aguas,Vigentes,Región de Arica y Parinacota,Comuna de Arica,Rio San Jose,0,-18.57417366,-69.96333624
01310079-9,Apr San Miguel,Calidad de Aguas,Vigentes,Región de Arica y Parinacota,Comuna de Arica,Rio San Jose,0,-18.515281,-70.17694862
01310080-2,Apr Sobraya,Calidad de Aguas,Vigentes,Región de Arica y Parinacota,Comuna de Arica,Rio San Jose,0,-18.57945302,-70.02305837
01310081-0,Cabuza 1,Calidad de Aguas,Vigentes,Región de Arica y Parinacota,Comuna de Arica,Rio San Jose,0,-18.53972826,-70.09527994
01310082-9,Pozo Tucapel,Calidad de Aguas,Vigentes,Región de Arica y Parinacota,Comuna de Arica,Rio San Jose,0,-18.47833324,-70.29555793
01410002-4,Rio Codpa En Chitita,Calidad de Aguas,Suspendidas,Región de Arica y Parinacota,Comuna de Camarones,Costeras R. San Jose-Q.Camarones,1750,-18.82738024,-69.68532683
01410003-2,Rio Codpa En Pueblo,Fluviométricas,Suspendidas,Región de Arica y Parinacota,Comuna de Camarones,Costeras R. San Jose-Q.Camarones,1290,-18.82884825,-69.75003253
01410004-0,Rio Codpa En Cala-Cala,Calidad de Aguas,Vigentes,Región de Arica y Parinacota,Comuna de Camarones,Costeras R. San Jose-Q.Camarones,1745,-18.82840007,-69.66828516
01410011-3,Chaca,Meteorológicas,Suspendidas,Región de Arica y Parinacota,Comuna de Arica,Costeras R. San Jose-Q.Camarones,350,-18.81717694,-70.15005279
01410012-1,Codpa,Meteorológicas,Vigentes,Región de Arica y Parinacota,Comuna de Camarones,Costeras R. San Jose-Q.Camarones,1870,-18.83237009,-69.74393589
01410013-K,Umirpa,Meteorológicas,Vigentes,Región de Arica y Parinacota,Comuna de Putre,Costeras R. San Jose-Q.Camarones,3920,-18.75055856,-69.360007
01501001-0,Caritaya Embalse,Meteorológicas,Suspendidas,Región de Arica y Parinacota,Comuna de Camarones,Q. Rio Camarones,3600,-19.02495956,-69.33613448
01502001-6,Rio Camarones En Taltape,Fluviométricas,Suspendidas,Región de Arica y Parinacota,Comuna de Camarones,Q. Rio Camarones,0,-18.98466951,-69.73588882
01502002-4,Rio Camarones En Conanoxa,Calidad de Aguas,Vigentes,Región de Arica y Parinacota,Comuna de Camarones,Q. Rio Camarones,710,-19.04789996,-69.98624022
01502004-0,Rio Camarones En Esquina (Ca),Calidad de Aguas,Suspendidas,Región de Arica y Parinacota,Comuna de Camarones,Q. Rio Camarones,2050,-18.94112899,-69.53534081
01502005-9,Rio Camarones En Condumaya (Ca),Calidad de Aguas,Vigentes,Región de Arica y Parinacota,Comuna de Camarones,Q. Rio Camarones,0,-18.95108953,-69.48906922
01502006-7,Cuya,Meteorológicas,Suspendidas,Región de Arica y Parinacota,Comuna de Camarones,Q. Rio Camarones,200,-19.11191112,-70.12699855
01502007-5,Esquiña,Meteorológicas,Vigentes,Región de Arica y Parinacota,Comuna de Camarones,Q. Rio Camarones,2170,-18.93727698,-69.52976311
01502008-3,Rio Camarones En Chilpe,Meteorológicas,Vigentes,Región de Arica y Parinacota,Comuna de Camarones,Q. Rio Camarones,1565,-18.94166986,-69.61723007
01502009-1,Meteorologica De Camarones,Meteorológicas,Vigentes,Región de Arica y Parinacota,Comuna de Camarones,Q. Rio Camarones,728,-19.00802139,-69.85559861
01510001-K,Caraguano,Meteorológicas,Suspendidas,Región de Tarapacá,Comuna de Colchane,Altiplanicas,3900,-19.23718384,-68.81499527
01520001-4,Rio Camarones En Desembocadura (Ca),Calidad de Aguas,Suspendidas,Región de Arica y Parinacota,Comuna de Camarones,Q. Rio Camarones,1,-19.18924001,-70.2685434
01610002-1,Quebrada Camiña En Altusa,Calidad de Aguas,Vigentes,Región de Tarapacá,Comuna de Camiña,Costeras R.Camarones-Pampa del Tamarugal,2280,-19.29951883,-69.38925087
01610003-K,Pumire,Meteorológicas,Suspendidas,Región de Tarapacá,Comuna de Colchane,Costeras R.Camarones-Pampa del Tamarugal,4150,-19.09551753,-69.11084731
01610004-8,Q. Camiña 3 Km. A. Arriba De Tarcavire,Meteorológicas,Vigentes,Región de Tarapacá,Comuna de Colchane,Costeras R.Camarones-Pampa del Tamarugal,3848,-19.11776607,-69.24408638
01611001-9,Camiña,Meteorológicas,Vigentes,Región de Tarapacá,Comuna de Camiña,Costeras R.Camarones-Pampa del Tamarugal,2500,-19.31245615,-69.42737617
01611002-7,Apamilca (Camiña),Meteorológicas,Suspendidas,Región de Tarapacá,Comuna de Camiña,Costeras R.Camarones-Pampa del Tamarugal,2600,-19.29691252,-69.38668435
01700001-2,Vertiente Animas (Ca),Calidad de Aguas,Suspendidas,Región de Tarapacá,Comuna de Pica,Pampa del Tamarugal,1330,-20.50365353,-69.3351333
01700008-K,Esmeralda,Meteorológicas,Suspendidas,Región de Tarapacá,Comuna de Pica,Pampa del Tamarugal,1115,-20.48442876,-69.38140777
01700009-8,Coposa,Meteorológicas,Vigentes,Región de Tarapacá,Comuna de Pica,Altiplanicas,3760,-20.8246511,-68.70283535
01700010-1,Huara En Fuerte Baquedano,Meteorológicas,Vigentes,Región de Tarapacá,Comuna de Pozo Almonte,Pampa del Tamarugal,1100,-20.13438868,-69.75109215
01700013-6,Salar Zapiga,Control de Nivel,Vigentes,Región de Tarapacá,Comuna de Huara,Pampa del Tamarugal,1132,-19.80474509,-69.66842701
01700014-4,Salar Pintados,Control de Nivel,Suspendidas,Región de Tarapacá,Comuna de Pozo Almonte,Pampa del Tamarugal,1021,-20.31136989,-69.7583692
01700015-2,Salar Pintados,Control de Nivel,Vigentes,Región de Tarapacá,Comuna de Pozo Almonte,Pampa del Tamarugal,991,-20.48697015,-69.76843437
01700017-9,Salar Pintados Pica 3,Control de Nivel,Suspendidas,Región de Tarapacá,Comuna de Pica,Pampa del Tamarugal,1058,-20.5363725,-69.42224688
01700018-7,Estacion Exp.Pintados,Control de Nivel,Suspendidas,Región de Tarapacá,Comuna de Pozo Almonte,Pampa del Tamarugal,1066,-20.62586711,-69.64625944
01700019-5,Salar Pintados,Control de Nivel,Vigentes,Región de Tarapacá,Comuna de Pozo Almonte,Pampa del Tamarugal,1009,-20.61274434,-69.64948624
01700022-5,Salar Pintados Pica 1,Control de Nivel,Suspendidas,Región de Tarapacá,Comuna de Pozo Almonte,Pampa del Tamarugal,1006,-20.58637895,-69.51808064
01700023-3,Chacarilla,Control de Nivel,Vigentes,Región de Tarapacá,Comuna de Pica,Pampa del Tamarugal,1319,-20.65307928,-69.32683902
01700024-1,Salar Bellavista,Control de Nivel,Vigentes,Región de Tarapacá,Comuna de Pozo Almonte,Pampa del Tamarugal,980,-20.84023912,-69.70898974
01700026-8,Salar Bellavista,Control de Nivel,Vigentes,Región de Tarapacá,Comuna de Pozo Almonte,Pampa del Tamarugal,1006,-20.80661805,-69.55741061
01700027-6,Salar Bellavista,Control de Nivel,Suspendidas,Región de Tarapacá,Comuna de Pozo Almonte,Pampa del Tamarugal,958,-20.77309605,-69.6379394
01700028-4,Planta Sara 3A,Control de Nivel,Vigentes,Región de Tarapacá,Comuna de Pozo Almonte,Pampa del Tamarugal,1019,-20.28920629,-69.75181618
01700030-6,El Carmelo 2,Control de Nivel,Vigentes,Región de Tarapacá,Comuna de Pozo Almonte,Pampa del Tamarugal,1025,-20.29678493,-69.62107467
01700032-2,Salar Pintados(Sara Tirana),Control de Nivel,Vigentes,Región de Tarapacá,Comuna de Pozo Almonte,Pampa del Tamarugal,1045,-20.3298078,-69.70088765
01700033-0,Bosque Junoy,Control de Nivel,Suspendidas,Región de Tarapacá,Comuna de Pozo Almonte,Pampa del Tamarugal,992,-20.37803942,-69.61502701
01700034-9,Salar Pintados 2,Control de Nivel,Vigentes,Región de Tarapacá,Comuna de Pozo Almonte,Pampa del Tamarugal,1012,-20.61514373,-69.62109848
01700039-K,Antonio Mendieta,Control de Nivel,Vigentes,Región de Tarapacá,Comuna de Pozo Almonte,Pampa del Tamarugal,1073,-20.33698953,-69.50180185
01700042-K,Salar Bellavista,Control de Nivel,Vigentes,Región de Tarapacá,Comuna de Pozo Almonte,Rio Loa,946,-21.30588177,-69.5201479
01700043-8,Salar Bellavista,Control de Nivel,Vigentes,Región de Tarapacá,Comuna de Pozo Almonte,Pampa del Tamarugal,1008,-20.72558442,-69.58805811
01700044-6,Salar Sur Viejo,Control de Nivel,Vigentes,Región de Tarapacá,Comuna de Pozo Almonte,Pampa del Tamarugal,925,-20.93442343,-69.57414518
01700045-4,Punta Dolores 4,Control de Nivel,Vigentes,Región de Tarapacá,Comuna de Huara,Pampa del Tamarugal,1158,-19.67466362,-69.93760765
01700048-9,Salar Pintados,Control de Nivel,Vigentes,Región de Tarapacá,Comuna de Pozo Almonte,Pampa del Tamarugal,1019,-20.31198586,-69.81431774
01700050-0,Concova,Control de Nivel,Vigentes,Región de Tarapacá,Comuna de Pica,Pampa del Tamarugal,1522,-20.48210979,-69.30673131
01700051-9,La Calera 3,Control de Nivel,Vigentes,Región de Tarapacá,Comuna de Pica,Pampa del Tamarugal,1141,-20.38476613,-69.42960453
01700052-7,La Calera 2,Control de Nivel,Vigentes,Región de Tarapacá,Comuna de Pica,Pampa del Tamarugal,1092,-20.39438053,-69.44757172
01700053-5,Esmeralda 6,Control de Nivel,Vigentes,Región de Tarapacá,Comuna de Pozo Almonte,Pampa del Tamarugal,1038,-20.41406704,-69.48257486
01700054-3,Esmeralda 11,Control de Nivel,Vigentes,Región de Tarapacá,Comuna de Pica,Pampa del Tamarugal,1131,-20.47638979,-69.38816716
01700055-1,Esmeralda 14,Control de Nivel,Suspendidas,Región de Tarapacá,Comuna de Pica,Pampa del Tamarugal,1113,-20.46810249,-69.40457097
01700056-K,Esmeralda 15,Control de Nivel,Suspendidas,Región de Tarapacá,Comuna de Pica,Pampa del Tamarugal,1116,-20.46698976,-69.40512417
01700057-8,Esmeralda 28,Control de Nivel,Vigentes,Región de Tarapacá,Comuna de Pica,Pampa del Tamarugal,1147,-20.47874323,-69.38225672
01700058-6,Esmeralda 31,Control de Nivel,Vigentes,Región de Tarapacá,Comuna de Pica,Pampa del Tamarugal,1112,-20.46143181,-69.4206802
01700059-4,Esmeralda 34,Control de Nivel,Vigentes,Región de Tarapacá,Comuna de Pica,Pampa del Tamarugal,1156,-20.48702081,-69.37786609
01700061-6,La Tirana 104 - A,Control de Nivel,Suspendidas,Región de Tarapacá,Comuna de Pozo Almonte,Pampa del Tamarugal,1007,-20.37030674,-69.65181007
01700063-2,Planta Ap. Hispania,Control de Nivel,Vigentes,Región de Tarapacá,Comuna de Pozo Almonte,Pampa del Tamarugal,1024,-20.44469192,-69.6439171
01700064-0,Essat Canchones,Control de Nivel,Suspendidas,Región de Tarapacá,Comuna de Pica,Pampa del Tamarugal,994,-20.47449113,-69.42346771
01700065-9,San Genaro,Control de Nivel,Suspendidas,Región de Tarapacá,Comuna de Pozo Almonte,Pampa del Tamarugal,0,-20.44694459,-69.53361216
01700067-5,Salar Pintados,Control de Nivel,Suspendidas,Región de Tarapacá,Comuna de Pozo Almonte,Pampa del Tamarugal,987,-20.40859397,-69.72226155
01700068-3,Puquio Nunez,Control de Nivel,Vigentes,Región de Tarapacá,Comuna de Pica,Pampa del Tamarugal,1224,-20.60472307,-69.35236887
01700069-1,Salar Pintados,Control de Nivel,Vigentes,Región de Tarapacá,Comuna de Pozo Almonte,Pampa del Tamarugal,1009,-20.56110215,-69.64558368
01700070-5,Bosque Junoy,Control de Nivel,Suspendidas,Región de Tarapacá,Comuna de Pozo Almonte,Pampa del Tamarugal,1010,-20.50420988,-69.62680716
01700072-1,Salar Pintados,Control de Nivel,Vigentes,Región de Tarapacá,Comuna de Pozo Almonte,Pampa del Tamarugal,985,-20.5453246,-69.73654245
01700073-K,Salar Bellavista,Control de Nivel,Suspendidas,Región de Tarapacá,Comuna de Pozo Almonte,Pampa del Tamarugal,0,-20.69809391,-69.63014494
01700074-8,Salar Bellavista,Control de Nivel,Suspendidas,Región de Tarapacá,Comuna de Pozo Almonte,Pampa del Tamarugal,968,-20.7343976,-69.61799152
01700075-6,Salar Bellavista,Control de Nivel,Suspendidas,Región de Tarapacá,Comuna de Pozo Almonte,Pampa del Tamarugal,0,-20.80860513,-69.65003303
01700076-4,Salar Bellavista,Control de Nivel,Vigentes,Región de Tarapacá,Comuna de Pozo Almonte,Pampa del Tamarugal,1007,-20.76660484,-69.56685128
01700077-2,Salar Bellavista,Control de Nivel,Suspendidas,Región de Tarapacá,Comuna de Pozo Almonte,Pampa del Tamarugal,947,-20.81615231,-69.69765288
01700079-9,Felix Quispe,Control de Nivel,Suspendidas,Región de Tarapacá,Comuna de Pozo Almonte,Pampa del Tamarugal,0,-20.4530431,-69.5680894
01700080-2,Luis Quispe,Control de Nivel,Vigentes,Región de Tarapacá,Comuna de Pozo Almonte,Pampa del Tamarugal,1017,-20.47727278,-69.569473
01700081-0,Vasconia,Control de Nivel,Suspendidas,Región de Tarapacá,Comuna de Pozo Almonte,Pampa del Tamarugal,0,-20.43498063,-69.52780966
01700082-9,Moscoso,Control de Nivel,Suspendidas,Región de Tarapacá,Comuna de Pozo Almonte,Pampa del Tamarugal,0,-20.33359705,-69.50002822
01700083-7,Granja Maria Jose,Control de Nivel,Vigentes,Región de Tarapacá,Comuna de Pica,Pampa del Tamarugal,1274,-20.50430517,-69.34836966
01700084-5,Enrique Aguayo,Control de Nivel,Vigentes,Región de Tarapacá,Comuna de Pica,Pampa del Tamarugal,1276,-20.50608895,-69.34653229
01700085-3,Antonio Napoli Di Capua,Control de Nivel,Vigentes,Región de Tarapacá,Comuna de Pica,Pampa del Tamarugal,975,-20.50360369,-69.34215344
01700086-1,Remolino,Control de Nivel,Vigentes,Región de Tarapacá,Comuna de Huara,Pampa del Tamarugal,1183,-19.71246441,-69.84997791
01700087-K,Remolino,Control de Nivel,Vigentes,Región de Tarapacá,Comuna de Huara,Pampa del Tamarugal,1179,-19.68334142,-69.86683395
01700088-8,Esmeralda 6,Control de Nivel,Suspendidas,Región de Tarapacá,Comuna de Pozo Almonte,Pampa del Tamarugal,0,-20.41609125,-69.48252366
01700089-6,Pintado Pica 3,Control de Nivel,Vigentes,Región de Tarapacá,Comuna de Pica,Pampa del Tamarugal,1062,-20.55504,-69.44068911
01700090-K,Salar De Pintados,Control de Nivel,Suspendidas,Región de Tarapacá,Comuna de Pozo Almonte,Pampa del Tamarugal,0,-20.56248199,-69.64142575
01700091-8,Pozo Enpachica,Control de Nivel,Vigentes,Región de Tarapacá,Comuna de Huara,Pampa del Tamarugal,1622,-19.86940729,-69.43209609
01700092-6,Pozo Jica D,Control de Nivel,Vigentes,Región de Tarapacá,Comuna de Pozo Almonte,Pampa del Tamarugal,1093,-20.1651389,-69.68671415
01700093-4,Pozo Jica E,Control de Nivel,Vigentes,Región de Tarapacá,Comuna de Pozo Almonte,Pampa del Tamarugal,1043,-20.33160064,-69.68857658
01700094-2,Pozo Jica F,Control de Nivel,Vigentes,Región de Tarapacá,Comuna de Pozo Almonte,Pampa del Tamarugal,1052,-20.72041872,-69.50467658
01700095-0,Pozo Jica G,Control de Nivel,Vigentes,Región de Tarapacá,Comuna de Pica,Altiplanicas,3856,-20.11946312,-68.84219266
01700096-9,Pozo Quebrada De Chacarilla,Calidad de Aguas,Vigentes,Región de Tarapacá,Comuna de Pica,Pampa del Tamarugal,0,-20.64616083,-69.33930347
01700097-7,Guillermo Araya,Control de Nivel,Vigentes,Región de Tarapacá,Comuna de Pozo Almonte,Pampa del Tamarugal,0,-20.37029076,-69.65607394
01700098-5,Salar Sur Viejo,Control de Nivel,Vigentes,Región de Tarapacá,Comuna de Pozo Almonte,Pampa del Tamarugal,922,-20.91667938,-69.60001266
01700099-3,Jica - 3,Control de Nivel,Vigentes,Región de Tarapacá,Comuna de Huara,Pampa del Tamarugal,1182,-19.75231936,-69.82172819
01700100-0,Jica - 4,Control de Nivel,Vigentes,Región de Tarapacá,Comuna de Huara,Pampa del Tamarugal,1206,-19.86019517,-69.74734788
01700101-9,Jica - 5,Control de Nivel,Vigentes,Región de Tarapacá,Comuna de Pozo Almonte,Pampa del Tamarugal,1066,-20.2559107,-69.69451374
01700102-7,Jica - 6,Control de Nivel,Vigentes,Región de Tarapacá,Comuna de Pozo Almonte,Pampa del Tamarugal,1030,-20.44454257,-69.52117958
01700103-5,Jica - 7,Control de Nivel,Vigentes,Región de Tarapacá,Comuna de Pozo Almonte,Pampa del Tamarugal,1016,-20.51187907,-69.66619847
01700104-3,Jica - 8,Control de Nivel,Vigentes,Región de Tarapacá,Comuna de Pozo Almonte,Pampa del Tamarugal,1052,-20.59406494,-69.51923892
01700105-1,Jica - 9,Control de Nivel,Vigentes,Región de Tarapacá,Comuna de Pozo Almonte,Pampa del Tamarugal,1004,-20.75355807,-69.59082704
01700106-K,Jica - C,Control de Nivel,Vigentes,Región de Tarapacá,Comuna de Huara,Pampa del Tamarugal,1147,-19.98490509,-69.70273327
01700107-8,Dmc La Huayca Pozo Almonte,Meteorológicas,Suspendidas,Región de Tarapacá,Comuna de Pozo Almonte,Pampa del Tamarugal,991,-20.42167436,-69.62750748
01700108-6,Sondaje Q. Tarapaca,Control de Nivel,Vigentes,Región de Tarapacá,Comuna de Huara,Pampa del Tamarugal,1130,-20.04972452,-69.61972435
01700109-4,Monitoreo Q. Tarapaca,Control de Nivel,Vigentes,Región de Tarapacá,Comuna de Huara,Pampa del Tamarugal,1121,-20.05194748,-69.64000547
01700110-8,Ariquilda 1,Calidad de Aguas,Vigentes,Región de Tarapacá,Comuna de Huara,Pampa del Tamarugal,0,-19.85722474,-69.78667251
01700111-6,Canchones 7,Calidad de Aguas,Vigentes,Región de Tarapacá,Comuna de Pozo Almonte,Pampa del Tamarugal,0,-20.40528537,-69.5258395
01700112-4,Carlos Ossa,Calidad de Aguas,Vigentes,Región de Tarapacá,Comuna de Pica,Pampa del Tamarugal,0,-20.50472256,-69.34750745
01700113-2,Cpc-3,Calidad de Aguas,Vigentes,Región de Tarapacá,Comuna de Pozo Almonte,Pampa del Tamarugal,0,-20.74888906,-69.51417496
01700114-0,Cpc-4,Calidad de Aguas,Vigentes,Región de Tarapacá,Comuna de Pozo Almonte,Pampa del Tamarugal,0,-20.74333374,-69.50139066
01700115-9,Cuminalla 494,Calidad de Aguas,Vigentes,Región de Tarapacá,Comuna de Pozo Almonte,Pampa del Tamarugal,0,-20.46111287,-69.54528133
01700116-7,Ejercito De Chile,Calidad de Aguas,Vigentes,Región de Tarapacá,Comuna de Pozo Almonte,Pampa del Tamarugal,0,-20.19111179,-69.61500799
01700117-5,El Carmelo N°8,Calidad de Aguas,Vigentes,Región de Tarapacá,Comuna de Pozo Almonte,Pampa del Tamarugal,0,-20.28611336,-69.57889435
01700118-3,Hernan Leon,Calidad de Aguas,Vigentes,Región de Tarapacá,Comuna de Pica,Pampa del Tamarugal,0,-20.47611724,-69.30250032
01700119-1,Miguel Santana,Calidad de Aguas,Vigentes,Región de Tarapacá,Comuna de Pica,Pampa del Tamarugal,0,-20.48250576,-69.30250326
01700120-5,Nicolas Baccelliere,Calidad de Aguas,Vigentes,Región de Tarapacá,Comuna de Pica,Pampa del Tamarugal,0,-20.49611581,-69.35417229
01700121-3,Noria 1,Calidad de Aguas,Vigentes,Región de Tarapacá,Comuna de Pozo Almonte,Pampa del Tamarugal,0,-20.96445327,-69.6738961
01700122-1,Noria 3,Calidad de Aguas,Vigentes,Región de Tarapacá,Comuna de Pozo Almonte,Pampa del Tamarugal,0,-20.97972938,-69.67222332
01700123-K,Pm-2,Calidad de Aguas,Vigentes,Región de Tarapacá,Comuna de Pozo Almonte,Pampa del Tamarugal,0,-20.07277997,-69.07639845
01700124-8,Pozo 95,Calidad de Aguas,Vigentes,Región de Tarapacá,Comuna de Pozo Almonte,Pampa del Tamarugal,0,-20.2675031,-69.77445312
01700125-6,Pozo Cerro N°5,Calidad de Aguas,Vigentes,Región de Tarapacá,Comuna de Pozo Almonte,Pampa del Tamarugal,0,-20.8016728,-69.52389542
01700126-4,Pozo De Mario Araya,Calidad de Aguas,Vigentes,Región de Tarapacá,Comuna de Pica,Pampa del Tamarugal,0,-20.50278158,-69.35555904
01700127-2,Pozo Surgente N°304,Calidad de Aguas,Vigentes,Región de Tarapacá,Comuna de Pica,Pampa del Tamarugal,0,-20.51250228,-69.31945199
01700128-0,S-17A,Calidad de Aguas,Vigentes,Región de Tarapacá,Comuna de Pozo Almonte,Pampa del Tamarugal,0,-20.68667388,-69.65889302
01700129-9,Sondaje Tirana N°2,Calidad de Aguas,Vigentes,Región de Tarapacá,Comuna de Pozo Almonte,Pampa del Tamarugal,0,-20.35805857,-69.64083615
01720002-K,Rio Aroma Despues De Junta Con Macurquin,Calidad de Aguas,Suspendidas,Región de Tarapacá,Comuna de Huara,Pampa del Tamarugal,3500,-19.41690925,-69.13334277
01720003-8,Rio Aroma En Ariquilda (Ca),Calidad de Aguas,Suspendidas,Región de Tarapacá,Comuna de Huara,Pampa del Tamarugal,0,-19.64780913,-69.57403249
01720004-6,Puchultiza,Meteorológicas,Suspendidas,Región de Tarapacá,Comuna de Colchane,Pampa del Tamarugal,4300,-19.41385825,-68.9422214
01720005-4,Pozo Quebrada De Aroma,Calidad de Aguas,Vigentes,Región de Tarapacá,Comuna de Huara,Pampa del Tamarugal,1245,-19.80292706,-69.67608599
01720006-2,Chiapa,Meteorológicas,Vigentes,Región de Tarapacá,Comuna de Huara,Pampa del Tamarugal,3155,-19.53702772,-69.20510386
01730001-6,Rio Coscaya En Pampa Lirima,Calidad de Aguas,Suspendidas,Región de Tarapacá,Comuna de Pica,Pampa del Tamarugal,3540,-19.88003912,-68.96093013
01730002-4,Rio Tarapaca En Mina San Juan,Calidad de Aguas,Suspendidas,Región de Tarapacá,Comuna de Huara,Pampa del Tamarugal,0,-19.82997457,-69.28696276
01730003-2,Rio Coscaya En Saitoco,Meteorológicas,Vigentes,Región de Tarapacá,Comuna de Pica,Pampa del Tamarugal,0,-19.8674602,-68.93193401
01730007-5,Q. Tarapaca En Sibaya,Fluviométricas,Vigentes,Región de Tarapacá,Comuna de Huara,Pampa del Tamarugal,2830,-19.78310196,-69.14313421
01730012-1,Q. Tarapaca En Laonsana,Sedimentometricas,Suspendidas,Región de Tarapacá,Comuna de Huara,Pampa del Tamarugal,1847,-19.85584981,-69.34633035
01730015-6,Pampa Lirima Dcp,Meteorológicas,Suspendidas,Región de Tarapacá,Comuna de Pica,Pampa del Tamarugal,5100,-19.76552614,-68.85805559
01730016-4,Pampa Lirima,Meteorológicas,Suspendidas,Región de Tarapacá,Comuna de Pica,Pampa del Tamarugal,4076,-19.84747854,-68.85443963
01730017-2,Poroma,Meteorológicas,Vigentes,Región de Tarapacá,Comuna de Huara,Pampa del Tamarugal,2880,-19.87158207,-69.18228114
01730018-0,Lagunillas (Pampa Lirima),Meteorológicas,Vigentes,Región de Tarapacá,Comuna de Pica,Altiplanicas,4020,-19.92445301,-68.82357298
01730019-9,Mocha,Meteorológicas,Vigentes,Región de Tarapacá,Comuna de Huara,Pampa del Tamarugal,2150,-19.8145257,-69.27871375
01730020-2,Chuzmiza,Meteorológicas,Vigentes,Región de Tarapacá,Comuna de Huara,Pampa del Tamarugal,3400,-19.6855915,-69.18482707
01730021-0,Quebrada De Tarapaca En Tarapaca,Meteorológicas,Vigentes,Región de Tarapacá,Comuna de Huara,Pampa del Tamarugal,1453,-19.92528274,-69.50972924
01730022-9,Punto Control Fluviometrico Angostura,Fluviométricas,Vigentes,Región de Tarapacá,Comuna de Huara,Pampa del Tamarugal,2517,-19.86389655,-69.37555607
01730023-7,Punto Control Fluviometrico Poroma,Meteorológicas,Vigentes,Región de Tarapacá,Comuna de Huara,Pampa del Tamarugal,2979,-19.86750528,-69.1744536
01730024-5,Volcan Quimsachata,Glaciológicas,Vigentes,Región de Tarapacá,Comuna de Pica,Altiplanicas,5076,-19.75194515,-68.78667211
01740001-0,Parca,Meteorológicas,Vigentes,Región de Tarapacá,Comuna de Pozo Almonte,Pampa del Tamarugal,2650,-20.01120461,-69.20234614
01740002-9,Cerro Colorado,Meteorológicas,Vigentes,Región de Tarapacá,Comuna de Pozo Almonte,Pampa del Tamarugal,2510,-20.06866789,-69.27612826
01750002-3,Sagasca,Meteorológicas,Suspendidas,Región de Tarapacá,Comuna de Pozo Almonte,Pampa del Tamarugal,1822,-20.20358838,-69.33974166
01750003-1,Mamiña,Meteorológicas,Vigentes,Región de Tarapacá,Comuna de Pozo Almonte,Pampa del Tamarugal,2730,-20.07083751,-69.21726583
01770001-4,Copaquire,Meteorológicas,Suspendidas,Región de Tarapacá,Comuna de Pica,Rio Loa,3540,-20.93054808,-68.89222602
01770002-2,Quebrada Caya,Meteorológicas,Vigentes,Región de Tarapacá,Comuna de Pica,Pampa del Tamarugal,3890,-20.753341,-68.93416819
01820001-5,Iquique,Meteorológicas,Vigentes,Región de Tarapacá,Comuna de Iquique,Costeras Tilviche-Loa,50,-20.23766397,-70.13669757
02000001-5,Ollague,Meteorológicas,Vigentes,Región de Antofagasta,Comuna de Ollagüe,Fronterizas Salar Michincha-R.Loa,3700,-21.22395177,-68.25559262
02000002-3,Volcan Aucanquincha,Glaciológicas,Vigentes,Región de Antofagasta,Comuna de Ollagüe,Fronterizas Salar Michincha-R.Loa,5087,-21.19056253,-68.45278066
02020001-4,Cebollar,Meteorológicas,Suspendidas,Región de Antofagasta,Comuna de Ollagüe,Fronterizas Salar Michincha-R.Loa,3730,-21.53139023,-68.33858457
02020002-2,Ascotan,Meteorológicas,Vigentes,Región de Antofagasta,Comuna de Ollagüe,Fronterizas Salar Michincha-R.Loa,3970,-21.72519764,-68.2756178
02101001-4,Rio Loa Antes Represa Lequena,Sedimentometricas,Vigentes,Región de Antofagasta,Comuna de Calama,Rio Loa,3315,-21.65588415,-68.66209025
02101002-2,Rio Loa En Represa Lequena,Fluviométricas,Vigentes,Región de Antofagasta,Comuna de Calama,Rio Loa,3250,-21.65588415,-68.66209025
02101003-0,Lequena,Meteorológicas,Vigentes,Región de Antofagasta,Comuna de Calama,Rio Loa,3320,-21.65867655,-68.66240269
02101004-9,Captacion De Aguas Antofagasta En Lequena,Fluviométricas,Vigentes,Región de Antofagasta,Comuna de Calama,Rio Loa,3474,-21.55139172,-68.65138089
02102001-K,Rio Loa En Quebrada Quinchamale,Calidad de Aguas,Suspendidas,Región de Antofagasta,Comuna de Calama,Rio Loa,3027,-21.91972836,-68.60331889
02102002-8,Rio Loa Despues Termas De Taira (Ca),Calidad de Aguas,Suspendidas,Región de Antofagasta,Comuna de Calama,Rio Loa,3110,-21.8336155,-68.61665889
02102003-6,Termas De Taira (Ca),Calidad de Aguas,Suspendidas,Región de Antofagasta,Comuna de Calama,Rio Loa,3150,-21.833616,-68.58332318
02102004-4,Rio Loa Antes Rio San Pedro (Ca),Calidad de Aguas,Suspendidas,Región de Antofagasta,Comuna de Calama,Rio Loa,3000,-21.90449686,-68.59986611
02102005-2,Quinchamale,Meteorológicas,Vigentes,Región de Antofagasta,Comuna de Calama,Rio Loa,3080,-21.90902871,-68.59843993
02102006-0,Rio Loa En Catuncalla,Fluviométricas,Suspendidas,Región de Antofagasta,Comuna de Calama,Rio Loa,3225,-21.80084166,-68.61054489
02102007-9,Captacion De Aguas Antofagasta En Quinchamale,Fluviométricas,Vigentes,Región de Antofagasta,Comuna de Calama,Rio Loa,3065,-21.91973023,-68.59665743
02103001-5,"Rio San Pedro En Parshall N""1",Fluviométricas,Vigentes,Región de Antofagasta,Comuna de Calama,Rio Loa,3700,-21.96979213,-68.36803235
02103002-3,"Rio San Pedro En Parshall N""2 (Bt. Chilex)",Fluviométricas,Suspendidas,Región de Antofagasta,Comuna de Calama,Rio Loa,3318,-21.94583326,-68.51407549
02103003-1,Rio San Pedro En Camino Internacional,Calidad de Aguas,Suspendidas,Región de Antofagasta,Comuna de Calama,Rio Loa,3320,-21.93722423,-68.53303591
02103006-6,Rio San Pedro Antes Rio Loa (Ca),Calidad de Aguas,Suspendidas,Región de Antofagasta,Comuna de Calama,Rio Loa,3000,-21.95028395,-68.5999899
02103007-4,San Pedro De Conchi,Meteorológicas,Suspendidas,Región de Antofagasta,Comuna de Calama,Rio Loa,3217,-21.93361989,-68.53636902
02103008-2,Parshall N 2,Meteorológicas,Vigentes,Región de Antofagasta,Comuna de Calama,Rio Loa,3318,-21.94547939,-68.51970311
02103009-0,Ojos San Pedro,Meteorológicas,Vigentes,Región de Antofagasta,Comuna de Calama,Rio Loa,3800,-21.98787314,-68.3391344
02103010-4,Inacaliri,Meteorológicas,Vigentes,Región de Antofagasta,Comuna de Calama,Rio Loa,4040,-22.02728832,-68.06612501
02103011-2,Quinchamale,Meteorológicas,Suspendidas,Región de Antofagasta,Comuna de Calama,Rio Loa,3250,-21.90556354,-68.61915817
02103012-0,Silala,Meteorológicas,Vigentes,Región de Antofagasta,Comuna de Calama,Rio Loa,4305,-22.01716416,-68.03231186
02103013-9,Rio Siloli Antes Represa Inacaliri,Fluviométricas,Vigentes,Región de Antofagasta,Comuna de Calama,Rio Loa,4000,-22.02706395,-68.06479911
02103014-7,Rio Siloli Antes B.T. Fcab,Fluviométricas,Vigentes,Región de Antofagasta,Comuna de Calama,Rio Loa,4000,-22.01374743,-68.02891523
02103015-5,Captacion De Fcab En Siloli,Fluviométricas,Vigentes,Región de Antofagasta,Comuna de Calama,Rio Loa,4245,-22.02389657,-68.03885438
02103016-3,Captacion De Codelco En Colana,Fluviométricas,Vigentes,Región de Antofagasta,Comuna de Calama,Rio Loa,4070,-21.94056461,-68.17052416
02103017-1,Captacion De Codelco En Inacaliri,Fluviométricas,Vigentes,Región de Antofagasta,Comuna de Calama,Rio Loa,4004,-22.03223194,-68.0696873
02103018-K,Rio San Pedro En Parshall 2 (Codelco),Fluviométricas,Vigentes,Región de Antofagasta,Comuna de Calama,Rio Loa,3312,-21.9495075,-68.51620324
02104002-9,Rio Loa En Salida Embalse Conchi,Meteorológicas,Vigentes,Región de Antofagasta,Comuna de Calama,Rio Loa,2950,-22.02789476,-68.62115747
02104003-7,"Rio Loa En Alcantarilla Conchi N""2",Calidad de Aguas,Suspendidas,Región de Antofagasta,Comuna de Calama,Rio Loa,2932,-21.97924365,-68.60927556
02104004-5,"Rio Loa En Alcantarilla Conchi N""1",Calidad de Aguas,Suspendidas,Región de Antofagasta,Comuna de Calama,Rio Loa,2975,-21.97737203,-68.60865107
02104005-3,Rio Loa Antes Junta Rio Salado,Calidad de Aguas,Vigentes,Región de Antofagasta,Comuna de Calama,Rio Loa,2505,-22.36423485,-68.65178204
02104006-1,Rio Loa Despues Rio San Pedro (Ca),Calidad de Aguas,Vigentes,Región de Antofagasta,Comuna de Calama,Rio Loa,2995,-21.9536762,-68.60177207
02104007-K,Conchi Viejo,Meteorológicas,Vigentes,Región de Antofagasta,Comuna de Calama,Rio Loa,3491,-21.95383977,-68.72585215
02104008-8,Conchi Embalse,Meteorológicas,Vigentes,Región de Antofagasta,Comuna de Calama,Rio Loa,3010,-22.0269799,-68.62404742
02104009-6,Conchi Muro Embalse,Meteorológicas,Suspendidas,Región de Antofagasta,Comuna de Calama,Rio Loa,3000,-22.0269544,-68.62082083
02104010-K,Chiu-Chiu,Meteorológicas,Vigentes,Región de Antofagasta,Comuna de Calama,Rio Loa,2524,-22.345445,-68.64806066
02104011-8,Embalse Conchi (Lm),Lagos y Embalses,Vigentes,Región de Antofagasta,Comuna de Calama,Rio Loa,3003,-22.02279212,-68.61804137
02104012-6,Pozo Chiu-Chiu,Calidad de Aguas,Vigentes,Región de Antofagasta,Comuna de Calama,Rio Loa,2538,-22.33951309,-68.59900535
02104013-4,Rio Loa En Vado Santa Barbara (Doh),Calidad de Aguas,Suspendidas,Región de Antofagasta,Comuna de Calama,Rio Loa,2950,-21.97543369,-68.61036114
02104014-2,Canal Grande,Fluviométricas,Suspendidas,Región de Antofagasta,Comuna de Calama,Rio Loa,0,-22.28667832,-68.63582122
02104015-0,Canal Los Perales,Fluviométricas,Suspendidas,Región de Antofagasta,Comuna de Calama,Rio Loa,0,-22.26057341,-68.62554256
02104016-9,Canal Pona,Fluviométricas,Suspendidas,Región de Antofagasta,Comuna de Calama,Rio Loa,0,-22.26084443,-68.62554184
02104017-7,Canal La Banda,Fluviométricas,Suspendidas,Región de Antofagasta,Comuna de Calama,Rio Loa,0,-22.28640793,-68.63610344
02104018-5,Canal Pueblo,Fluviométricas,Suspendidas,Región de Antofagasta,Comuna de Calama,Rio Loa,0,-22.32474127,-68.64915158
02104019-3,Canal San Antonio,Fluviométricas,Suspendidas,Región de Antofagasta,Comuna de Calama,Rio Loa,0,-22.23362875,-68.61193184
02104020-7,Canal Buen Retiro,Fluviométricas,Suspendidas,Región de Antofagasta,Comuna de Calama,Rio Loa,0,-22.24696284,-68.61943567
02104021-5,Canal Quilchire,Fluviométricas,Suspendidas,Región de Antofagasta,Comuna de Calama,Rio Loa,0,-22.24696284,-68.61943567
02104022-3,Canal Los Ramirez,Fluviométricas,Suspendidas,Región de Antofagasta,Comuna de Calama,Rio Loa,0,-22.2472332,-68.6191535
02105001-6,Rio Salado A. J. Curti,Meteorológicas,Vigentes,Región de Antofagasta,Comuna de Calama,Rio Loa,3080,-22.27908758,-68.24278639
02105002-4,Rio Salado En Sifon Ayquina,Calidad de Aguas,Vigentes,Región de Antofagasta,Comuna de Calama,Rio Loa,2980,-22.28928793,-68.34483229
02105003-2,Rio Salado Antes Represa Chilex,Calidad de Aguas,Suspendidas,Región de Antofagasta,Comuna de Calama,Rio Loa,3340,-22.2905652,-68.18413185
02105005-9,Rio Salado A. J. Loa,Fluviométricas,Suspendidas,Región de Antofagasta,Comuna de Calama,Rio Loa,2500,-22.35586912,-68.62343336
02105007-5,Rio Toconce Antes Represa Sendos,Fluviométricas,Vigentes,Región de Antofagasta,Comuna de Calama,Rio Loa,3386,-22.2765828,-68.14579599
02105009-1,Rio Toconce Antes Rio Salado (Ca),Calidad de Aguas,Suspendidas,Región de Antofagasta,Comuna de Calama,Rio Loa,3150,-22.26695788,-68.19997235
02105010-5,Rio Salado Antes Rio Toconce (Ca),Calidad de Aguas,Suspendidas,Región de Antofagasta,Comuna de Calama,Rio Loa,3150,-22.26695788,-68.19997235
02105011-3,Rio Salado Antes Rio Caspana (Ca),Calidad de Aguas,Suspendidas,Región de Antofagasta,Comuna de Calama,Rio Loa,3030,-22.26696157,-68.24997558
02105012-1,Rio Caspana Antes Rio Salado  (Ca),Calidad de Aguas,Suspendidas,Región de Antofagasta,Comuna de Calama,Rio Loa,3030,-22.26696157,-68.24997558
02105013-K,Laguna Chiu-Chiu (Ca),Calidad de Aguas,Suspendidas,Región de Antofagasta,Comuna de Calama,Rio Loa,2550,-22.3336285,-68.58332003
02105014-8,Cupo,Meteorológicas,Vigentes,Región de Antofagasta,Comuna de Calama,Rio Loa,3370,-22.1147997,-68.3166428
02105015-6,Turi,Meteorológicas,Suspendidas,Región de Antofagasta,Comuna de Calama,Rio Loa,3070,-22.24112453,-68.28802628
02105016-4,Linzor,Meteorológicas,Vigentes,Región de Antofagasta,Comuna de Calama,Rio Loa,4100,-22.22980136,-68.02284462
02105017-2,Toconce,Meteorológicas,Vigentes,Región de Antofagasta,Comuna de Calama,Rio Loa,3310,-22.26468387,-68.16632705
02105018-0,Ayquina,Meteorológicas,Vigentes,Región de Antofagasta,Comuna de Calama,Rio Loa,3031,-22.27590486,-68.32402591
02105019-9,Sifon Ayquina,Meteorológicas,Suspendidas,Región de Antofagasta,Comuna de Calama,Rio Loa,3000,-22.28362523,-68.34970244
02105020-2,Salado Embalse,Meteorológicas,Vigentes,Región de Antofagasta,Comuna de Calama,Rio Loa,3200,-22.28516848,-68.20340206
02105021-0,Caspana,Meteorológicas,Suspendidas,Región de Antofagasta,Comuna de Calama,Rio Loa,3260,-22.33695592,-68.21219716
02105022-9,El Tatio,Meteorológicas,Vigentes,Región de Antofagasta,Comuna de Calama,Rio Loa,4370,-22.35100647,-68.01625273
02105023-7,Chiu-Chiu,Control de Nivel,Suspendidas,Región de Antofagasta,Comuna de Calama,Rio Loa,2568,-22.33947664,-68.59887921
02105024-5,Cupo 1,Control de Nivel,Vigentes,Región de Antofagasta,Comuna de Calama,Rio Loa,2931,-22.28705384,-68.38096317
02105025-3,Turi 1,Control de Nivel,Vigentes,Región de Antofagasta,Comuna de Calama,Rio Loa,3014,-22.26148412,-68.34765987
02105027-K,Turi 5 I,Control de Nivel,Suspendidas,Región de Antofagasta,Comuna de Calama,Rio Loa,0,-22.21223439,-68.2880266
02105028-8,Turi 7,Control de Nivel,Vigentes,Región de Antofagasta,Comuna de Calama,Rio Loa,3046,-22.24377695,-68.27294242
02105030-K,Turi 2,Control de Nivel,Vigentes,Región de Antofagasta,Comuna de Calama,Rio Loa,2982,-22.26149319,-68.34766954
02105031-8,Amincha,Meteorológicas,Suspendidas,Región de Antofagasta,Comuna de Ollagüe,Fronterizas Salar Michincha-R.Loa,3860,-21.2008278,-68.33942166
02105032-6,Turi -10,Control de Nivel,Suspendidas,Región de Antofagasta,Comuna de Calama,Rio Loa,3041,-22.23236085,-68.32598151
02105033-4,Captacion De Aguas Antofagasta En Toconce,Fluviométricas,Vigentes,Región de Antofagasta,Comuna de Calama,Rio Loa,3304,-22.26001832,-68.17079958
02105034-2,Captaciones Codelco En Salado-Hojalar,Fluviométricas,Vigentes,Región de Antofagasta,Comuna de Calama,Rio Loa,3086,-22.27834751,-68.23330721
02105035-0,Captacion De Codelco En Linzor (Toconce),Fluviométricas,Vigentes,Región de Antofagasta,Comuna de Calama,Rio Loa,4088,-22.22862591,-68.02718012
02105036-9,Mirador Silala,Meteorológicas,Vigentes,Región de Antofagasta,Comuna de Calama,Rio Loa,4900,-22.0547363,-67.98774112
02105037-7,Hito Silala,Meteorológicas,Vigentes,Región de Antofagasta,Comuna de Calama,Rio Loa,4242,-22.0316729,-68.03857904
02110001-3,Rio Loa En Escorial,Sedimentometricas,Vigentes,Región de Antofagasta,Comuna de Calama,Rio Loa,2450,-22.44537339,-68.89054912
02110002-1,Rio Loa En Yalquincha,Calidad de Aguas,Vigentes,Región de Antofagasta,Comuna de Calama,Rio Loa,2300,-22.45061415,-68.87929046
02110003-K,Rio Loa En Chintoraste,Calidad de Aguas,Suspendidas,Región de Antofagasta,Comuna de Calama,Rio Loa,2200,-22.50626244,-68.97924171
02110004-8,Rio Loa En Finca,Fluviométricas,Vigentes,Región de Antofagasta,Comuna de Calama,Rio Loa,2100,-22.5094977,-68.99100615
02110006-4,Rio Loa En Terraza Municipalidad Calama,Calidad de Aguas,Suspendidas,Región de Antofagasta,Comuna de Calama,Rio Loa,2240,-22.46696231,-68.91666952
02110007-2,Rio Loa Antes Junta San Salvador,Fluviométricas,Suspendidas,Región de Antofagasta,Comuna de María Elena,Rio Loa,1238,-22.3968113,-69.52830863
02110008-0,Rio Loa Despues Junta Rio Salado (Ca),Calidad de Aguas,Suspendidas,Región de Antofagasta,Comuna de Calama,Rio Loa,2500,-22.37700629,-68.65900643
02110009-9,Canal Yalquincha O.D. N* 1,Fluviométricas,Suspendidas,Región de Antofagasta,Comuna de Calama,Rio Loa,2300,-22.45029146,-68.84999789
02110010-2,Canal Yalquincha O.I. N* 2,Fluviométricas,Suspendidas,Región de Antofagasta,Comuna de Calama,Rio Loa,2300,-22.45417867,-68.83416115
02110011-0,Rio Loa En Angostura (Ca),Calidad de Aguas,Suspendidas,Región de Antofagasta,Comuna de Calama,Rio Loa,2450,-22.44922367,-68.72510244
02110012-9,Agua Potable Calama (Ca),Calidad de Aguas,Vigentes,Región de Antofagasta,Comuna de Calama,Rio Loa,0,-22.45867894,-68.93874752
02110013-7,Calama,Meteorológicas,Vigentes,Región de Antofagasta,Comuna de Calama,Rio Loa,2300,-22.45271897,-68.90631747
02110014-5,Planta Piloto Calama,Meteorológicas,Suspendidas,Región de Antofagasta,Comuna de Calama,Rio Loa,2275,-22.4680735,-68.91666886
02110015-3,Isla Grande 1,Control de Nivel,Suspendidas,Región de Antofagasta,Comuna de Calama,Rio Loa,0,-22.37001281,-68.62970893
02110016-1,Isla Grande 2,Control de Nivel,Suspendidas,Región de Antofagasta,Comuna de Calama,Rio Loa,0,-22.36696039,-68.63415585
02110017-K,Aeropuerto,Control de Nivel,Suspendidas,Región de Antofagasta,Comuna de Calama,Rio Loa,2389,-22.50979051,-68.86124173
02110019-6,Isla Grande 3,Control de Nivel,Vigentes,Región de Antofagasta,Comuna de Calama,Rio Loa,2515,-22.39889848,-68.66031319
02110020-K,Captacion De Aguas Antofagasta En Puente Negro,Fluviométricas,Vigentes,Región de Antofagasta,Comuna de Calama,Rio Loa,2315,-22.4441872,-68.90027828
02110021-8,Captacion De Sqm Pedro De Valdivia (Vergara),Fluviométricas,Vigentes,Región de Antofagasta,Comuna de María Elena,Rio Loa,1279,-22.44446145,-69.44224879
02110022-6,Canal Chunchurri Bajo,Fluviométricas,Suspendidas,Región de Antofagasta,Comuna de Calama,Rio Loa,2245,-22.48390697,-68.92888876
02110023-4,Canal Chunchuri Bajo,Fluviométricas,Vigentes,Región de Antofagasta,Comuna de Calama,Rio Loa,0,-22.48057268,-68.92722816
02110024-2,Canal Dupont,Fluviométricas,Suspendidas,Región de Antofagasta,Comuna de Calama,Rio Loa,0,-22.49696173,-68.95583203
02110025-0,Canal El Tronco,Fluviométricas,Suspendidas,Región de Antofagasta,Comuna de Calama,Rio Loa,0,-22.44335372,-68.9558393
02110026-9,Canal La Prensa,Fluviométricas,Suspendidas,Región de Antofagasta,Comuna de Calama,Rio Loa,0,-22.48862776,-68.94138835
02110027-7,Canal Lay Lay,Fluviométricas,Suspendidas,Región de Antofagasta,Comuna de Calama,Rio Loa,0,-22.45779214,-68.89972426
02110028-5,Canal Nuñez,Fluviométricas,Suspendidas,Región de Antofagasta,Comuna de Calama,Rio Loa,0,-22.47696629,-68.92333201
02110029-3,Canal Topater,Fluviométricas,Suspendidas,Región de Antofagasta,Comuna de Calama,Rio Loa,0,-22.45752078,-68.89917045
02110030-7,Canal Yalquincha 1,Fluviométricas,Suspendidas,Región de Antofagasta,Comuna de Calama,Rio Loa,0,-22.45473683,-68.87166701
02110031-5,Rio Loa En Angostura,Fluviométricas,Vigentes,Región de Antofagasta,Comuna de Calama,Rio Loa,2470,-22.45853858,-68.7364461
02111001-9,Vertiente Ojos De Opache,Fluviométricas,Vigentes,Región de Antofagasta,Comuna de Calama,Rio Loa,2135,-22.48408526,-69.00173039
02111002-7,Rio San Salvador Antes Junta Rio Loa,Calidad de Aguas,Vigentes,Región de Antofagasta,Comuna de María Elena,Rio Loa,1238,-22.39654342,-69.52734584
02111003-5,Rio Quetena Antes Rio Opache (Ca),Calidad de Aguas,Suspendidas,Región de Antofagasta,Comuna de Calama,Rio Loa,1860,-22.4669649,-69.01666999
02111004-3,Tranque Sloman,Meteorológicas,Suspendidas,Región de Antofagasta,Comuna de María Elena,Rio Loa,2100,-21.85084156,-69.51391933
02111005-1,Rio San Salvador En Nacimiento,Fluviométricas,Suspendidas,Región de Antofagasta,Comuna de Calama,Rio Loa,2210,-22.44728479,-68.96067799
02112001-4,Rio Loa En Quillagua,Fluviométricas,Vigentes,Región de Antofagasta,Comuna de María Elena,Rio Loa,802,-21.65831955,-69.5353088
02112002-2,Canal Quillagua En Quillagua,Calidad de Aguas,Suspendidas,Región de Antofagasta,Comuna de María Elena,Rio Loa,910,-21.64700059,-69.54043725
02112003-0,Rio Loa En Panamericana,Fluviométricas,Suspendidas,Región de Antofagasta,Comuna de María Elena,Rio Loa,854,-21.6311062,-69.54669763
02112004-9,Rio Loa En Camino Chuqui-Tocopilla (Ca),Calidad de Aguas,Suspendidas,Región de Antofagasta,Comuna de María Elena,Rio Loa,1160,-22.27033948,-69.55182613
02112005-7,Rio Loa Antes Zona Agricola Quillagua,Calidad de Aguas,Suspendidas,Región de Antofagasta,Comuna de María Elena,Rio Loa,950,-21.71578782,-69.51856255
02112006-5,Rio Loa D. J. San Salvador (Chacance),Fluviométricas,Suspendidas,Región de Antofagasta,Comuna de María Elena,Rio Loa,1238,-22.39470288,-69.52938872
02112007-3,Rio Loa D. J. San Salvador-(M. Elena),Fluviométricas,Suspendidas,Región de Antofagasta,Comuna de María Elena,Rio Loa,1240,-22.34639036,-69.56657559
02112008-1,Quillagua,Meteorológicas,Vigentes,Región de Antofagasta,Comuna de María Elena,Rio Loa,802,-21.65520138,-69.53568387
02112009-K,Coya Sur,Meteorológicas,Suspendidas,Región de Antofagasta,Comuna de María Elena,Rio Loa,1250,-22.39418144,-69.62253121
02112010-3,Tranque Santa Fe,Calidad de Aguas,Suspendidas,Región de Antofagasta,Comuna de María Elena,Rio Loa,0,-21.88862052,-69.5347507
02112011-1,Tranque Sloman (Ca),Calidad de Aguas,Suspendidas,Región de Antofagasta,Comuna de María Elena,Rio Loa,0,-21.8500057,-69.51252277
02112012-K,Captacion Sqm Maria Elena,Fluviométricas,Vigentes,Región de Antofagasta,Comuna de María Elena,Rio Loa,1187,-22.34667871,-69.56419746
02112013-8,Captacion De Sqm Coya Sur,Fluviométricas,Vigentes,Región de Antofagasta,Comuna de María Elena,Rio Loa,1216,-22.39390405,-69.5278022
02112014-6,Scr-5,Calidad de Aguas,Vigentes,Región de Tarapacá,Comuna de Pozo Almonte,Rio Loa,0,-21.37750249,-69.62834011
02113001-K,Rio Huatacondo En Copaquire,Calidad de Aguas,Vigentes,Región de Tarapacá,Comuna de Pica,Rio Loa,3540,-20.92907224,-68.88754339
02113004-4,Rio Guatacondo En Tiquina (Ca),Calidad de Aguas,Vigentes,Región de Tarapacá,Comuna de Pozo Almonte,Rio Loa,1990,-20.93213407,-69.09997523
02113005-2,Guatacondo Dga,Meteorológicas,Vigentes,Región de Tarapacá,Comuna de Pozo Almonte,Rio Loa,2460,-20.92757399,-69.05306847
02113006-0,2Henoc,Calidad de Aguas,Vigentes,Región de Tarapacá,Comuna de Pozo Almonte,Rio Loa,0,-21.15972465,-69.63778035
02113007-9,2Pl3,Calidad de Aguas,Vigentes,Región de Tarapacá,Comuna de Pozo Almonte,Rio Loa,0,-21.17805888,-69.63722315
02113008-7,3X-14A,Calidad de Aguas,Vigentes,Región de Tarapacá,Comuna de Pozo Almonte,Rio Loa,0,-21.14194638,-69.63944739
02113009-5,3X-16A,Calidad de Aguas,Vigentes,Región de Tarapacá,Comuna de Pozo Almonte,Rio Loa,0,-21.16805597,-69.63028355
02113010-9,X-17A,Calidad de Aguas,Vigentes,Región de Tarapacá,Comuna de Pozo Almonte,Rio Loa,0,-21.12750113,-69.57861197
02120001-8,Rio Loa En Desembocadura,Calidad de Aguas,Vigentes,Región de Tarapacá,Comuna de Iquique,Rio Loa,10,-21.42803751,-70.0554456
02210001-7,Agua Potable Tocopilla (Ca),Calidad de Aguas,Vigentes,Región de Antofagasta,Comuna de Tocopilla,Costeras R.Loa-Q.Caracoles,0,-22.10873682,-70.20788212
02210002-5,Tocopilla,Meteorológicas,Vigentes,Región de Antofagasta,Comuna de Tocopilla,Costeras R.Loa-Q.Caracoles,150,-22.08465866,-70.18389254
02210003-3,Quebrada Barriles,Meteorológicas,Suspendidas,Región de Antofagasta,Comuna de Tocopilla,Costeras R.Loa-Q.Caracoles,107,-22.08029028,-70.18339091
02240000-2,Liceo Científico Humanista La Chimba,Meteorológicas,Vigentes,Región de Antofagasta,Comuna de Antofagasta,Costeras R.Loa-Q.Caracoles,47,-23.55476118,-70.39339861
02240001-0,Escuela Fundación Minera Escondida,Meteorológicas,Suspendidas,Región de Antofagasta,Comuna de Antofagasta,Costeras R.Loa-Q.Caracoles,284,-23.61476036,-70.37034363
02240002-9,Quebrada La Chimba,Meteorológicas,Vigentes,Región de Antofagasta,Comuna de Antofagasta,Costeras R.Loa-Q.Caracoles,33,-23.55892508,-70.39534307
02240003-7,Quebrada Bonilla,Meteorológicas,Vigentes,Región de Antofagasta,Comuna de Antofagasta,Costeras R.Loa-Q.Caracoles,112,-23.58309049,-70.37422794
02240004-5,Quebrada Farellones,Meteorológicas,Vigentes,Región de Antofagasta,Comuna de Antofagasta,Costeras R.Loa-Q.Caracoles,185,-23.61476036,-70.37034363
02240005-3,Quebrada La Cadena,Meteorológicas,Vigentes,Región de Antofagasta,Comuna de Antofagasta,Quebrada Caracoles,139,-23.62726263,-70.37506095
02300000-8,Paso Jama,Meteorológicas,Vigentes,Región de Antofagasta,Comuna de San Pedro de Atacama,Fronterizas Salares Atacama-Socompa,4680,-22.92225185,-67.70133765
02400001-K,Chajnantor Bajo,Meteorológicas,Vigentes,Región de Antofagasta,Comuna de San Pedro de Atacama,Endorreica entre Fronterizas y Salar Atacama,5086,-22.99055982,-67.72917124
02400002-8,Chajnantor Cumbre,Meteorológicas,Vigentes,Región de Antofagasta,Comuna de San Pedro de Atacama,Endorreica entre Fronterizas y Salar Atacama,5625,-22.98722283,-67.74222576
02450000-4,Paso Sico,Meteorológicas,Vigentes,Región de Antofagasta,Comuna de San Pedro de Atacama,Endorreica entre Fronterizas y Salar Atacama,4295,-23.82198537,-67.43993218
02500001-3,Rio Vilama En Vilama,Fluviométricas,Suspendidas,Región de Antofagasta,Comuna de San Pedro de Atacama,Salar de Atacama,2550,-22.86696508,-68.18330442
02500002-1,Canal Aguas Blancas,Calidad de Aguas,Suspendidas,Región de Antofagasta,Comuna de San Pedro de Atacama,Salar de Atacama,2415,-23.27620256,-68.01508005
02500003-K,Canal Tulan En Tilomonte,Fluviométricas,Suspendidas,Región de Antofagasta,Comuna de San Pedro de Atacama,Salar de Atacama,2450,-23.79003355,-68.1080232
02500004-8,Canal Vilama En Vilama,Fluviométricas,Vigentes,Región de Antofagasta,Comuna de San Pedro de Atacama,Salar de Atacama,2550,-22.87304193,-68.18109427
02500005-6,Canal Cuno En Socaire,Fluviométricas,Vigentes,Región de Antofagasta,Comuna de San Pedro de Atacama,Salar de Atacama,3600,-23.61554845,-67.84897059
02500006-4,Canal Tilomonte Antes Represa,Calidad de Aguas,Vigentes,Región de Antofagasta,Comuna de San Pedro de Atacama,Salar de Atacama,4000,-23.80004154,-68.09728505
02500007-2,Quebrada De Jerez,Fluviométricas,Vigentes,Región de Antofagasta,Comuna de San Pedro de Atacama,Salar de Atacama,2550,-23.18913636,-67.99299258
02500008-0,Quebrada De Talabre En Tumbre,Fluviométricas,Suspendidas,Región de Antofagasta,Comuna de San Pedro de Atacama,Salar de Atacama,3570,-23.31571439,-67.88251993
02500009-9,Quebrada De Camar - Vertiente 1,Fluviométricas,Vigentes,Región de Antofagasta,Comuna de San Pedro de Atacama,Salar de Atacama,2755,-23.4053715,-67.96075243
02500010-2,Quebrada De Camar - Vertiente 2,Fluviométricas,Vigentes,Región de Antofagasta,Comuna de San Pedro de Atacama,Salar de Atacama,2730,-23.40539058,-67.9568378
02500011-0,Vertiente Peine En Peine,Fluviométricas,Suspendidas,Región de Antofagasta,Comuna de San Pedro de Atacama,Salar de Atacama,2430,-23.68304773,-68.05859802
02500012-9,Rio Puritama En Huatin (Ca),Calidad de Aguas,Suspendidas,Región de Antofagasta,Comuna de San Pedro de Atacama,Salar de Atacama,3200,-22.7616135,-68.07257446
02500013-7,Rio Puripica En Huatin (Ca),Calidad de Aguas,Suspendidas,Región de Antofagasta,Comuna de San Pedro de Atacama,Salar de Atacama,3210,-22.75369458,-68.06842052
02500014-5,Quebrada Socaire (Ca),Calidad de Aguas,Vigentes,Región de Antofagasta,Comuna de San Pedro de Atacama,Salar de Atacama,3250,-23.58364675,-67.88329137
02500015-3,Toconao Reten,Meteorológicas,Suspendidas,Región de Antofagasta,Comuna de San Pedro de Atacama,Salar de Atacama,2460,-23.19391922,-68.00940108
02500016-1,Toconao Experimental,Meteorológicas,Vigentes,Región de Antofagasta,Comuna de San Pedro de Atacama,Salar de Atacama,2500,-23.18919377,-67.9977406
02500017-K,Camar,Meteorológicas,Vigentes,Región de Antofagasta,Comuna de San Pedro de Atacama,Salar de Atacama,2700,-23.40859517,-67.9619995
02500018-8,Socaire En Cuno,Meteorológicas,Suspendidas,Región de Antofagasta,Comuna de San Pedro de Atacama,Salar de Atacama,3300,-23.598653,-67.8877313
02500019-6,Socaire,Meteorológicas,Vigentes,Región de Antofagasta,Comuna de San Pedro de Atacama,Salar de Atacama,3251,-23.58787021,-67.89165384
02500020-K,Peine,Meteorológicas,Vigentes,Región de Antofagasta,Comuna de San Pedro de Atacama,Salar de Atacama,2460,-23.68187893,-68.06694227
02500021-8,Talabre,Meteorológicas,Vigentes,Región de Antofagasta,Comuna de San Pedro de Atacama,Salar de Atacama,3300,-23.31584627,-67.88963829
02500022-6,"Alana N""1",Control de Nivel,Suspendidas,Región de Antofagasta,Comuna de San Pedro de Atacama,Salar de Atacama,2418,-23.3697603,-68.02996596
02500024-2,"Mullay N""1",Control de Nivel,Suspendidas,Región de Antofagasta,Comuna de San Pedro de Atacama,Salar de Atacama,2408,-23.29919992,-68.02107131
02500025-0,Toconao Quebrada 1,Meteorológicas,Vigentes,Región de Antofagasta,Comuna de San Pedro de Atacama,Salar de Atacama,3979,-23.21447775,-67.81023026
02500026-9,Toconao Quebrada 4,Meteorológicas,Vigentes,Región de Antofagasta,Comuna de San Pedro de Atacama,Salar de Atacama,3465,-23.15336707,-67.89828803
02500027-7,Toconao Pueblo,Meteorológicas,Vigentes,Región de Antofagasta,Comuna de San Pedro de Atacama,Salar de Atacama,2698,-23.1822506,-68.00384973
02500028-5,Guatin,Meteorológicas,Vigentes,Región de Antofagasta,Comuna de San Pedro de Atacama,Salar de Atacama,3155,-22.7611179,-68.07278234
02500029-3,Salar De Atacama N 1,Meteorológicas,Vigentes,Región de Antofagasta,Comuna de San Pedro de Atacama,Salar de Atacama,2306,-23.61611133,-68.35750678
02500030-7,Salar De Atacama N 2,Meteorológicas,Vigentes,Región de Antofagasta,Comuna de San Pedro de Atacama,Salar de Atacama,2300,-23.49083731,-68.28222832
02500031-5,Ca-2015,Calidad de Aguas,Vigentes,Región de Antofagasta,Comuna de San Pedro de Atacama,Salar de Atacama,0,-23.53556136,-68.05639846
02500032-3,Mullay-1,Calidad de Aguas,Vigentes,Región de Antofagasta,Comuna de Sierra Gorda,Quebrada Caracoles,0,-23.29889376,-69.02111399
02500033-1,Pozo Allana 1,Calidad de Aguas,Vigentes,Región de Antofagasta,Comuna de San Pedro de Atacama,Salar de Atacama,0,-23.36944444,-68.03000739
02500034-K,Pozo Jmb -1,Calidad de Aguas,Vigentes,Región de Antofagasta,Comuna de San Pedro de Atacama,Salar de Atacama,0,-22.98889364,-68.11000572
02500035-8,Pozo Nicola,Calidad de Aguas,Vigentes,Región de Antofagasta,Comuna de San Pedro de Atacama,Salar de Atacama,0,-22.97194645,-68.21389158
02500036-6,Pozo Peine,Calidad de Aguas,Vigentes,Región de Antofagasta,Comuna de San Pedro de Atacama,Salar de Atacama,0,-23.66778112,-68.07917225
02500037-4,Pozo Socaire 5,Calidad de Aguas,Vigentes,Región de Antofagasta,Comuna de San Pedro de Atacama,Salar de Atacama,0,-23.44777928,-68.03722872
02500038-2,Tucucaro,Calidad de Aguas,Vigentes,Región de Antofagasta,Comuna de San Pedro de Atacama,Salar de Atacama,0,-23.74694674,-68.28222513
02500039-0,Vilama B-3,Calidad de Aguas,Vigentes,Región de Antofagasta,Comuna de San Pedro de Atacama,Salar de Atacama,0,-22.88222402,-68.16806368
02500040-4,Sat-05,Calidad de Aguas,Vigentes,Región de Antofagasta,Comuna de San Pedro de Atacama,Salar de Atacama,0,-23.11500578,-68.08139409
02510001-8,Rio San Pedro En Cuchabrachi,Fluviométricas,Vigentes,Región de Antofagasta,Comuna de San Pedro de Atacama,Salar de Atacama,2585,-22.82587909,-68.2003204
02510002-6,Rio Grande En Pueblo,Fluviométricas,Suspendidas,Región de Antofagasta,Comuna de San Pedro de Atacama,Salar de Atacama,3250,-22.63362993,-68.14996968
02510004-2,Rio Jauna Antes Putana,Fluviométricas,Suspendidas,Región de Antofagasta,Comuna de San Pedro de Atacama,Salar de Atacama,4000,-22.49917814,-68.06496226
02510005-0,Rio Putana Antes Jauna,Fluviométricas,Suspendidas,Región de Antofagasta,Comuna de San Pedro de Atacama,Salar de Atacama,4000,-22.51140098,-68.06357729
02510006-9,San Pedro De Atacama,Meteorológicas,Vigentes,Región de Antofagasta,Comuna de San Pedro de Atacama,Salar de Atacama,2450,-22.91038365,-68.20052766
02510007-7,Rio Grande,Meteorológicas,Vigentes,Región de Antofagasta,Comuna de San Pedro de Atacama,Salar de Atacama,3250,-22.65197729,-68.16737498
02510008-5,Alto Atacama,Calidad de Aguas,Vigentes,Región de Antofagasta,Comuna de San Pedro de Atacama,Salar de Atacama,0,-22.88417321,-68.21750785
02640001-5,Imilac,Meteorológicas,Suspendidas,Región de Antofagasta,Comuna de Antofagasta,Endorreicas Salar Atacama-Vertiente Pacifico,3000,-24.16337735,-68.78277737
02650000-1,Salar De Imilac,Meteorológicas,Vigentes,Región de Antofagasta,Comuna de Antofagasta,Endorreicas Salar Atacama-Vertiente Pacifico,2966,-24.19365736,-68.77971308
02650001-K,Salar De Punta Negra,Meteorológicas,Vigentes,Región de Antofagasta,Comuna de Antofagasta,Endorreicas Salar Atacama-Vertiente Pacifico,2952,-24.54588774,-68.92750608
02650002-8,Quebrada Guanaqueros,Meteorológicas,Vigentes,Región de Antofagasta,Comuna de Antofagasta,Endorreicas Salar Atacama-Vertiente Pacifico,4029,-24.44172341,-68.55303574
02660001-4,Monturaqui,Meteorológicas,Suspendidas,Región de Antofagasta,Comuna de Antofagasta,Endorreicas Salar Atacama-Vertiente Pacifico,3430,-24.34172075,-68.43526232
02700001-0,Sierra Gorda,Meteorológicas,Vigentes,Región de Antofagasta,Comuna de Sierra Gorda,Quebrada Caracoles,1616,-22.89080562,-69.3212916
02700002-9,F-3,Calidad de Aguas,Vigentes,Región de Antofagasta,Comuna de Sierra Gorda,Quebrada Caracoles,0,-23.16167509,-69.62139226
02700003-7,Noria 28,Calidad de Aguas,Vigentes,Región de Antofagasta,Comuna de Sierra Gorda,Quebrada Caracoles,0,-23.08694848,-69.49250781
02700004-5,Spu-19,Calidad de Aguas,Vigentes,Región de Antofagasta,Comuna de Sierra Gorda,Quebrada Caracoles,0,-22.9955563,-69.40444755
02700005-3,T-4 Obs,Calidad de Aguas,Vigentes,Región de Antofagasta,Comuna de Sierra Gorda,Quebrada Caracoles,0,-23.14028451,-69.58861124
02710001-5,Agua Potable Antofagasta (Ca),Calidad de Aguas,Vigentes,Región de Antofagasta,Comuna de Antofagasta,Quebrada Caracoles,0,-23.66145753,-70.39885068
02710002-3,Baquedano,Meteorológicas,Vigentes,Región de Antofagasta,Comuna de Sierra Gorda,Quebrada Caracoles,1032,-23.33109879,-69.83595828
02710003-1,Antofagasta,Meteorológicas,Vigentes,Región de Antofagasta,Comuna de Antofagasta,Costeras R.Loa-Q.Caracoles,50,-23.5973498,-70.38648875
02760000-K,Quebrada El Toro,Meteorológicas,Vigentes,Región de Antofagasta,Comuna de Antofagasta,Quebrada Caracoles,89,-23.66837217,-70.39617891
02810001-9,Cachinal De La Sierra,Meteorológicas,Suspendidas,Región de Antofagasta,Comuna de Taltal,Quebrada la Negra,2640,-24.96145267,-69.52003095
02900000-K,Universidad De Antofagasta,Meteorológicas,Suspendidas,Región de Antofagasta,Comuna de Antofagasta,Quebrada la Negra,30,-23.7019857,-70.42089763
02900001-8,Quebrada Jardines Del Sur,Meteorológicas,Vigentes,Región de Antofagasta,Comuna de Antofagasta,Quebrada la Negra,26,-23.7019857,-70.42089763
02941001-1,Vaquillas,Meteorológicas,Suspendidas,Región de Antofagasta,Comuna de Taltal,Costeras entre Q. la Negra y Q. Pan de Azucar,3250,-25.39618055,-69.29862597
02942001-7,Aguas Verdes,Meteorológicas,Vigentes,Región de Antofagasta,Comuna de Taltal,Costeras entre Q. la Negra y Q. Pan de Azucar,1560,-25.40103639,-69.96255108
02942002-5,Pique Av-1,Control de Nivel,Vigentes,Región de Antofagasta,Comuna de Taltal,Costeras entre Q. la Negra y Q. Pan de Azucar,1400,-25.42237777,-70.00906567
02942003-3,Pique Av- 15,Control de Nivel,Vigentes,Región de Antofagasta,Comuna de Taltal,Costeras entre Q. la Negra y Q. Pan de Azucar,1402,-25.42012001,-70.00648159
02942004-1,Pique Av - 16,Control de Nivel,Vigentes,Región de Antofagasta,Comuna de Taltal,Costeras entre Q. la Negra y Q. Pan de Azucar,1400,-25.42155009,-70.00862128
02942005-K,Pique Av - 17,Control de Nivel,Vigentes,Región de Antofagasta,Comuna de Taltal,Costeras entre Q. la Negra y Q. Pan de Azucar,1436,-25.42472693,-70.01016905
02942006-8,Pique Ave - 40,Control de Nivel,Vigentes,Región de Antofagasta,Comuna de Taltal,Costeras entre Q. la Negra y Q. Pan de Azucar,1778,-25.46259982,-69.80204363
02942007-6,Pique Av - 39,Control de Nivel,Vigentes,Región de Antofagasta,Comuna de Taltal,Costeras entre Q. la Negra y Q. Pan de Azucar,1769,-25.47012507,-69.79978573
02942008-4,Pique Av - 42,Control de Nivel,Vigentes,Región de Antofagasta,Comuna de Taltal,Costeras entre Q. la Negra y Q. Pan de Azucar,1779,-25.47275516,-69.79269056
02942009-2,Pique  Av - 43,Control de Nivel,Vigentes,Región de Antofagasta,Comuna de Taltal,Costeras entre Q. la Negra y Q. Pan de Azucar,1784,-25.47033401,-69.7978971
02942010-6,Pique Av - 45,Control de Nivel,Vigentes,Región de Antofagasta,Comuna de Taltal,Costeras entre Q. la Negra y Q. Pan de Azucar,1633,-25.42465144,-69.90391306
02942011-4,Essan Av - 48,Control de Nivel,Suspendidas,Región de Antofagasta,Comuna de Taltal,Costeras entre Q. la Negra y Q. Pan de Azucar,1726,-25.4136778,-69.90282703
02942012-2,Pique Av - 49,Control de Nivel,Vigentes,Región de Antofagasta,Comuna de Taltal,Costeras entre Q. la Negra y Q. Pan de Azucar,1777,-25.47417406,-69.78743749
02942013-0,Pique Av - Muestra,Control de Nivel,Vigentes,Región de Antofagasta,Comuna de Taltal,Costeras entre Q. la Negra y Q. Pan de Azucar,1413,-25.42284385,-70.00825421
02942014-9,Pique Av - Nvo.A,Control de Nivel,Vigentes,Región de Antofagasta,Comuna de Taltal,Costeras entre Q. la Negra y Q. Pan de Azucar,1404,-25.42088861,-70.00764136
02942015-7,Pique Frente Essan,Control de Nivel,Vigentes,Región de Antofagasta,Comuna de Taltal,Costeras entre Q. la Negra y Q. Pan de Azucar,1535,-25.40409896,-69.95956304
02942016-5,Pozo 4 Essan,Control de Nivel,Vigentes,Región de Antofagasta,Comuna de Taltal,Costeras entre Q. la Negra y Q. Pan de Azucar,1498,-25.40073194,-69.95662356
02942017-3,Essan S-843-A,Control de Nivel,Vigentes,Región de Antofagasta,Comuna de Taltal,Costeras entre Q. la Negra y Q. Pan de Azucar,1551,-25.40115228,-69.96278066
02942018-1,Essan S - 844,Control de Nivel,Vigentes,Región de Antofagasta,Comuna de Taltal,Costeras entre Q. la Negra y Q. Pan de Azucar,1582,-25.39851994,-69.95100918
02942019-K,Essan S - 846 - A,Control de Nivel,Vigentes,Región de Antofagasta,Comuna de Taltal,Costeras entre Q. la Negra y Q. Pan de Azucar,1482,-25.40889461,-69.98940738
02942020-3,Essan S - 864,Control de Nivel,Vigentes,Región de Antofagasta,Comuna de Taltal,Costeras entre Q. la Negra y Q. Pan de Azucar,1520,-25.40541485,-69.97639501
02942021-1,Pique Mina Clementina Nª 3,Control de Nivel,Vigentes,Región de Antofagasta,Comuna de Taltal,Costeras entre Q. la Negra y Q. Pan de Azucar,502,-25.67242337,-70.53519574
02942022-K,Pique Minas Clementina Nº 2,Control de Nivel,Vigentes,Región de Antofagasta,Comuna de Taltal,Costeras entre Q. la Negra y Q. Pan de Azucar,472,-25.67303237,-70.53480504
02942023-8,Essan Av - 48,Control de Nivel,Vigentes,Región de Antofagasta,Comuna de Taltal,Costeras entre Q. la Negra y Q. Pan de Azucar,1653,-25.4165575,-69.90442939
02943001-2,Tal-Tal,Meteorológicas,Vigentes,Región de Antofagasta,Comuna de Taltal,Costeras entre Q. la Negra y Q. Pan de Azucar,9,-25.40718347,-70.48640234
02943002-0,Tal-Tal (Dcp),Meteorológicas,Vigentes,Región de Antofagasta,Comuna de Taltal,Costeras entre Q. la Negra y Q. Pan de Azucar,36,-25.40368387,-70.47978881
02943003-9,Quebrada Taltal,Meteorológicas,Suspendidas,Región de Antofagasta,Comuna de Taltal,Costeras entre Q. la Negra y Q. Pan de Azucar,90,-25.40368387,-70.47978881
02960001-5,Sierra Overa,Meteorológicas,Suspendidas,Región de Antofagasta,Comuna de Taltal,Costeras entre Q. la Negra y Q. Pan de Azucar,1900,-25.78035431,-69.88810162
03003000-1,Cerros Aguas Bravas,Control de Nivel,Vigentes,Región de Atacama,Comuna de Diego de Almagro,Endorreicas entre Frontera y Vertiente del Pacifico,4220,-25.49813153,-68.62887381
03022001-3,Rio La Ola En Vertedero,Calidad de Aguas,Vigentes,Región de Atacama,Comuna de Diego de Almagro,Endorreicas entre Frontera y Vertiente del Pacifico,0,-26.48428011,-69.06003184
03023000-0,Salar De Pedernales,Meteorológicas,Vigentes,Región de Atacama,Comuna de Diego de Almagro,Endorreicas entre Frontera y Vertiente del Pacifico,3395,-26.35361581,-69.17973216
03031001-2,Volcan Ojos Del Salado,Glaciológicas,Suspendidas,Región de Atacama,Comuna de Copiapó,Endorreicas entre Frontera y Vertiente del Pacifico,5232,-27.05194814,-68.53528378
03041001-7,Rio Barros Negros Antes Junta Valle Ancho,Fluviométricas,Vigentes,Región de Atacama,Comuna de Copiapó,Endorreicas entre Frontera y Vertiente del Pacifico,3965,-27.26761834,-68.99959587
03041002-5,Rio Villalobos En Vertedero,Fluviométricas,Vigentes,Región de Atacama,Comuna de Copiapó,Endorreicas entre Frontera y Vertiente del Pacifico,3850,-27.20594347,-69.02709176
03041003-3,Rio Valle Ancho Antes  Junta Barros Negros,Fluviométricas,Vigentes,Región de Atacama,Comuna de Copiapó,Endorreicas entre Frontera y Vertiente del Pacifico,3950,-27.26975792,-69.00570838
03041004-1,Rio Valle Ancho En La Barrera,Calidad de Aguas,Vigentes,Región de Atacama,Comuna de Copiapó,Endorreicas entre Frontera y Vertiente del Pacifico,3800,-27.13645465,-69.00294666
03041005-K,Rio Lamas En El Salto,Fluviométricas,Vigentes,Región de Atacama,Comuna de Copiapó,Endorreicas entre Frontera y Vertiente del Pacifico,4130,-27.08210478,-68.93157362
03041006-8,Rio Villalobos Antes Rio Barros Negros,Calidad de Aguas,Suspendidas,Región de Atacama,Comuna de Copiapó,Endorreicas entre Frontera y Vertiente del Pacifico,4020,-27.20376903,-69.01853876
03041007-6,Rio Villalobos Antes Rio Valle Ancho,Calidad de Aguas,Suspendidas,Región de Atacama,Comuna de Copiapó,Endorreicas entre Frontera y Vertiente del Pacifico,3990,-27.20376903,-69.01853876
03041008-4,Laguna Santa Rosa (Ca),Calidad de Aguas,Suspendidas,Región de Atacama,Comuna de Copiapó,Endorreicas entre Frontera y Vertiente del Pacifico,3760,-27.08371096,-69.16668062
03041009-2,Campamento Flamenco,Meteorológicas,Suspendidas,Región de Atacama,Comuna de Copiapó,Endorreicas entre Frontera y Vertiente del Pacifico,4030,-27.19094089,-68.99500238
03041010-6,Reten Maricunga,Meteorológicas,Suspendidas,Región de Atacama,Comuna de Copiapó,Endorreicas entre Frontera y Vertiente del Pacifico,3750,-26.83898234,-69.06667933
03041011-4,Pozo Compañia Tres Cruces,Control de Nivel,Suspendidas,Región de Atacama,Comuna de Copiapó,Endorreicas entre Frontera y Vertiente del Pacifico,0,-27.18962264,-69.00756197
03050001-6,Rio Astaburuaga En Cono,Calidad de Aguas,Vigentes,Región de Atacama,Comuna de Tierra Amarilla,Endorreicas entre Frontera y Vertiente del Pacifico,4130,-27.46485662,-69.04771063
03201001-6,Quebrada Potrerillos,Meteorológicas,Vigentes,Región de Atacama,Comuna de Diego de Almagro,Rio Salado,2245,-26.41334159,-69.60750467
03210001-5,Las Vegas,Meteorológicas,Vigentes,Región de Atacama,Comuna de Diego de Almagro,Rio Salado,2250,-26.67940695,-69.66726069
03340001-2,Caldera,Meteorológicas,Vigentes,Región de Atacama,Comuna de Caldera,Costeras e Islas R.Salado-R.Copiapo,15,-27.06836371,-70.81729567
03401001-3,Rio Figueroa Antes De Rio Turbio (Ca),Calidad de Aguas,Suspendidas,Región de Atacama,Comuna de Tierra Amarilla,Rio Copiapo,2700,-27.70552812,-69.55472501
03403001-4,Rio Turbio Antes Rio Figueroa,Calidad de Aguas,Suspendidas,Región de Atacama,Comuna de Tierra Amarilla,Rio Copiapo,2600,-27.70733188,-69.55289824
03404001-K,Rio Jorquera En Vertedero,Sedimentometricas,Vigentes,Región de Atacama,Comuna de Tierra Amarilla,Rio Copiapo,1250,-28.04540613,-69.95751235
03404002-8,Jorquera En La Guardia,Meteorológicas,Vigentes,Región de Atacama,Comuna de Tierra Amarilla,Rio Copiapo,2000,-27.74866616,-69.67168272
03404003-6,Fundo Rodeo,Control de Nivel,Vigentes,Región de Atacama,Comuna de Tierra Amarilla,Rio Copiapo,1254,-28.03939447,-69.94184275
03404004-4,Quebrada Carrizalillo,Meteorológicas,Vigentes,Región de Atacama,Comuna de Tierra Amarilla,Rio Copiapo,3242,-27.71194682,-69.74000623
03412001-3,Torin En El Potro,Meteorológicas,Suspendidas,Región de Atacama,Comuna de Tierra Amarilla,Rio Copiapo,2800,-28.27706669,-69.74809753
03413001-9,Glaciar Maranceles,Glaciológicas,Vigentes,Región de Atacama,Comuna de Tierra Amarilla,Rio Copiapo,3985,-28.45723043,-69.72361381
03414001-4,Rio Pulido En Vertedero,Fluviométricas,Vigentes,Región de Atacama,Comuna de Tierra Amarilla,Rio Copiapo,1310,-28.08894323,-69.94284485
03414002-2,Iglesia Colorada,Meteorológicas,Vigentes,Región de Atacama,Comuna de Tierra Amarilla,Rio Copiapo,1550,-28.15007236,-69.88852863
03414003-0,Hosteria Cabo De Hornos,Control de Nivel,Suspendidas,Región de Atacama,Comuna de Tierra Amarilla,Rio Copiapo,1240,-28.05234776,-69.88060152
03414004-9,Quebrada Seca,Control de Nivel,Vigentes,Región de Atacama,Comuna de Tierra Amarilla,Rio Copiapo,1500,-28.14718638,-69.89645835
03414005-7,Iglesia Colorada,Control de Nivel,Vigentes,Región de Atacama,Comuna de Tierra Amarilla,Rio Copiapo,1557,-28.16514864,-69.86850619
03414006-5,Cch-3,Calidad de Aguas,Vigentes,Región de Atacama,Comuna de Tierra Amarilla,Rio Copiapo,0,-28.13111355,-69.90555986
03421001-2,Rio Manflas En Vertedero,Fluviométricas,Vigentes,Región de Atacama,Comuna de Tierra Amarilla,Rio Copiapo,1550,-28.15101746,-69.99402308
03421004-7,Manflas Hacienda,Meteorológicas,Vigentes,Región de Atacama,Comuna de Tierra Amarilla,Rio Copiapo,1410,-28.12571773,-69.97374198
03421005-5,Hacienda Manflas Antes De Hacienda,Control de Nivel,Vigentes,Región de Atacama,Comuna de Tierra Amarilla,Rio Copiapo,1299,-28.0951554,-69.9799193
03421006-3,Hacienda Manflas,Control de Nivel,Vigentes,Región de Atacama,Comuna de Tierra Amarilla,Rio Copiapo,1418,-28.14020048,-69.98449377
03430001-1,Rio Copiapo En Lautaro,Fluviométricas,Vigentes,Región de Atacama,Comuna de Tierra Amarilla,Rio Copiapo,1200,-27.97780291,-69.99983245
03430002-K,Rio Copiapo En San Antonio,Calidad de Aguas,Suspendidas,Región de Atacama,Comuna de Tierra Amarilla,Rio Copiapo,850,-27.86705969,-70.06671515
03430003-8,Rio Copiapo En Pastillo,Meteorológicas,Vigentes,Región de Atacama,Comuna de Tierra Amarilla,Rio Copiapo,1300,-28.00371013,-69.97708709
03430004-6,Vertientes Los Loros (Ca),Calidad de Aguas,Suspendidas,Región de Atacama,Comuna de Tierra Amarilla,Rio Copiapo,950,-27.83709993,-70.08529893
03430005-4,Rio Copiapo En By-Pass Lautaro (Ca),Calidad de Aguas,Vigentes,Región de Atacama,Comuna de Tierra Amarilla,Rio Copiapo,0,-27.9777856,-69.99973061
03430006-2,Lautaro Embalse,Meteorológicas,Vigentes,Región de Atacama,Comuna de Tierra Amarilla,Rio Copiapo,1110,-27.9787995,-70.00428494
03430007-0,Los Loros,Meteorológicas,Vigentes,Región de Atacama,Comuna de Tierra Amarilla,Rio Copiapo,940,-27.82959523,-70.11965516
03430008-9,Quebrada Calquis,Control de Nivel,Vigentes,Región de Atacama,Comuna de Tierra Amarilla,Rio Copiapo,1093,-27.93230104,-70.01080645
03430009-7,Vegas El Giro,Control de Nivel,Suspendidas,Región de Atacama,Comuna de Tierra Amarilla,Rio Copiapo,988,-27.88511442,-70.05004864
03430010-0,Escuela 17 Los Loros,Control de Nivel,Vigentes,Región de Atacama,Comuna de Tierra Amarilla,Rio Copiapo,968,-27.83103073,-70.10618574
03430011-9,Pueblo San Antonio,Control de Nivel,Vigentes,Región de Atacama,Comuna de Tierra Amarilla,Rio Copiapo,1020,-27.8790506,-70.0545106
03430012-7,Junta Manflas,Control de Nivel,Vigentes,Región de Atacama,Comuna de Tierra Amarilla,Rio Copiapo,1200,-28.03950132,-69.98074721
03430013-5,Algarrobo La Virgen (E. Lautaro),Control de Nivel,Vigentes,Región de Atacama,Comuna de Tierra Amarilla,Rio Copiapo,1156,-28.00121759,-69.97725783
03430014-3,Lautaro Embalse,Control de Nivel,Vigentes,Región de Atacama,Comuna de Tierra Amarilla,Rio Copiapo,1119,-27.97855939,-70.00131374
03430016-K,Embalse Copiapo Lautaro (Lm),Lagos y Embalses,Vigentes,Región de Atacama,Comuna de Tierra Amarilla,Rio Copiapo,0,-27.97483867,-69.99783264
03430017-8,Pozo Escuela Los Loros,Calidad de Aguas,Suspendidas,Región de Atacama,Comuna de Tierra Amarilla,Rio Copiapo,0,-27.83100763,-70.10681504
03430018-6,Vegas El Giro,Control de Nivel,Vigentes,Región de Atacama,Comuna de Tierra Amarilla,Rio Copiapo,998,-27.86871163,-70.06903704
03430019-4,Pastillo,Control de Nivel,Vigentes,Región de Atacama,Comuna de Tierra Amarilla,Rio Copiapo,1176,-28.02708564,-69.97372763
03430020-8,Quebrada Calquis,Control de Nivel,Vigentes,Región de Atacama,Comuna de Tierra Amarilla,Rio Copiapo,1096,-27.93234647,-70.01076622
03430021-6,Goyo Diaz,Control de Nivel,Vigentes,Región de Atacama,Comuna de Tierra Amarilla,Rio Copiapo,1043,-27.91355385,-70.02410637
03430022-4,Vegas El Giro,Control de Nivel,Suspendidas,Región de Atacama,Comuna de Tierra Amarilla,Rio Copiapo,0,-27.86567645,-70.06699616
03430023-2,Pastillo,Control de Nivel,Suspendidas,Región de Atacama,Comuna de Tierra Amarilla,Rio Copiapo,0,-28.02400884,-69.97227586
03430024-0,Quebrada Calquis,Control de Nivel,Suspendidas,Región de Atacama,Comuna de Tierra Amarilla,Rio Copiapo,0,-27.92928381,-70.00866445
03430025-9,Goyo Diaz,Control de Nivel,Suspendidas,Región de Atacama,Comuna de Tierra Amarilla,Rio Copiapo,0,-27.91011725,-70.02254981
03430026-7,Apr Los Loros,Calidad de Aguas,Vigentes,Región de Atacama,Comuna de Tierra Amarilla,Rio Copiapo,0,-27.83194939,-70.10305753
03430027-5,Pel-2,Calidad de Aguas,Vigentes,Región de Atacama,Comuna de Tierra Amarilla,Rio Copiapo,0,-27.93473097,-70.01056481
03430028-3,Pni-1,Calidad de Aguas,Vigentes,Región de Atacama,Comuna de Tierra Amarilla,Rio Copiapo,0,-27.8502813,-70.08612072
03430029-1,Re-3,Calidad de Aguas,Vigentes,Región de Atacama,Comuna de Tierra Amarilla,Rio Copiapo,0,-27.82528439,-70.11695078
03431001-7,Rio Copiapo En La Puerta,Calidad de Aguas,Vigentes,Región de Atacama,Comuna de Tierra Amarilla,Rio Copiapo,915,-27.80760821,-70.12832236
03431002-5,Rio Copiapo En El Bosque,Fluviométricas,Suspendidas,Región de Atacama,Comuna de Tierra Amarilla,Rio Copiapo,0,-27.72595296,-69.65864958
03431004-1,Elibor Campamento,Meteorológicas,Vigentes,Región de Atacama,Comuna de Tierra Amarilla,Rio Copiapo,750,-27.70343149,-70.20237906
03431005-K,Hornitos,Control de Nivel,Suspendidas,Región de Atacama,Comuna de Tierra Amarilla,Rio Copiapo,820,-27.76539742,-70.16561528
03431006-8,Planta Elisa De Bordos,Control de Nivel,Vigentes,Región de Atacama,Comuna de Tierra Amarilla,Rio Copiapo,753,-27.71772115,-70.19605438
03431007-6,Villa Maria - Hornitos,Control de Nivel,Vigentes,Región de Atacama,Comuna de Tierra Amarilla,Rio Copiapo,715,-27.69076393,-70.22132467
03431008-4,Pabellon,Control de Nivel,Vigentes,Región de Atacama,Comuna de Tierra Amarilla,Rio Copiapo,653,-27.63740494,-70.22983334
03431009-2,Fundo La Puerta,Control de Nivel,Vigentes,Región de Atacama,Comuna de Tierra Amarilla,Rio Copiapo,881,-27.80908074,-70.12817515
03431010-6,Quebrada Cerrillos,Control de Nivel,Vigentes,Región de Atacama,Comuna de Tierra Amarilla,Rio Copiapo,598,-27.57142828,-70.24917342
03431011-4,Hornitos (Rojas),Control de Nivel,Vigentes,Región de Atacama,Comuna de Tierra Amarilla,Rio Copiapo,795,-27.75463535,-70.17868095
03431012-2,Quebrada Cerrillos Amancay,Control de Nivel,Vigentes,Región de Atacama,Comuna de Tierra Amarilla,Rio Copiapo,599,-27.57077104,-70.24496228
03431013-0,Villa Maria,Control de Nivel,Vigentes,Región de Atacama,Comuna de Tierra Amarilla,Rio Copiapo,713,-27.69009541,-70.22138821
03431014-9,Fundo Alianza,Control de Nivel,Vigentes,Región de Atacama,Comuna de Tierra Amarilla,Rio Copiapo,612,-27.59679091,-70.25041324
03431015-7,Villa Maria,Control de Nivel,Suspendidas,Región de Atacama,Comuna de Tierra Amarilla,Rio Copiapo,0,-27.687061,-70.21950893
03431016-5,Fundo Alianza,Control de Nivel,Suspendidas,Región de Atacama,Comuna de Tierra Amarilla,Rio Copiapo,0,-27.593722,-70.24839265
03431017-3,Pozo Agricola San Alfonso Spa,Calidad de Aguas,Vigentes,Región de Atacama,Comuna de Tierra Amarilla,Rio Copiapo,0,-27.73445112,-70.18722862
03431018-1,Pozo C8,Calidad de Aguas,Vigentes,Región de Atacama,Comuna de Tierra Amarilla,Rio Copiapo,0,-27.65500187,-70.23139871
03434001-3,Rio Copiapo En Mal Paso Aguas Arriba Canal,Fluviométricas,Suspendidas,Región de Atacama,Comuna de Tierra Amarilla,Rio Copiapo,431,-27.52482516,-70.26894711
03434002-1,Canal Mal Paso Despues De Bocatoma,Fluviométricas,Vigentes,Región de Atacama,Comuna de Tierra Amarilla,Rio Copiapo,431,-27.5186671,-70.26618328
03434003-K,Rio Copiapo En Mal Paso Aguas Abajo Canal,Fluviométricas,Vigentes,Región de Atacama,Comuna de Tierra Amarilla,Rio Copiapo,431,-27.51893916,-70.26604465
03434004-8,Rio Copiapo En Mal Paso (Ca),Calidad de Aguas,Suspendidas,Región de Atacama,Comuna de Tierra Amarilla,Rio Copiapo,550,-27.51869814,-70.26574828
03434005-6,Parcela 8 Nantoco,Control de Nivel,Suspendidas,Región de Atacama,Comuna de Tierra Amarilla,Rio Copiapo,549,-27.53594818,-70.2667256
03434006-4,Canal Mal Paso,Control de Nivel,Suspendidas,Región de Atacama,Comuna de Tierra Amarilla,Rio Copiapo,528,-27.52399865,-70.26950462
03434007-2,Fundo Palermo,Control de Nivel,Suspendidas,Región de Atacama,Comuna de Tierra Amarilla,Rio Copiapo,496,-27.48149458,-70.26922945
03434008-0,Alcaparrosa,Control de Nivel,Suspendidas,Región de Atacama,Comuna de Tierra Amarilla,Rio Copiapo,468,-27.45316223,-70.26895549
03434009-9,Punta Negra,Control de Nivel,Suspendidas,Región de Atacama,Comuna de Copiapó,Rio Copiapo,443,-27.42677814,-70.26784437
03434010-2,Pozo Parcela 8 Nantoco,Calidad de Aguas,Suspendidas,Región de Atacama,Comuna de Tierra Amarilla,Rio Copiapo,0,-27.54177441,-70.26826079
03434011-0,Quebrada Infiernillo,Control de Nivel,Vigentes,Región de Atacama,Comuna de Tierra Amarilla,Rio Copiapo,515,-27.51986651,-70.26531617
03434012-9,Buitron,Control de Nivel,Vigentes,Región de Atacama,Comuna de Tierra Amarilla,Rio Copiapo,468,-27.45530788,-70.26627835
03434013-7,Carola,Control de Nivel,Vigentes,Región de Atacama,Comuna de Tierra Amarilla,Rio Copiapo,511,-27.50985386,-70.2655458
03434014-5,Pucobre (8),Control de Nivel,Vigentes,Región de Atacama,Comuna de Tierra Amarilla,Rio Copiapo,503,-27.49037012,-70.26897695
03434015-3,Quebrada Infiernillo,Control de Nivel,Suspendidas,Región de Atacama,Comuna de Tierra Amarilla,Rio Copiapo,0,-27.51677878,-70.2633977
03434016-1,Buitron,Control de Nivel,Suspendidas,Región de Atacama,Comuna de Tierra Amarilla,Rio Copiapo,0,-27.4523296,-70.26423075
03434017-K,Carola,Control de Nivel,Suspendidas,Región de Atacama,Comuna de Tierra Amarilla,Rio Copiapo,0,-27.50677469,-70.26367821
03434018-8,Pucobre (8),Control de Nivel,Suspendidas,Región de Atacama,Comuna de Tierra Amarilla,Rio Copiapo,0,-27.48732801,-70.26700884
03434019-6,Pucobre T,Control de Nivel,Vigentes,Región de Atacama,Comuna de Tierra Amarilla,Rio Copiapo,0,-27.49375601,-70.27085803
03434020-K,Apr Nantoco,Calidad de Aguas,Vigentes,Región de Atacama,Comuna de Tierra Amarilla,Rio Copiapo,0,-27.54639505,-70.26638972
03434021-8,Pozo Agro Uva,Calidad de Aguas,Vigentes,Región de Atacama,Comuna de Tierra Amarilla,Rio Copiapo,0,-27.51500465,-70.26194991
03434022-6,Pozo El Melon 2,Calidad de Aguas,Vigentes,Región de Atacama,Comuna de Tierra Amarilla,Rio Copiapo,0,-27.45167118,-70.26417265
03434023-4,Pozo Tierra Amarilla,Control de Nivel,Vigentes,Región de Atacama,Comuna de Tierra Amarilla,Rio Copiapo,507,-27.49916824,-70.27028246
03440001-6,Azufrera Codocedo,Meteorológicas,Suspendidas,Región de Atacama,Comuna de Copiapó,Rio Copiapo,4100,-26.8337128,-69.21668495
03440002-4,Quebrada San Andres,Meteorológicas,Vigentes,Región de Atacama,Comuna de Copiapó,Rio Copiapo,3672,-26.89250359,-69.2519496
03441001-1,Pastos Grandes,Meteorológicas,Vigentes,Región de Atacama,Comuna de Copiapó,Rio Copiapo,2260,-27.11454727,-69.56420089
03441002-K,Quebrada Paipote Ante Junta Quebrada San Andres,Meteorológicas,Vigentes,Región de Atacama,Comuna de Copiapó,Rio Copiapo,3518,-27.13750309,-69.37972785
03443001-2,Quebrada San Miguel,Meteorológicas,Suspendidas,Región de Atacama,Comuna de Copiapó,Rio Copiapo,2934,-27.44861201,-69.69000321
03445001-3,Cruce Paipote,Control de Nivel,Suspendidas,Región de Atacama,Comuna de Copiapó,Rio Copiapo,439,-27.40316513,-70.27367351
03445002-1,Pozo Cementos Bio-Bio,Calidad de Aguas,Vigentes,Región de Atacama,Comuna de Copiapó,Rio Copiapo,0,-27.35250257,-70.22056482
03450001-0,Rio Copiapo En Ciudad De Copiapo,Fluviométricas,Vigentes,Región de Atacama,Comuna de Copiapó,Rio Copiapo,0,-27.36569584,-70.34103514
03450002-9,Rio Copiapo En La Chimba (Ca),Calidad de Aguas,Suspendidas,Región de Atacama,Comuna de Copiapó,Rio Copiapo,360,-27.35336801,-70.3538568
03450003-7,Rio Copiapo En Puente Bodega (Ca),Calidad de Aguas,Suspendidas,Región de Atacama,Comuna de Copiapó,Rio Copiapo,0,-27.32282027,-70.39890387
03450004-5,Copiapo,Meteorológicas,Vigentes,Región de Atacama,Comuna de Copiapó,Rio Copiapo,385,-27.35051544,-70.35480268
03450005-3,Pueblo San Fernando A - 18,Control de Nivel,Vigentes,Región de Atacama,Comuna de Copiapó,Rio Copiapo,421,-27.39958589,-70.28696224
03450006-1,Pueblo San Fernando (Fundo El Sauce),Control de Nivel,Suspendidas,Región de Atacama,Comuna de Copiapó,Rio Copiapo,435,-27.40094567,-70.28339773
03450007-K,Plazuela Sierra Alta,Control de Nivel,Suspendidas,Región de Atacama,Comuna de Copiapó,Rio Copiapo,405,-27.40038628,-70.30283987
03450008-8,La Chimba,Control de Nivel,Suspendidas,Región de Atacama,Comuna de Copiapó,Rio Copiapo,351,-27.34760536,-70.35423151
03450012-6,Hacienda Bodega,Control de Nivel,Suspendidas,Región de Atacama,Comuna de Copiapó,Rio Copiapo,330,-27.32538513,-70.38062285
03450013-4,Aeropuerto Copiapo,Control de Nivel,Suspendidas,Región de Atacama,Comuna de Copiapó,Rio Copiapo,300,-27.30455333,-70.41118434
03450015-0,Pueblo San Fernando Las Cañas,Control de Nivel,Vigentes,Región de Atacama,Comuna de Copiapó,Rio Copiapo,434,-27.40514658,-70.29182075
03450016-9,Valle Dorado,Control de Nivel,Vigentes,Región de Atacama,Comuna de Copiapó,Rio Copiapo,332,-27.33838103,-70.39269089
03450017-7,Planta Castellon,Control de Nivel,Suspendidas,Región de Atacama,Comuna de Copiapó,Rio Copiapo,419,-27.45427357,-70.32506564
03450018-5,Pozo Hacienda Bodega,Calidad de Aguas,Suspendidas,Región de Atacama,Comuna de Copiapó,Rio Copiapo,0,-27.33092921,-70.38409764
03450019-3,Escuela Italiana,Control de Nivel,Vigentes,Región de Atacama,Comuna de Copiapó,Rio Copiapo,358,-27.34846592,-70.35298848
03450020-7,Villa Candelaria,Control de Nivel,Vigentes,Región de Atacama,Comuna de Copiapó,Rio Copiapo,300,-27.30200834,-70.42536909
03450021-5,Sali Hochschild,Control de Nivel,Vigentes,Región de Atacama,Comuna de Copiapó,Rio Copiapo,363,-27.36886093,-70.33949602
03450022-3,Escuela Italiana,Control de Nivel,Suspendidas,Región de Atacama,Comuna de Copiapó,Rio Copiapo,0,-27.34538097,-70.35089897
03450023-1,Sali Hochschild,Control de Nivel,Suspendidas,Región de Atacama,Comuna de Copiapó,Rio Copiapo,0,-27.36593941,-70.3372871
03450024-K,Pozo Alianza (Sucesión Rebello Valencia),Calidad de Aguas,Vigentes,Región de Atacama,Comuna de Copiapó,Rio Copiapo,0,-27.40306137,-70.30056527
03450025-8,Pozo Cementerio,Calidad de Aguas,Vigentes,Región de Atacama,Comuna de Copiapó,Rio Copiapo,0,-27.37222897,-70.33278242
03450026-6,Pozo Diamante San Jose (Casub-189),Calidad de Aguas,Vigentes,Región de Atacama,Comuna de Copiapó,Rio Copiapo,0,-27.33361374,-70.37916826
03450027-4,Pozo Sucesion Callegari Panniza,Calidad de Aguas,Vigentes,Región de Atacama,Comuna de Copiapó,Rio Copiapo,0,-27.39000229,-70.31473201
03450028-2,Vicuna Vi09,Calidad de Aguas,Vigentes,Región de Atacama,Comuna de Copiapó,Rio Copiapo,0,-27.37611385,-70.32389051
03450029-0,Pozo Parque Kaukari,Control de Nivel,Vigentes,Región de Atacama,Comuna de Copiapó,Rio Copiapo,380,-27.37194597,-70.33500345
03451001-6,Rio Copiapo En Piedra Colgada (Ca),Calidad de Aguas,Suspendidas,Región de Atacama,Comuna de Copiapó,Rio Copiapo,250,-27.30343135,-70.48549875
03451002-4,Rio Copiapo En Momte Amargo (Ca),Calidad de Aguas,Suspendidas,Región de Atacama,Comuna de Copiapó,Rio Copiapo,180,-27.35343169,-70.71883503
03451003-2,Hacienda Chamonate,Control de Nivel,Suspendidas,Región de Atacama,Comuna de Copiapó,Rio Copiapo,290,-27.2992754,-70.44451184
03451004-0,Hacienda San Francisco,Control de Nivel,Vigentes,Región de Atacama,Comuna de Copiapó,Rio Copiapo,274,-27.29311563,-70.46482104
03451005-9,Hacienda Toledo,Control de Nivel,Vigentes,Región de Atacama,Comuna de Copiapó,Rio Copiapo,287,-27.3015983,-70.44508755
03451006-7,Fundo San Juan,Control de Nivel,Vigentes,Región de Atacama,Comuna de Copiapó,Rio Copiapo,241,-27.31648155,-70.51261394
03451007-5,Fundo San Pedro,Control de Nivel,Suspendidas,Región de Atacama,Comuna de Copiapó,Rio Copiapo,212,-27.33260578,-70.56396354
03451008-3,Hacienda Margarita,Control de Nivel,Vigentes,Región de Atacama,Comuna de Copiapó,Rio Copiapo,195,-27.33808473,-70.60532862
03451010-5,Chamonate (14),Control de Nivel,Suspendidas,Región de Atacama,Comuna de Copiapó,Rio Copiapo,282,-27.28288483,-70.44784576
03451011-3,Piedra Colgada (13),Control de Nivel,Vigentes,Región de Atacama,Comuna de Copiapó,Rio Copiapo,271,-27.29654051,-70.48414403
03451012-1,Noria Santelices,Control de Nivel,Vigentes,Región de Atacama,Comuna de Copiapó,Rio Copiapo,265,-27.30740293,-70.48380351
03451013-K,Fundo El Carmen,Control de Nivel,Suspendidas,Región de Atacama,Comuna de Copiapó,Rio Copiapo,248,-27.31871886,-70.49173554
03451014-8,San Pedro (11),Control de Nivel,Vigentes,Región de Atacama,Comuna de Copiapó,Rio Copiapo,217,-27.31963618,-70.55983024
03451015-6,Hacienda Perales (10),Control de Nivel,Suspendidas,Región de Atacama,Comuna de Copiapó,Rio Copiapo,199,-27.34843883,-70.58785935
03451016-4,Hda Margarita (Matamoros),Control de Nivel,Vigentes,Región de Atacama,Comuna de Copiapó,Rio Copiapo,192,-27.34787692,-70.6069961
03451017-2,Valle Fertil (7),Control de Nivel,Vigentes,Región de Atacama,Comuna de Copiapó,Rio Copiapo,179,-27.37343079,-70.65021281
03451018-0,San Camilo (8),Control de Nivel,Vigentes,Región de Atacama,Comuna de Copiapó,Rio Copiapo,166,-27.36672759,-70.66288186
03451019-9,San Camilo (6),Control de Nivel,Vigentes,Región de Atacama,Comuna de Copiapó,Rio Copiapo,159,-27.37580873,-70.68311717
03451020-2,Punta Picazo (5),Control de Nivel,Vigentes,Región de Atacama,Comuna de Copiapó,Rio Copiapo,150,-27.35596792,-70.69447222
03451021-0,Monte Amargo (2),Control de Nivel,Vigentes,Región de Atacama,Comuna de Copiapó,Rio Copiapo,133,-27.3549903,-70.72345842
03451022-9,Pozo Fundo El Carmen,Calidad de Aguas,Suspendidas,Región de Atacama,Comuna de Copiapó,Rio Copiapo,0,-27.32232171,-70.49161195
03451023-7,Gino Orostica,Control de Nivel,Vigentes,Región de Atacama,Comuna de Copiapó,Rio Copiapo,294,-27.29880117,-70.43358318
03451024-5,San Pedro,Control de Nivel,Vigentes,Región de Atacama,Comuna de Copiapó,Rio Copiapo,215,-27.32835679,-70.53609089
03451025-3,Kiosco Santa Valentina,Control de Nivel,Vigentes,Región de Atacama,Comuna de Copiapó,Rio Copiapo,185,-27.34645562,-70.62374464
03451026-1,Canto Del Viento,Control de Nivel,Vigentes,Región de Atacama,Comuna de Copiapó,Rio Copiapo,261,-27.30580369,-70.49411924
03451027-K,Villa Candelaria,Control de Nivel,Suspendidas,Región de Atacama,Comuna de Copiapó,Rio Copiapo,0,-27.3003844,-70.41729523
03451028-8,Gino Arostica,Control de Nivel,Suspendidas,Región de Atacama,Comuna de Copiapó,Rio Copiapo,0,-27.2956636,-70.43146149
03451029-6,San Pedro,Control de Nivel,Suspendidas,Región de Atacama,Comuna de Copiapó,Rio Copiapo,0,-27.32538339,-70.53396802
03451030-K,Kiosco Santa Valentina,Control de Nivel,Suspendidas,Región de Atacama,Comuna de Copiapó,Rio Copiapo,0,-27.34343702,-70.62174985
03451031-8,Canto Del Viento,Control de Nivel,Suspendidas,Región de Atacama,Comuna de Copiapó,Rio Copiapo,0,-27.30288351,-70.49201885
03451032-6,Piedra Colgada Pc02,Calidad de Aguas,Vigentes,Región de Atacama,Comuna de Copiapó,Rio Copiapo,0,-27.29416808,-70.47888894
03451033-4,Pozo 2 (Casub-214),Calidad de Aguas,Vigentes,Región de Atacama,Comuna de Copiapó,Rio Copiapo,0,-27.32528082,-70.54001013
03451034-2,Pozo Olivar Viejo (Casub-212),Calidad de Aguas,Vigentes,Región de Atacama,Comuna de Copiapó,Rio Copiapo,0,-27.33417468,-70.58334035
03453001-7,Rio Copiapo En Angostura,Fluviométricas,Vigentes,Región de Atacama,Comuna de Caldera,Rio Copiapo,48,-27.32315835,-70.84007634
03453002-5,Canal Maria Isabel Despues De Bocatoma,Fluviométricas,Suspendidas,Región de Atacama,Comuna de Copiapó,Rio Copiapo,0,-27.34343683,-70.7503469
03453003-3,Rio Copiapo En Hacienda Maria Isabel (Ca,Calidad de Aguas,Suspendidas,Región de Atacama,Comuna de Caldera,Rio Copiapo,90,-27.34272611,-70.78298177
03453004-1,Rio Copiapo En Desembocadura (Ca),Calidad de Aguas,Suspendidas,Región de Atacama,Comuna de Caldera,Rio Copiapo,10,-27.32041329,-70.91867621
03453005-K,Hacienda Maria Isabel (4),Control de Nivel,Vigentes,Región de Atacama,Comuna de Copiapó,Rio Copiapo,120,-27.34458038,-70.75200227
03453006-8,Hacienda Maria Isabel (3),Control de Nivel,Vigentes,Región de Atacama,Comuna de Caldera,Rio Copiapo,106,-27.34318044,-70.77352876
03453007-6,Hacienda Maria Isabel (1),Control de Nivel,Vigentes,Región de Atacama,Comuna de Caldera,Rio Copiapo,120,-27.33831818,-70.79311894
03453008-4,Pozo Hacienda Maria Isabel,Calidad de Aguas,Suspendidas,Región de Atacama,Comuna de Caldera,Rio Copiapo,0,-27.33870224,-70.79273096
03453009-2,Desembocadura Rio Copiapo,Calidad de Aguas,Vigentes,Región de Atacama,Comuna de Caldera,Rio Copiapo,0,-27.31944828,-70.83806487
03600001-5,Pozo Totoral Bajo,Control de Nivel,Vigentes,Región de Atacama,Comuna de Copiapó,Q.Totoral y Costeras hasta Q.Carrizal,231,-27.9016705,-70.87611283
03600002-3,Totoral,Calidad de Aguas,Vigentes,Región de Atacama,Comuna de Copiapó,Q.Totoral y Costeras hasta Q.Carrizal,0,-27.80611124,-70.50166952
03600003-1,Pozo Hacienda Castilla,Control de Nivel,Vigentes,Región de Atacama,Comuna de Copiapó,Q.Totoral y Costeras hasta Q.Carrizal,279,-27.95667283,-70.70722714
03602000-8,Pozo Estacion Algarrobal,Calidad de Aguas,Vigentes,Región de Atacama,Comuna de Vallenar,Q.Totoral y Costeras hasta Q.Carrizal,0,-28.1326566,-70.63951805
03603001-1,Boqueron Chanar,Control de Nivel,Vigentes,Región de Atacama,Comuna de Vallenar,Q.Totoral y Costeras hasta Q.Carrizal,349,-28.06813609,-70.70689025
03603002-K,Quebrada Algarrobal W-2,Control de Nivel,Vigentes,Región de Atacama,Comuna de Vallenar,Q.Totoral y Costeras hasta Q.Carrizal,417,-28.12601703,-70.66473493
03604001-7,El Totoral,Meteorológicas,Vigentes,Región de Atacama,Comuna de Copiapó,Q.Totoral y Costeras hasta Q.Carrizal,150,-27.90120019,-70.96107749
03700001-9,Quebrada Porotillos,Control de Nivel,Vigentes,Región de Atacama,Comuna de Huasco,Quebrada Carrizal y Costeras hasta R. Huasco,310,-28.18844954,-70.79485724
03701001-4,Canto De Agua,Meteorológicas,Vigentes,Región de Atacama,Comuna de Huasco,Quebrada Carrizal y Costeras hasta R. Huasco,330,-28.14963684,-70.86097162
03701002-2,Quebrada Tamarico,Control de Nivel,Vigentes,Región de Atacama,Comuna de Vallenar,Quebrada Carrizal y Costeras hasta R. Huasco,325,-28.15417707,-70.76756655
03701003-0,Canto Del Agua,Control de Nivel,Suspendidas,Región de Atacama,Comuna de Huasco,Quebrada Carrizal y Costeras hasta R. Huasco,0,-28.14623364,-70.91731716
03701004-9,Milla Nueve,Control de Nivel,Vigentes,Región de Atacama,Comuna de Huasco,Quebrada Carrizal y Costeras hasta R. Huasco,327,-28.09852686,-70.78041309
03701005-7,Zanjon,Control de Nivel,Vigentes,Región de Atacama,Comuna de Huasco,Quebrada Carrizal y Costeras hasta R. Huasco,296,-28.12480399,-70.81230207
03701007-3,Estacion Algarrobal,Control de Nivel,Vigentes,Región de Atacama,Comuna de Vallenar,Q.Totoral y Costeras hasta Q.Carrizal,440,-28.13269038,-70.639712
03701008-1,Carrizal Bajo (Carr-2),Calidad de Aguas,Vigentes,Región de Atacama,Comuna de Huasco,Quebrada Carrizal y Costeras hasta R. Huasco,0,-28.08194964,-71.14028261
03701009-K,Pozo Llanos De Challe,Control de Nivel,Vigentes,Región de Atacama,Comuna de Huasco,Quebrada Carrizal y Costeras hasta R. Huasco,239,-28.14861226,-70.91500763
03800000-4,Portezuelo El Gaucho,Meteorológicas,Vigentes,Región de Atacama,Comuna de Alto del Carmen,Rio Huasco,4000,-28.6263252,-70.04718992
03800001-2,Apr Junta Valeriano,Calidad de Aguas,Vigentes,Región de Atacama,Comuna de Alto del Carmen,Rio Huasco,0,-28.88000637,-70.04112089
03801001-8,Campamento El Nevado Quebrada Barriales,Meteorológicas,Suspendidas,Región de Atacama,Comuna de Alto del Carmen,Rio Huasco,3620,-28.95763669,-69.87171159
03801002-6,Junta Valerianos,Meteorológicas,Suspendidas,Región de Atacama,Comuna de Alto del Carmen,Rio Huasco,1800,-28.90236567,-70.06032858
03802001-3,Rio Conay En Las Lozas,Meteorológicas,Vigentes,Región de Atacama,Comuna de Alto del Carmen,Rio Huasco,1570,-28.94860092,-70.10091925
03802004-8,Los Tambos,Meteorológicas,Suspendidas,Región de Atacama,Comuna de Alto del Carmen,Rio Huasco,1400,-28.98208198,-70.18811802
03802005-6,Conay,Meteorológicas,Vigentes,Región de Atacama,Comuna de Alto del Carmen,Rio Huasco,1450,-28.97467413,-70.15372316
03802006-4,Conay En Albaricoque,Meteorológicas,Vigentes,Región de Atacama,Comuna de Alto del Carmen,Rio Huasco,1600,-28.95300136,-70.11671686
03803001-9,Rio Chollay Antes Rio Conay (Ca),Calidad de Aguas,Vigentes,Región de Atacama,Comuna de Alto del Carmen,Rio Huasco,1455,-28.97710502,-70.154407
03803003-5,Ne-5 Rio Estrecho En Nacimiento,Fluviométricas,Suspendidas,Región de Atacama,Comuna de Alto del Carmen,Rio Huasco,0,-29.29847782,-70.04949822
03803004-3,Ne-3 Rio Estrecho Bajo Qda. Los Barriales,Fluviométricas,Suspendidas,Región de Atacama,Comuna de Alto del Carmen,Rio Huasco,0,-29.25487041,-70.08671909
03803005-1,Ne-7 Rio Blanco Ante Junta Rio Chollay,Fluviométricas,Suspendidas,Región de Atacama,Comuna de Alto del Carmen,Rio Huasco,0,-29.13375296,-70.13617046
03803006-K,Ne-8 Rio Chollay En Qda. Chañarcillo,Fluviométricas,Suspendidas,Región de Atacama,Comuna de Alto del Carmen,Rio Huasco,0,-29.09597316,-70.11811252
03803007-8,Ne-9 Rio Chollay En Conay,Fluviométricas,Suspendidas,Región de Atacama,Comuna de Alto del Carmen,Rio Huasco,0,-28.97208493,-70.15255524
03803008-6,Ne-2A Rio Estrecho Sobre Quebrada Los Barriales,Fluviométricas,Suspendidas,Región de Atacama,Comuna de Alto del Carmen,Rio Huasco,0,-29.28236651,-70.0600497
03803009-4,Ne-4 Rio Estrecho Ante Junta Rio Del Toro,Fluviométricas,Suspendidas,Región de Atacama,Comuna de Alto del Carmen,Rio Huasco,0,-29.19542223,-70.13478238
03803010-8,Ne-1A Rio Estrecho En Quebrada Los Barriales,Fluviométricas,Suspendidas,Región de Atacama,Comuna de Alto del Carmen,Rio Huasco,0,-29.26542718,-70.06116146
03803011-6,Apr Chollay,Calidad de Aguas,Vigentes,Región de Atacama,Comuna de Alto del Carmen,Rio Huasco,0,-29.00389186,-70.14695359
03803012-4,Apr Conay,Calidad de Aguas,Vigentes,Región de Atacama,Comuna de Alto del Carmen,Rio Huasco,0,-28.97111495,-70.15305764
03804002-2,Rio Transito En Angostura Pinte,Fluviométricas,Vigentes,Región de Atacama,Comuna de Alto del Carmen,Rio Huasco,1000,-28.94554095,-70.25074026
03804005-7,El Parral,Meteorológicas,Vigentes,Región de Atacama,Comuna de Alto del Carmen,Rio Huasco,1400,-28.97891045,-70.19769884
03804006-5,El Corral,Meteorológicas,Vigentes,Región de Atacama,Comuna de Alto del Carmen,Rio Huasco,1820,-29.11357753,-70.41208767
03804007-3,Junta Del Carmen,Meteorológicas,Vigentes,Región de Atacama,Comuna de Alto del Carmen,Rio Huasco,770,-28.75501391,-70.48520058
03804008-1,El Transito,Control de Nivel,Vigentes,Región de Atacama,Comuna de Alto del Carmen,Rio Huasco,1104,-28.88302857,-70.28017849
03804009-K,Apr Angostura-La Pampa,Calidad de Aguas,Vigentes,Región de Atacama,Comuna de Alto del Carmen,Rio Huasco,0,-28.9661188,-70.22611173
03804010-3,Apr El Transito,Calidad de Aguas,Vigentes,Región de Atacama,Comuna de Alto del Carmen,Rio Huasco,0,-28.87334005,-70.2797316
03804011-1,Apr La Arena,Calidad de Aguas,Vigentes,Región de Atacama,Comuna de Alto del Carmen,Rio Huasco,0,-28.9191689,-70.27111333
03805002-8,Chanchoquin,Control de Nivel,Vigentes,Región de Atacama,Comuna de Alto del Carmen,Rio Huasco,1095,-28.86181274,-70.28284025
03806001-5,Rio Transito Antes Junta Rio Carmen,Fluviométricas,Vigentes,Región de Atacama,Comuna de Alto del Carmen,Rio Huasco,812,-28.75221713,-70.48430077
03806002-3,El Transito,Meteorológicas,Vigentes,Región de Atacama,Comuna de Alto del Carmen,Rio Huasco,1100,-28.87367104,-70.28194008
03806003-1,Chiguinto,Control de Nivel,Vigentes,Región de Atacama,Comuna de Alto del Carmen,Rio Huasco,1008,-28.83235692,-70.33111041
03806004-K,Ramadillas,Control de Nivel,Vigentes,Región de Atacama,Comuna de Alto del Carmen,Rio Huasco,807,-28.76163068,-70.46104189
03806005-8,Fundo Ramadillas,Control de Nivel,Vigentes,Región de Atacama,Comuna de Alto del Carmen,Rio Huasco,979,-28.74874962,-70.48201932
03806006-6,Apr Las Marquesas,Calidad de Aguas,Vigentes,Región de Atacama,Comuna de Alto del Carmen,Rio Huasco,0,-28.81611871,-70.36389002
03806007-4,Apr Perales,Calidad de Aguas,Vigentes,Región de Atacama,Comuna de Alto del Carmen,Rio Huasco,0,-28.84445091,-70.30612068
03812000-K,To-3 Rio El Toro,Fluviométricas,Suspendidas,Región de Atacama,Comuna de Alto del Carmen,Rio Huasco,0,-29.33153765,-70.08422514
03812001-8,To-7 Quebrada La Ortiga,Fluviométricas,Suspendidas,Región de Atacama,Comuna de Alto del Carmen,Rio Huasco,0,-29.38875998,-70.17200922
03812002-6,Vit-4 Rio Tres Quebradas Ante Junta Rio Potrerillo,Fluviométricas,Suspendidas,Región de Atacama,Comuna de Alto del Carmen,Rio Huasco,0,-29.41598696,-70.21033499
03812003-4,Vit-5 Rio Potrerillo Ante Junta Rio Tres Quebradas,Fluviométricas,Suspendidas,Región de Atacama,Comuna de Alto del Carmen,Rio Huasco,0,-29.41903715,-70.21034022
03812005-0,To-6A Rio Tres Quebradas Sobre Qda La Ortiga,Fluviométricas,Suspendidas,Región de Atacama,Comuna de Alto del Carmen,Rio Huasco,0,-29.37209282,-70.1511711
03812006-9,Po-7B Rio Potrerillos Bajo Qda. Larga,Fluviométricas,Suspendidas,Región de Atacama,Comuna de Alto del Carmen,Rio Huasco,0,-29.4798769,-70.07616722
03812007-7,Vit-3 Rio Potrerillos Bajo Rio Tres Quebradas,Fluviométricas,Suspendidas,Región de Atacama,Comuna de Alto del Carmen,Rio Huasco,0,-29.41181419,-70.22061301
03813000-5,Vit-2 Rio Del Carmen Bajo Rio Potrerillos,Calidad de Aguas,Suspendidas,Región de Atacama,Comuna de Alto del Carmen,Rio Huasco,0,-29.31681436,-70.35173701
03814001-9,Rio Carmen En San Felix,Calidad de Aguas,Suspendidas,Región de Atacama,Comuna de Alto del Carmen,Rio Huasco,812,-28.94041543,-70.45700813
03814003-5,Rio Carmen En El Corral,Meteorológicas,Vigentes,Región de Atacama,Comuna de Alto del Carmen,Rio Huasco,2000,-29.1131102,-70.41618161
03814004-3,San Felix,Control de Nivel,Vigentes,Región de Atacama,Comuna de Alto del Carmen,Rio Huasco,1132,-28.93293958,-70.46149937
03814005-1,Apr El Corral,Calidad de Aguas,Vigentes,Región de Atacama,Comuna de Alto del Carmen,Rio Huasco,0,-29.11945327,-70.39389515
03814006-K,Apr Piedras Juntas,Calidad de Aguas,Vigentes,Región de Atacama,Comuna de Alto del Carmen,Rio Huasco,0,-28.99722747,-70.46750452
03815001-4,Rio Carmen En Ramadillas,Calidad de Aguas,Vigentes,Región de Atacama,Comuna de Alto del Carmen,Rio Huasco,825,-28.75452604,-70.48360632
03815002-2,Rio Carmen En Pte. La Majada,Fluviométricas,Vigentes,Región de Atacama,Comuna de Alto del Carmen,Rio Huasco,1075,-28.91322144,-70.44977646
03815003-0,Rio Carmen Antes Rio Transito (Ca),Calidad de Aguas,Suspendidas,Región de Atacama,Comuna de Alto del Carmen,Rio Huasco,780,-28.75540622,-70.46995716
03815004-9,San Felix,Meteorológicas,Vigentes,Región de Atacama,Comuna de Alto del Carmen,Rio Huasco,1150,-28.93095504,-70.46391302
03815005-7,El Rosario,Control de Nivel,Vigentes,Región de Atacama,Comuna de Alto del Carmen,Rio Huasco,830,-28.79564863,-70.46234594
03815006-5,Liceo Alto Del Carmen,Control de Nivel,Vigentes,Región de Atacama,Comuna de Alto del Carmen,Rio Huasco,823,-28.7734693,-70.47035372
03815007-3,Apr Alto Del Carmen,Calidad de Aguas,Vigentes,Región de Atacama,Comuna de Alto del Carmen,Rio Huasco,0,-28.75667057,-70.48473245
03815008-1,Apr Crucecita,Calidad de Aguas,Vigentes,Región de Atacama,Comuna de Alto del Carmen,Rio Huasco,0,-28.9072274,-70.43222705
03815009-K,Apr Retamo,Calidad de Aguas,Vigentes,Región de Atacama,Comuna de Alto del Carmen,Rio Huasco,0,-28.82417493,-70.43889763
03820001-1,Rio Huasco En Algodones,Meteorológicas,Vigentes,Región de Atacama,Comuna de Alto del Carmen,Rio Huasco,750,-28.72944883,-70.50786536
03820002-K,Rio Huasco En Chepica,Fluviométricas,Suspendidas,Región de Atacama,Comuna de Alto del Carmen,Rio Huasco,600,-28.70317535,-70.55120581
03820003-8,Rio Huasco En Santa Juana,Fluviométricas,Vigentes,Región de Atacama,Comuna de Vallenar,Rio Huasco,575,-28.6751662,-70.64792404
03820004-6,Santa Juana,Meteorológicas,Vigentes,Región de Atacama,Comuna de Vallenar,Rio Huasco,560,-28.67072375,-70.65404509
03820005-4,Embalse Huasco Sta. Juana (Lm),Lagos y Embalses,Vigentes,Región de Atacama,Comuna de Vallenar,Rio Huasco,0,-28.67235363,-70.64619165
03820006-2,Puente El Algodon,Control de Nivel,Vigentes,Región de Atacama,Comuna de Alto del Carmen,Rio Huasco,753,-28.73041038,-70.50174626
03820007-0,Chepica,Control de Nivel,Vigentes,Región de Atacama,Comuna de Alto del Carmen,Rio Huasco,676,-28.69985876,-70.54924285
03820008-9,Santa Juana,Control de Nivel,Vigentes,Región de Atacama,Comuna de Vallenar,Rio Huasco,553,-28.67179976,-70.6464695
03820009-7,Rio Huasco En El Maiten,Fluviométricas,Vigentes,Región de Atacama,Comuna de Alto del Carmen,Rio Huasco,701,-28.70834171,-70.54056461
03820010-0,Apr El Sombrio,Calidad de Aguas,Vigentes,Región de Atacama,Comuna de Alto del Carmen,Rio Huasco,0,-28.73195196,-70.49945434
03821000-9,Apr Chanar Blanco,Calidad de Aguas,Vigentes,Región de Atacama,Comuna de Vallenar,Rio Huasco,0,-28.64278195,-70.69222318
03822000-4,Apr Quebrada El Jilguero,Calidad de Aguas,Vigentes,Región de Atacama,Comuna de Vallenar,Rio Huasco,0,-28.58778153,-70.72139032
03823001-8,Rio Huasco En Panamericana (Ca),Calidad de Aguas,Vigentes,Región de Atacama,Comuna de Vallenar,Rio Huasco,0,-28.56862735,-70.78185945
03823002-6,Vallenar Dmc,Meteorológicas,Suspendidas,Región de Atacama,Comuna de Vallenar,Rio Huasco,535,-28.59402584,-70.75730909
03823003-4,Vallenar Dga,Meteorológicas,Vigentes,Región de Atacama,Comuna de Vallenar,Rio Huasco,420,-28.58583998,-70.7384735
03823004-2,La Compañia (Vallenar),Meteorológicas,Vigentes,Región de Atacama,Comuna de Vallenar,Rio Huasco,430,-28.58114284,-70.79834587
03823005-0,Pozo A.P. Vallenar,Control de Nivel,Vigentes,Región de Atacama,Comuna de Vallenar,Rio Huasco,406,-28.58425116,-70.74133045
03823006-9,Hacienda Ventanas,Control de Nivel,Vigentes,Región de Atacama,Comuna de Vallenar,Rio Huasco,342,-28.55970078,-70.79704085
03823009-3,Pozo Agua Potable Vallenar,Calidad de Aguas,Vigentes,Región de Atacama,Comuna de Vallenar,Rio Huasco,0,-28.58461583,-70.74174541
03823010-7,El Algarrobo,Control de Nivel,Vigentes,Región de Atacama,Comuna de Vallenar,Rio Huasco,407,-28.58429524,-70.74702578
03823011-5,Maitencillo,Control de Nivel,Vigentes,Región de Atacama,Comuna de Freirina,Rio Huasco,253,-28.52152149,-70.91509743
03823012-3,Aguas Arriba Puente Panamericana,Calidad de Aguas,Suspendidas,Región de Atacama,Comuna de Vallenar,Rio Huasco,330,-28.57040581,-70.76870268
03823013-1,Pozo 5 (Agricola Perales),Calidad de Aguas,Vigentes,Región de Atacama,Comuna de Vallenar,Rio Huasco,0,-28.55222724,-70.80667442
03823014-K,Pozo Matta,Calidad de Aguas,Vigentes,Región de Atacama,Comuna de Vallenar,Rio Huasco,0,-28.57111983,-70.76723238
03825001-9,Rio Huasco En Puente Nicolasa,Fluviométricas,Vigentes,Región de Atacama,Comuna de Freirina,Rio Huasco,167,-28.51648677,-71.01059167
03825002-7,Rio Huasco En Bodeguilla (Ca),Calidad de Aguas,Suspendidas,Región de Atacama,Comuna de Freirina,Rio Huasco,175,-28.52043101,-70.98538012
03825003-5,Rio Huasco En Freirina (Ca),Calidad de Aguas,Suspendidas,Región de Atacama,Comuna de Freirina,Rio Huasco,75,-28.50376614,-71.06871874
03825004-3,Freirina,Meteorológicas,Vigentes,Región de Atacama,Comuna de Freirina,Rio Huasco,100,-28.5117963,-71.07763027
03825005-1,Freirina,Control de Nivel,Vigentes,Región de Atacama,Comuna de Freirina,Rio Huasco,84,-28.50796215,-71.07107864
03825006-K,Tatara,Control de Nivel,Vigentes,Región de Atacama,Comuna de Freirina,Rio Huasco,209,-28.5207456,-70.94556067
03826001-4,Rio Huasco En Huasco Bajo,Calidad de Aguas,Vigentes,Región de Atacama,Comuna de Huasco,Rio Huasco,0,-28.46849045,-71.18036519
03826002-2,Huasco,Meteorológicas,Suspendidas,Región de Atacama,Comuna de Huasco,Rio Huasco,15,-28.46735532,-71.22150194
03826003-0,Huasco Bajo,Meteorológicas,Vigentes,Región de Atacama,Comuna de Huasco,Rio Huasco,50,-28.46259823,-71.22493519
03826004-9,Huasco Alto C - 2,Control de Nivel,Vigentes,Región de Atacama,Comuna de Huasco,Rio Huasco,11,-28.46912989,-71.16179401
03826005-7,Canal Madariaga,Control de Nivel,Vigentes,Región de Atacama,Comuna de Huasco,Rio Huasco,31,-28.48596167,-71.14447889
03826006-5,Huasco Alto,Control de Nivel,Vigentes,Región de Atacama,Comuna de Huasco,Rio Huasco,9,-28.47721582,-71.16964831
03826010-3,Olivarera Huasco (D - 13),Control de Nivel,Vigentes,Región de Atacama,Comuna de Huasco,Rio Huasco,7,-28.46256129,-71.19277169
03826011-1,Planta Huasco Alto C2,Calidad de Aguas,Vigentes,Región de Atacama,Comuna de Huasco,Rio Huasco,0,-28.48737667,-71.15428134
03826012-K,Pozo 2 Cmp,Calidad de Aguas,Vigentes,Región de Atacama,Comuna de Huasco,Rio Huasco,0,-28.46388942,-71.17750363
03940001-4,Domeyko,Meteorológicas,Vigentes,Región de Atacama,Comuna de Vallenar,Costeras e Islas entre R.Huasco y Cuarta Region,780,-28.95436127,-70.89433407
03940002-2,Quebrada Algarrobal,Control de Nivel,Suspendidas,Región de Atacama,Comuna de Vallenar,Costeras e Islas entre R.Huasco y Cuarta Region,0,-28.92819367,-70.80703252
03940003-0,Domeyko (C - 1),Control de Nivel,Vigentes,Región de Atacama,Comuna de Vallenar,Costeras e Islas entre R.Huasco y Cuarta Region,655,-28.97572401,-70.963834
03940004-9,Domeyko (C - 7 ),Control de Nivel,Vigentes,Región de Atacama,Comuna de Vallenar,Costeras e Islas entre R.Huasco y Cuarta Region,704,-28.97711447,-70.92886847
03940005-7,Pueblo Domeyko,Control de Nivel,Vigentes,Región de Atacama,Comuna de Vallenar,Costeras e Islas entre R.Huasco y Cuarta Region,785,-28.95583977,-70.88993911
03940006-5,Casa De Piedra,Control de Nivel,Vigentes,Región de Atacama,Comuna de Vallenar,Costeras e Islas entre R.Huasco y Cuarta Region,821,-28.94954904,-70.86352073
03940007-3,Pique Algarrobal,Control de Nivel,Vigentes,Región de Atacama,Comuna de Vallenar,Costeras e Islas entre R.Huasco y Cuarta Region,897,-28.94780473,-70.83351288
03940008-1,Pozo Domeyko,Calidad de Aguas,Vigentes,Región de Atacama,Comuna de Vallenar,Costeras e Islas entre R.Huasco y Cuarta Region,0,-28.96991264,-70.92454843
04000000-3,Apr Punta De Choros,Calidad de Aguas,Vigentes,Región de Coquimbo,Comuna de La Higuera,Costeras e Islas entre Tercera Region y Q. Los Choros,0,-29.24266362,-71.46078441
04100001-5,Observatorio La Silla,Control de Nivel,Suspendidas,Región de Coquimbo,Comuna de La Higuera,Rio los Choros,0,-29.15820383,-70.80564895
04100002-3,Observatorio La Silla,Control de Nivel,Vigentes,Región de Coquimbo,Comuna de La Higuera,Rio los Choros,998,-29.16434378,-70.81802109
04120001-4,El Trapiche,Meteorológicas,Vigentes,Región de Coquimbo,Comuna de La Higuera,Rio los Choros,300,-29.37307805,-71.11752211
04120002-2,Punta Colorada,Control de Nivel,Vigentes,Región de Coquimbo,Comuna de La Higuera,Rio los Choros,390,-29.36027416,-71.04477045
04120003-0,Los Choros N 3,Control de Nivel,Suspendidas,Región de Coquimbo,Comuna de La Higuera,Rio los Choros,0,-29.39625733,-71.03759799
04120005-7,Los Choros N 4,Control de Nivel,Vigentes,Región de Coquimbo,Comuna de La Higuera,Rio los Choros,51,-29.29379932,-71.30595975
04120006-5,Los Choros N 1,Control de Nivel,Vigentes,Región de Coquimbo,Comuna de La Higuera,Rio los Choros,52,-29.29432271,-71.30072266
04120007-3,El Tofo 5,Control de Nivel,Vigentes,Región de Coquimbo,Comuna de La Higuera,Rio los Choros,235,-29.34558171,-71.14945261
04120008-1,Pueblo Los Choros,Control de Nivel,Vigentes,Región de Coquimbo,Comuna de La Higuera,Rio los Choros,59,-29.29152865,-71.30370632
04120009-K,Los Choros N 2,Control de Nivel,Vigentes,Región de Coquimbo,Comuna de La Higuera,Rio los Choros,53,-29.28621336,-71.32409701
04120010-3,Ang. Qda. De Los Choros,Control de Nivel,Vigentes,Región de Coquimbo,Comuna de La Higuera,Rio los Choros,80,-29.30817124,-71.28706531
04120012-K,G. Cortes,Control de Nivel,Vigentes,Región de Coquimbo,Comuna de La Higuera,Rio los Choros,283,-29.37389459,-71.11268744
04120013-8,Santa Fe,Control de Nivel,Vigentes,Región de Coquimbo,Comuna de La Higuera,Rio los Choros,276,-29.36782616,-71.12212046
04120015-4,El Tofo 3,Control de Nivel,Vigentes,Región de Coquimbo,Comuna de La Higuera,Rio los Choros,237,-29.34786438,-71.15112759
04120016-2,El Tofo 4,Control de Nivel,Vigentes,Región de Coquimbo,Comuna de La Higuera,Rio los Choros,234,-29.34713311,-71.15059734
04120017-0,Los Choros 4 B-2,Control de Nivel,Vigentes,Región de Coquimbo,Comuna de La Higuera,Rio los Choros,315,-29.36360067,-71.06135773
04120018-9,Pozo Los Choros Nº1 C-3,Calidad de Aguas,Vigentes,Región de Coquimbo,Comuna de La Higuera,Rio los Choros,0,-29.2932256,-71.30208744
04120019-7,Pozo Los Choros Nº4 B-2,Calidad de Aguas,Vigentes,Región de Coquimbo,Comuna de La Higuera,Rio los Choros,0,-29.3635075,-71.06096446
04120020-0,Apr Los Choros,Calidad de Aguas,Vigentes,Región de Coquimbo,Comuna de La Higuera,Rio los Choros,0,-29.28936782,-71.30345197
04120021-9,Apr Punta Colorada,Calidad de Aguas,Vigentes,Región de Coquimbo,Comuna de La Higuera,Rio los Choros,0,-29.3538299,-71.01408501
04120022-7,Apr El Trapiche La Higuera,Calidad de Aguas,Vigentes,Región de Coquimbo,Comuna de La Higuera,Rio los Choros,0,-29.36942372,-71.12321451
04120023-5,Pozo Tres Cruces,Control de Nivel,Vigentes,Región de Coquimbo,Comuna de La Higuera,Rio los Choros,484,-29.3713913,-70.94333471
04200001-9,Parcela 123 Vega Norte,Control de Nivel,Vigentes,Región de Coquimbo,Comuna de La Serena,Rio Elqui,5,-29.8180123,-71.27450192
04200003-5,Parcela 122 Vegas Norte,Control de Nivel,Vigentes,Región de Coquimbo,Comuna de La Serena,Rio Elqui,4,-29.82726959,-71.26812104
04200004-3,Noria Parcela 121 Vegas Norte,Control de Nivel,Vigentes,Región de Coquimbo,Comuna de La Serena,Rio Elqui,2,-29.84082818,-71.25919731
04200005-1,Mina Romeral B - 4,Control de Nivel,Vigentes,Región de Coquimbo,Comuna de La Serena,Rio Elqui,216,-29.73104945,-71.22930955
04200006-K,Mina El Romeral B - 10,Control de Nivel,Vigentes,Región de Coquimbo,Comuna de La Serena,Rio Elqui,209,-29.73207779,-71.23038663
04200007-8,Parcela 164 Vegas Norte,Control de Nivel,Vigentes,Región de Coquimbo,Comuna de La Serena,Rio Elqui,30,-29.87080051,-71.25423149
04200008-6,Parcela 114 Vegas Norte,Control de Nivel,Vigentes,Región de Coquimbo,Comuna de La Serena,Rio Elqui,12,-29.86396999,-71.25484378
04200009-4,Parcela 117 Vegas Norte,Control de Nivel,Vigentes,Región de Coquimbo,Comuna de La Serena,Rio Elqui,11,-29.85299799,-71.2554974
04200011-6,Apr Caleta De Hornos,Calidad de Aguas,Vigentes,Región de Coquimbo,Comuna de La Higuera,Costeras entrre R. Los Choros y R. Elqui,127,-29.62838197,-71.27827138
04300001-2,Cerro Olivares,Nivométricas,Vigentes,Región de Coquimbo,Comuna de Vicuña,Rio Elqui,3550,-30.25850116,-69.9403228
04300002-0,Embalse La Laguna (Lm),Lagos y Embalses,Vigentes,Región de Coquimbo,Comuna de Vicuña,Rio Elqui,0,-30.20294863,-70.03644082
04300003-9,Cerro Olivares Experimental,Nivométricas,Vigentes,Región de Coquimbo,Comuna de Vicuña,Rio Elqui,3181,-30.25961345,-70.01727517
04300004-7,Glaciar Tapado En Los Corrales,Glaciológicas,Vigentes,Región de Coquimbo,Comuna de Vicuña,Rio Elqui,4060,-30.15572519,-69.88254615
04300005-5,Paso Agua Negra,Glaciológicas,Vigentes,Región de Coquimbo,Comuna de Vicuña,Rio Elqui,4759,-30.17555987,-69.83139493
04301001-8,Rio La Laguna Antes Junta Rio Del Toro,Fluviométricas,Vigentes,Región de Coquimbo,Comuna de Vicuña,Rio Elqui,0,-29.98016933,-70.093482
04301002-6,Rio La Laguna En Salida Embalse La Laguna,Sedimentometricas,Vigentes,Región de Coquimbo,Comuna de Vicuña,Rio Elqui,3130,-30.20302588,-70.04035816
04301004-2,Rio La Laguna Despues Rio Seco (Ca),Calidad de Aguas,Suspendidas,Región de Coquimbo,Comuna de Vicuña,Rio Elqui,2225,-30.02047959,-70.10201228
04301005-0,La Laguna Embalse,Meteorológicas,Vigentes,Región de Coquimbo,Comuna de Vicuña,Rio Elqui,3160,-30.20231361,-70.0414207
04301006-9,Meseta De La Laguna,Nivométricas,Vigentes,Región de Coquimbo,Comuna de Vicuña,Rio Elqui,3200,-30.19599822,-70.05032939
04302001-3,Rio Toro Antes Junta Rio La Laguna,Fluviométricas,Vigentes,Región de Coquimbo,Comuna de Vicuña,Rio Elqui,2165,-29.97284507,-70.09202328
04302002-1,Rio Malo Aguas Abajo Tranque Relaves El Indio,Fluviométricas,Vigentes,Región de Coquimbo,Comuna de Vicuña,Rio Elqui,0,-29.78471749,-69.99194432
04302003-K,Dren G Tranque El Indio (2-D Drenes),Calidad de Aguas,Vigentes,Región de Coquimbo,Comuna de Vicuña,Rio Elqui,0,-29.78463931,-69.99154008
04302004-8,Rio Vacas Heladas Antes Junta Rio Malo,Fluviométricas,Vigentes,Región de Coquimbo,Comuna de Vicuña,Rio Elqui,0,-29.90638881,-70.05149301
04302005-6,Rio Malo Antes Junta Rio Vacas Heladas,Calidad de Aguas,Vigentes,Región de Coquimbo,Comuna de Vicuña,Rio Elqui,0,-29.90624593,-70.05130507
04302006-4,Rio Malo Antes Faena Minera El Indio (Ca,Calidad de Aguas,Suspendidas,Región de Coquimbo,Comuna de Vicuña,Rio Elqui,3280,-29.81603903,-70.0088213
04302007-2,Rio Malo Despues Faena Minera El Indio,Calidad de Aguas,Vigentes,Región de Coquimbo,Comuna de Vicuña,Rio Elqui,3245,-29.82136305,-70.01474265
04302008-0,Rio Malo Antes Estero Negro (Ca),Calidad de Aguas,Suspendidas,Región de Coquimbo,Comuna de Vicuña,Rio Elqui,3500,-29.79148409,-69.9981462
04302009-9,Estero Negro Antes Rio Malo (Ca),Calidad de Aguas,Suspendidas,Región de Coquimbo,Comuna de Vicuña,Rio Elqui,3500,-29.79158821,-70.00227527
04302010-2,Rio Toro Despues Estero Negro Y Rio Malo,Calidad de Aguas,Suspendidas,Región de Coquimbo,Comuna de Vicuña,Rio Elqui,3480,-29.86223746,-70.02587155
04302011-0,Baños  Del Toro (Ca),Calidad de Aguas,Vigentes,Región de Coquimbo,Comuna de Vicuña,Rio Elqui,3200,-29.83783038,-70.02547712
04302012-9,Rio Toro Aantes Rio Vacas Heladas (Ca),Calidad de Aguas,Vigentes,Región de Coquimbo,Comuna de Vicuña,Rio Elqui,2530,-29.90324775,-70.04590845
04302014-5,Juntas,Meteorológicas,Vigentes,Región de Coquimbo,Comuna de Vicuña,Rio Elqui,2150,-29.97672529,-70.09420091
04302015-3,Mina El Indio,Nivométricas,Vigentes,Región de Coquimbo,Comuna de Vicuña,Rio Elqui,4300,-29.73738106,-69.97061118
04302016-1,El Indio,Meteorológicas,Suspendidas,Región de Coquimbo,Comuna de Vicuña,Rio Elqui,3800,-29.79182329,-69.99144537
04302017-K,Alto Del Toro Muerto,Meteorológicas,Suspendidas,Región de Coquimbo,Comuna de Vicuña,Rio Elqui,3870,-29.78793101,-70.01088773
04303001-9,Rio Turbio Despues Rio Toro Y Rio La Laguna,Calidad de Aguas,Vigentes,Región de Coquimbo,Comuna de Vicuña,Rio Elqui,2060,-29.97173602,-70.11773561
04303002-7,Rio Turbio Antes Rio Icaguaz  (Ca),Calidad de Aguas,Suspendidas,Región de Coquimbo,Comuna de Vicuña,Rio Elqui,1630,-29.9869618,-70.24611093
04304002-2,Rio Incaguaz Antes Junta Rio Turbio,Fluviométricas,Vigentes,Región de Coquimbo,Comuna de Vicuña,Rio Elqui,0,-29.98941851,-70.24967641
04306001-5,Rio Turbio En Huanta,Calidad de Aguas,Vigentes,Región de Coquimbo,Comuna de Vicuña,Rio Elqui,1195,-29.84686068,-70.38813336
04306002-3,Huanta,Meteorológicas,Vigentes,Región de Coquimbo,Comuna de Vicuña,Rio Elqui,1240,-29.84622214,-70.3896461
04306003-1,Apr Huanta,Control de Nivel,Vigentes,Región de Coquimbo,Comuna de Vicuña,Rio Elqui,2251,-29.84611369,-70.39223231
04307001-0,Bocalume,Control de Nivel,Vigentes,Región de Coquimbo,Comuna de Vicuña,Rio Elqui,1042,-29.85603957,-70.50091827
04308001-6,Rio Turbio En Varillar,Sedimentometricas,Vigentes,Región de Coquimbo,Comuna de Vicuña,Rio Elqui,890,-29.94730658,-70.53713121
04308003-2,Rivadavia,Meteorológicas,Vigentes,Región de Coquimbo,Comuna de Vicuña,Rio Elqui,820,-29.97773486,-70.56144739
04308004-0,Pueblo Rivadavia,Control de Nivel,Vigentes,Región de Coquimbo,Comuna de Vicuña,Rio Elqui,820,-29.97712043,-70.55847368
04308005-9,Escuela Rivadavia,Control de Nivel,Vigentes,Región de Coquimbo,Comuna de Vicuña,Rio Elqui,812,-29.98056287,-70.56188549
04308006-7,Varillar,Control de Nivel,Vigentes,Región de Coquimbo,Comuna de Vicuña,Rio Elqui,873,-29.94554047,-70.53615085
04308007-5,Apr Chapilca,Calidad de Aguas,Vigentes,Región de Coquimbo,Comuna de Vicuña,Rio Elqui,1556,-29.89899249,-70.52196307
04308008-3,Apr Varillar,Calidad de Aguas,Vigentes,Región de Coquimbo,Comuna de Vicuña,Rio Elqui,0,-29.94452644,-70.53334824
04308009-1,Apr Rivadavia,Calidad de Aguas,Vigentes,Región de Coquimbo,Comuna de Vicuña,Rio Elqui,0,-29.97262264,-70.56340904
04311001-2,Estero Derecho En Alcohuaz,Fluviométricas,Vigentes,Región de Coquimbo,Comuna de Paiguano,Rio Elqui,1645,-30.22408244,-70.49664828
04311002-0,Rio Derecho Antes Rio Cochiguas (Ca),Calidad de Aguas,Suspendidas,Región de Coquimbo,Comuna de Paiguano,Rio Elqui,1120,-30.10519053,-70.49328604
04311003-9,Pisco Elqui Dmc,Meteorológicas,Vigentes,Región de Coquimbo,Comuna de Paiguano,Rio Elqui,1250,-30.12331854,-70.49399472
04311004-7,Los Nichos,Meteorológicas,Vigentes,Región de Coquimbo,Comuna de Paiguano,Rio Elqui,1330,-30.15604851,-70.4968137
04311005-5,La Ortiga,Meteorológicas,Vigentes,Región de Coquimbo,Comuna de Paiguano,Rio Elqui,1560,-30.20959354,-70.49016469
04311007-1,Apr La Jarilla,Calidad de Aguas,Vigentes,Región de Coquimbo,Comuna de Paiguano,Rio Elqui,0,-30.10188703,-70.49496935
04313001-3,Rio Cochiguaz En El Peñon,Fluviométricas,Vigentes,Región de Coquimbo,Comuna de Paiguano,Rio Elqui,1360,-30.12535183,-70.43795426
04313002-1,Rio Cochiguas Antes Estero Derecho (Ca),Calidad de Aguas,Suspendidas,Región de Coquimbo,Comuna de Paiguano,Rio Elqui,1120,-30.10259056,-70.48784039
04313003-K,Cochiguaz,Meteorológicas,Vigentes,Región de Coquimbo,Comuna de Paiguano,Rio Elqui,1560,-30.1425383,-70.40652923
04314001-9,Rio Claro En Montegrande,Calidad de Aguas,Suspendidas,Región de Coquimbo,Comuna de Paiguano,Rio Elqui,1120,-30.08746489,-70.49289508
04314002-7,Rio Claro En Rivadavia,Calidad de Aguas,Vigentes,Región de Coquimbo,Comuna de Vicuña,Rio Elqui,820,-29.9826314,-70.55559547
04314003-5,Monte Grande,Meteorológicas,Vigentes,Región de Coquimbo,Comuna de Paiguano,Rio Elqui,1120,-30.08815835,-70.49934882
04314004-3,Montegrande,Control de Nivel,Vigentes,Región de Coquimbo,Comuna de Paiguano,Rio Elqui,1127,-30.10038283,-70.4915638
04314005-1,Pueblo De Paihuano,Control de Nivel,Vigentes,Región de Coquimbo,Comuna de Paiguano,Rio Elqui,1020,-30.02652383,-70.51105001
04314007-8,Quebrada Paihuano,Control de Nivel,Vigentes,Región de Coquimbo,Comuna de Paiguano,Rio Elqui,1413,-30.02939107,-70.46901363
04314008-6,Paihuano,Meteorológicas,Vigentes,Región de Coquimbo,Comuna de Paiguano,Rio Elqui,914,-30.02515847,-70.51757221
04314009-4,Apr Quebrada De Paihuano,Calidad de Aguas,Vigentes,Región de Coquimbo,Comuna de Paiguano,Rio Elqui,0,-30.03622026,-70.45696028
04320001-1,Rio Elqui En Algarrobal,Calidad de Aguas,Vigentes,Región de Coquimbo,Comuna de Vicuña,Rio Elqui,760,-30.00046537,-70.58695208
04320002-K,Rio Elqui En Vicugna (Ca),Calidad de Aguas,Suspendidas,Región de Coquimbo,Comuna de Vicuña,Rio Elqui,610,-30.0394555,-70.72160866
04320003-8,Vicuña (Inia),Meteorológicas,Vigentes,Región de Coquimbo,Comuna de Vicuña,Rio Elqui,730,-30.03826664,-70.69645128
04320004-6,Algarrobal,Control de Nivel,Vigentes,Región de Coquimbo,Comuna de Vicuña,Rio Elqui,773,-29.99914758,-70.58923241
04320005-4,Pueblo La Campana,Control de Nivel,Vigentes,Región de Coquimbo,Comuna de Vicuña,Rio Elqui,740,-30.01593742,-70.61383365
04320006-2,Diaguitas,Control de Nivel,Vigentes,Región de Coquimbo,Comuna de Vicuña,Rio Elqui,680,-30.02483965,-70.63455993
04320007-0,A.P. Peralillo,Control de Nivel,Vigentes,Región de Coquimbo,Comuna de Vicuña,Rio Elqui,678,-30.1137356,-70.66008854
04320008-9,San Isidro,Control de Nivel,Vigentes,Región de Coquimbo,Comuna de Vicuña,Rio Elqui,640,-30.02913726,-70.69143266
04320009-7,A.P. Vicuña,Control de Nivel,Vigentes,Región de Coquimbo,Comuna de Vicuña,Rio Elqui,618,-30.03780572,-70.70557935
04320011-9,Asentamiento Victoria B - 13,Control de Nivel,Vigentes,Región de Coquimbo,Comuna de Vicuña,Rio Elqui,575,-30.031178,-70.74313712
04320013-5,Huancara B - 17,Control de Nivel,Vigentes,Región de Coquimbo,Comuna de Vicuña,Rio Elqui,596,-30.03172202,-70.72857789
04320014-3,Pueblo Andacollito,Control de Nivel,Vigentes,Región de Coquimbo,Comuna de Vicuña,Rio Elqui,708,-30.02421658,-70.6273227
04320015-1,Hacienda Huancara B - 2,Control de Nivel,Vigentes,Región de Coquimbo,Comuna de Vicuña,Rio Elqui,583,-30.03401824,-70.7350883
04320016-K,Hacienda Huancara B - 8,Control de Nivel,Vigentes,Región de Coquimbo,Comuna de Vicuña,Rio Elqui,595,-30.0321298,-70.72500756
04320017-8,Apr San Isidro-Calingasta,Calidad de Aguas,Vigentes,Región de Coquimbo,Comuna de Vicuña,Rio Elqui,0,-30.02098901,-70.69290137
04320018-6,Apr La Compañía,Calidad de Aguas,Vigentes,Región de Coquimbo,Comuna de Vicuña,Rio Elqui,0,-30.04842174,-70.71694124
04320019-4,Apr Diaguitas,Calidad de Aguas,Vigentes,Región de Coquimbo,Comuna de Vicuña,Rio Elqui,0,-30.02055331,-70.63605522
04321001-7,Puclaro Embalse,Meteorológicas,Suspendidas,Región de Coquimbo,Comuna de Vicuña,Rio Elqui,460,-29.99682507,-70.85564367
04321002-5,El Tambo B - 9,Control de Nivel,Vigentes,Región de Coquimbo,Comuna de Vicuña,Rio Elqui,595,-30.03575138,-70.74253279
04321003-3,El Tambo A - 1,Control de Nivel,Vigentes,Región de Coquimbo,Comuna de Vicuña,Rio Elqui,560,-30.03270608,-70.7578053
04321004-1,Pueblo El Tambo,Control de Nivel,Vigentes,Región de Coquimbo,Comuna de Vicuña,Rio Elqui,492,-30.02768589,-70.7795532
04321005-K,Gualligauayca,Control de Nivel,Suspendidas,Región de Coquimbo,Comuna de Vicuña,Rio Elqui,0,-30.02543952,-70.80009437
04321006-8,Pueblo Gualliguyaca,Control de Nivel,Suspendidas,Región de Coquimbo,Comuna de Vicuña,Rio Elqui,0,-30.00293964,-70.76397678
04321007-6,Apr Gualliguaica,Calidad de Aguas,Vigentes,Región de Coquimbo,Comuna de Vicuña,Rio Elqui,406,-30.01716654,-70.81188826
04321008-4,Apr Punta Azul,Calidad de Aguas,Vigentes,Región de Coquimbo,Comuna de Vicuña,Rio Elqui,0,-30.03016642,-70.80870302
04321009-2,Apr El Tambo - Elqui,Calidad de Aguas,Vigentes,Región de Coquimbo,Comuna de Vicuña,Rio Elqui,0,-30.03080394,-70.7824915
04321010-6,Rio Elqui Entrada Embalse Puclaro,Fluviométricas,Vigentes,Región de Coquimbo,Comuna de Vicuña,Rio Elqui,512,-30.02417387,-70.80027886
04322001-2,Cerro Tololo,Meteorológicas,Vigentes,Región de Coquimbo,Comuna de Vicuña,Rio Elqui,2160,-30.16905847,-70.8012041
04323001-8,Rio Elqui En Almendral,Calidad de Aguas,Vigentes,Región de Coquimbo,Comuna de Vicuña,Rio Elqui,395,-29.98431018,-70.90061809
04323007-7,Almendral,Meteorológicas,Vigentes,Región de Coquimbo,Comuna de Vicuña,Rio Elqui,370,-29.99552996,-70.86620234
04323009-3,Almendral,Control de Nivel,Vigentes,Región de Coquimbo,Comuna de Vicuña,Rio Elqui,403,-29.98677501,-70.89235306
04323011-5,El Molle,Control de Nivel,Vigentes,Región de Coquimbo,Comuna de Vicuña,Rio Elqui,350,-29.98027907,-70.95472068
04323012-3,Tranque Puclaro,Control de Nivel,Suspendidas,Región de Coquimbo,Comuna de Vicuña,Rio Elqui,0,-29.99932871,-70.85148187
04323014-K,Embalse Puclaro Intendente Fuentealba  (Lm),Lagos y Embalses,Vigentes,Región de Coquimbo,Comuna de Vicuña,Rio Elqui,0,-29.99071899,-70.85870163
04323015-8,Apr Marquesa-Nueva Talcuna,Calidad de Aguas,Vigentes,Región de Coquimbo,Comuna de Vicuña,Rio Elqui,0,-29.96310977,-70.9692842
04323016-6,Apr El Molle - Polla Alta,Calidad de Aguas,Vigentes,Región de Coquimbo,Comuna de Vicuña,Rio Elqui,0,-29.97296853,-70.94942734
04324000-5,Apr Vinita Alta Marquesa,Calidad de Aguas,Vigentes,Región de Coquimbo,Comuna de Vicuña,Rio Elqui,0,-29.81290766,-70.7960153
04330001-6,Pelicana,Control de Nivel,Suspendidas,Región de Coquimbo,Comuna de Vicuña,Rio Elqui,0,-29.98933218,-70.9917632
04330002-4,Apr La Calera,Calidad de Aguas,Vigentes,Región de Coquimbo,Comuna de Vicuña,Rio Elqui,0,-29.99562492,-70.98908005
04331001-1,Rio Elqui En Punta De Piedra,Calidad de Aguas,Suspendidas,Región de Coquimbo,Comuna de La Serena,Rio Elqui,160,-29.96260531,-71.0847079
04331003-8,Rio Elqui En Puente Las Rojas (Ca),Calidad de Aguas,Vigentes,Región de Coquimbo,Comuna de Vicuña,Rio Elqui,0,-29.98666569,-70.56995169
04331004-6,Molino Yaco,Meteorológicas,Suspendidas,Región de Coquimbo,Comuna de Vicuña,Rio Elqui,1550,-29.95238285,-70.28006089
04331005-4,Pueblo Las Rojas,Control de Nivel,Vigentes,Región de Coquimbo,Comuna de La Serena,Rio Elqui,210,-29.97854055,-71.05986983
04331006-2,A.P. Piedra C - 3,Control de Nivel,Vigentes,Región de Coquimbo,Comuna de La Serena,Rio Elqui,171,-29.96371364,-71.09105129
04331008-9,Alfalfares,Control de Nivel,Vigentes,Región de Coquimbo,Comuna de La Serena,Rio Elqui,85,-29.92590771,-71.16457184
04331009-7,Altovalsol,Control de Nivel,Suspendidas,Región de Coquimbo,Comuna de La Serena,Rio Elqui,0,-29.92405199,-71.09177501
04331010-0,A.P. Piedra C - 17,Control de Nivel,Vigentes,Región de Coquimbo,Comuna de La Serena,Rio Elqui,156,-29.96456356,-71.10621706
04331013-5,El Rosario,Control de Nivel,Vigentes,Región de Coquimbo,Comuna de La Serena,Rio Elqui,222,-29.98882355,-71.06170927
04331014-3,Quebrada Talca,Control de Nivel,Vigentes,Región de Coquimbo,Comuna de La Serena,Rio Elqui,240,-30.00127282,-71.03508995
04331017-8,P. Punta De Piedra C - 12,Control de Nivel,Vigentes,Región de Coquimbo,Comuna de La Serena,Rio Elqui,196,-29.96066163,-71.1132629
04331019-4,Apr Pelícana,Calidad de Aguas,Vigentes,Región de Coquimbo,Comuna de La Serena,Rio Elqui,0,-29.98748073,-71.00733417
04331020-8,Apr Las Rojas,Calidad de Aguas,Vigentes,Región de Coquimbo,Comuna de La Serena,Rio Elqui,0,-29.97444093,-71.05491493
04331021-6,Apr Coquimbo Altovalsol,Calidad de Aguas,Vigentes,Región de Coquimbo,Comuna de La Serena,Rio Elqui,0,-29.93809236,-71.11590338
04331022-4,Apr Gabriela Mistral,Calidad de Aguas,Vigentes,Región de Coquimbo,Comuna de La Serena,Rio Elqui,0,-29.98028129,-71.09193729
04332000-9,Apr Almirante La Torre,Calidad de Aguas,Vigentes,Región de Coquimbo,Comuna de La Serena,Rio Elqui,1031,-29.63632571,-70.95350418
04334001-8,Fundo San Antonio,Meteorológicas,Suspendidas,Región de Coquimbo,Comuna de La Serena,Rio Elqui,260,-29.83738483,-71.10454641
04334002-6,Pueblo El Islon,Control de Nivel,Vigentes,Región de Coquimbo,Comuna de La Serena,Rio Elqui,59,-29.89899521,-71.19087912
04334003-4,Apr Islon,Calidad de Aguas,Vigentes,Región de Coquimbo,Comuna de La Serena,Rio Elqui,0,-29.89537207,-71.18686545
04334004-2,Apr Lambert,Calidad de Aguas,Vigentes,Región de Coquimbo,Comuna de La Serena,Rio Elqui,0,-29.83760975,-71.1203731
04334005-0,Apr El Romero,Calidad de Aguas,Vigentes,Región de Coquimbo,Comuna de La Serena,Rio Elqui,0,-29.87948909,-71.12088624
04335001-3,Rio Elqui En La Serena,Meteorológicas,Vigentes,Región de Coquimbo,Comuna de La Serena,Rio Elqui,4,-29.8958416,-71.25275551
04335002-1,La Serena (Escuela Agricola),Meteorológicas,Vigentes,Región de Coquimbo,Comuna de La Serena,Rio Elqui,15,-29.90899063,-71.25667569
04335011-0,Pozo Parcela 164 Vega Norte A-2,Calidad de Aguas,Vigentes,Región de Coquimbo,Comuna de La Serena,Rio Elqui,0,-29.87018465,-71.25542868
04335012-9,Pozo Parcela 484 Esquina C-13,Calidad de Aguas,Vigentes,Región de Coquimbo,Comuna de La Serena,Costeras entre Elqui y Limari,0,-29.91907554,-71.2693302
04335013-7,Pozo Alfalfares C-14,Calidad de Aguas,Vigentes,Región de Coquimbo,Comuna de La Serena,Rio Elqui,0,-29.92462183,-71.16376725
04335014-5,Prueba Gprs10,Fluviométricas,Suspendidas,Región de Coquimbo,Comuna de La Serena,Rio Elqui,0,-29.90293713,-71.24982966
04400001-6,Estero Culebron En El Sifon,Fluviométricas,Vigentes,Región de Coquimbo,Comuna de Coquimbo,Costeras entre Elqui y Limari,70,-29.98054115,-71.28833232
04400002-4,Pan De Azucar,Meteorológicas,Suspendidas,Región de Coquimbo,Comuna de Coquimbo,Costeras entre Elqui y Limari,100,-30.00266652,-71.2592806
04400003-2,Asentamiento Santa Filomena,Control de Nivel,Vigentes,Región de Coquimbo,Comuna de Coquimbo,Costeras entre Elqui y Limari,124,-30.04504833,-71.25239294
04400006-7,Nueva Vida Barriales A - 1,Control de Nivel,Vigentes,Región de Coquimbo,Comuna de La Serena,Rio Elqui,107,-29.97854055,-71.05986983
04400007-5,Asentamiento Vida Barriales A - 2,Control de Nivel,Vigentes,Región de Coquimbo,Comuna de Coquimbo,Costeras entre Elqui y Limari,113,-30.07302976,-71.26718436
04400008-3,Hijuela Santa Elena P.A.,Control de Nivel,Vigentes,Región de Coquimbo,Comuna de Coquimbo,Costeras entre Elqui y Limari,124,-30.06971094,-71.24136649
04400010-5,Fundo Bosques San Carlos,Control de Nivel,Suspendidas,Región de Coquimbo,Comuna de Coquimbo,Costeras entre Elqui y Limari,0,-29.96710416,-71.25566748
04400011-3,Barrio Industrial,Control de Nivel,Vigentes,Región de Coquimbo,Comuna de La Serena,Rio Elqui,110,-29.87080051,-71.25423149
04400012-1,Perla Del Norte Chico,Control de Nivel,Suspendidas,Región de Coquimbo,Comuna de La Serena,Costeras entre Elqui y Limari,0,-29.93377329,-71.272336
04400013-K,Parcela N 2 San Ramon,Control de Nivel,Vigentes,Región de Coquimbo,Comuna de Coquimbo,Costeras entre Elqui y Limari,117,-29.98475992,-71.24872984
04400014-8,Parcela N 1 San Ramon,Control de Nivel,Vigentes,Región de Coquimbo,Comuna de Coquimbo,Costeras entre Elqui y Limari,115,-29.98065322,-71.25623281
04400016-4,Firestone 2,Control de Nivel,Suspendidas,Región de Coquimbo,Comuna de La Serena,Costeras entre Elqui y Limari,0,-29.95265876,-71.25844898
04400017-2,Lanera Austral,Control de Nivel,Suspendidas,Región de Coquimbo,Comuna de Coquimbo,Costeras entre Elqui y Limari,0,-29.96710751,-71.25178224
04400019-9,Tambillos,Control de Nivel,Suspendidas,Región de Coquimbo,Comuna de Andacollo,Costeras entre Elqui y Limari,0,-30.19767,-71.17844002
04400020-2,Cerrillos,Control de Nivel,Vigentes,Región de Coquimbo,Comuna de Coquimbo,Costeras entre Elqui y Limari,124,-30.06971094,-71.24136649
04400022-9,Nueva Vida,Control de Nivel,Vigentes,Región de Coquimbo,Comuna de Coquimbo,Costeras entre Elqui y Limari,123,-30.08564641,-71.24005583
04400024-5,El Sauce 1,Control de Nivel,Vigentes,Región de Coquimbo,Comuna de Coquimbo,Costeras entre Elqui y Limari,123,-30.09064925,-71.26918399
04400025-3,El Sauce 2,Control de Nivel,Vigentes,Región de Coquimbo,Comuna de Coquimbo,Costeras entre Elqui y Limari,130,-30.10481248,-71.27645903
04400026-1,El Sauce 3,Control de Nivel,Vigentes,Región de Coquimbo,Comuna de Coquimbo,Costeras entre Elqui y Limari,0,-30.10295378,-71.26761844
04400029-6,Tambillos,Control de Nivel,Suspendidas,Región de Coquimbo,Comuna de Coquimbo,Costeras entre Elqui y Limari,0,-30.14210656,-71.24177702
04400030-K,Nueva Vida,Control de Nivel,Vigentes,Región de Coquimbo,Comuna de Coquimbo,Costeras entre Elqui y Limari,0,-30.09237322,-71.23386903
04400031-8,Lo Martinez,Control de Nivel,Vigentes,Región de Coquimbo,Comuna de Coquimbo,Costeras entre Elqui y Limari,125,-30.09876287,-71.2315851
04400034-2,Santa Carmen,Control de Nivel,Vigentes,Región de Coquimbo,Comuna de Coquimbo,Costeras entre Elqui y Limari,139,-30.10123442,-71.24007545
04400035-0,Santa Carmen 2,Control de Nivel,Vigentes,Región de Coquimbo,Comuna de Coquimbo,Costeras entre Elqui y Limari,0,-30.10961923,-71.32543814
04400037-7,Parcela 48 Cuatro Esquinas,Control de Nivel,Vigentes,Región de Coquimbo,Comuna de La Serena,Rio Elqui,7,-29.73207779,-71.23038663
04400038-5,Endesa S-E Pan De Azucar,Control de Nivel,Vigentes,Región de Coquimbo,Comuna de Coquimbo,Costeras entre Elqui y Limari,92,-29.97305982,-71.27705337
04400041-5,Quebrada Pegnuelas 1 (La Pampa),Control de Nivel,Suspendidas,Región de Coquimbo,Comuna de La Serena,Costeras entre Elqui y Limari,0,-29.95155079,-71.25150396
04400042-3,As. Santa Amalia,Control de Nivel,Vigentes,Región de Coquimbo,Comuna de Coquimbo,Costeras entre Elqui y Limari,101,-30.02890397,-71.280465
04400043-1,Apr Huachalalume,Calidad de Aguas,Vigentes,Región de Coquimbo,Comuna de La Serena,Costeras entre Elqui y Limari,409,-29.97200298,-71.22329516
04400044-K,Apr Tambillos,Calidad de Aguas,Vigentes,Región de Coquimbo,Comuna de Coquimbo,Costeras entre Elqui y Limari,0,-30.19509385,-71.22121055
04400045-8,Apr Captacion El Peñon Aguas Del Valle  Pozo 1,Calidad de Aguas,Vigentes,Región de Coquimbo,Comuna de Coquimbo,Costeras entre Elqui y Limari,0,-30.10118392,-71.233507
04400046-6,Apr Captacion El Peñon Aguas Del Valle  Pozo 2,Calidad de Aguas,Vigentes,Región de Coquimbo,Comuna de Coquimbo,Costeras entre Elqui y Limari,0,-30.1027922,-71.2328273
04400047-4,Apr Captacion El Peñon Aguas Del Valle  Pozo 3,Calidad de Aguas,Vigentes,Región de Coquimbo,Comuna de Coquimbo,Costeras entre Elqui y Limari,0,-30.1024758,-71.2355177
04400048-2,Apr Captacion El Peñon Aguas Del Valle Ferro 10,Calidad de Aguas,Vigentes,Región de Coquimbo,Comuna de Coquimbo,Costeras entre Elqui y Limari,0,-30.08451576,-71.2449887
04400049-0,Pozo Dga Inia,Control de Nivel,Vigentes,Región de Coquimbo,Comuna de Coquimbo,Costeras entre Elqui y Limari,126,-30.07527866,-71.23861894
04400050-4,Pan De Azucar Inia,Meteorológicas,Vigentes,Región de Coquimbo,Comuna de Coquimbo,Costeras entre Elqui y Limari,136,-30.07527866,-71.23861894
04410001-0,Cerrillos Pobres,Meteorológicas,Suspendidas,Región de Coquimbo,Comuna de Coquimbo,Costeras entre Elqui y Limari,150,-30.29683976,-71.3881723
04410004-5,Apr Captacion El Peñon Aguas Del Valle Ferronor 9,Calidad de Aguas,Vigentes,Región de Coquimbo,Comuna de Coquimbo,Costeras entre Elqui y Limari,0,-30.08221394,-71.24612957
04501001-5,Rio Hurtado En San Agustin,Calidad de Aguas,Vigentes,Región de Coquimbo,Comuna de Río Hurtado,Rio Limari,2035,-30.46504161,-70.53765917
04501002-3,Rio Hurtado En Las Breas,Calidad de Aguas,Suspendidas,Región de Coquimbo,Comuna de Río Hurtado,Rio Limari,1645,-30.38558626,-70.6003219
04501003-1,Pabellon,Meteorológicas,Vigentes,Región de Coquimbo,Comuna de Río Hurtado,Rio Limari,1920,-30.41137609,-70.55671001
04501004-K,Las Breas,Meteorológicas,Suspendidas,Región de Coquimbo,Comuna de Río Hurtado,Rio Limari,1600,-30.3698922,-70.61313501
04501005-8,Mina Igualdad,Meteorológicas,Suspendidas,Región de Coquimbo,Comuna de Río Hurtado,Rio Limari,2100,-30.46878656,-70.53146854
04501006-6,Apr Hurtado El Chañar,Calidad de Aguas,Vigentes,Región de Coquimbo,Comuna de Río Hurtado,Rio Limari,0,-30.28330798,-70.62958694
04501007-4,Apr Las Breas,Calidad de Aguas,Vigentes,Región de Coquimbo,Comuna de Río Hurtado,Rio Limari,0,-30.38830677,-70.59476724
04502001-0,Rio Hurtado En La Cortadera,Calidad de Aguas,Suspendidas,Región de Coquimbo,Comuna de Río Hurtado,Rio Limari,900,-30.35029216,-70.77158107
04502003-7,Estancia Chacay,Meteorológicas,Suspendidas,Región de Coquimbo,Comuna de Río Hurtado,Rio Limari,1380,-30.44572568,-70.71147363
04502004-5,La Cortadera,Meteorológicas,Suspendidas,Región de Coquimbo,Comuna de Río Hurtado,Rio Limari,920,-30.35072736,-70.77009093
04502005-3,Hurtado,Meteorológicas,Vigentes,Región de Coquimbo,Comuna de Río Hurtado,Rio Limari,1100,-30.27860628,-70.67822178
04503001-6,Rio Hurtado En Angostura De Pangue,Sedimentometricas,Vigentes,Región de Coquimbo,Comuna de Río Hurtado,Rio Limari,485,-30.44144575,-71.00616332
04503002-4,Samo Alto,Meteorológicas,Suspendidas,Región de Coquimbo,Comuna de Río Hurtado,Rio Limari,600,-30.40988904,-70.93870634
04503003-2,Pichasca,Meteorológicas,Vigentes,Región de Coquimbo,Comuna de Río Hurtado,Rio Limari,725,-30.39460523,-70.87139418
04503005-9,Pueblo Samo Alto,Control de Nivel,Vigentes,Región de Coquimbo,Comuna de Río Hurtado,Rio Limari,601,-30.41157175,-70.93960352
04503006-7,Apr Samo Alto,Calidad de Aguas,Vigentes,Región de Coquimbo,Comuna de Río Hurtado,Rio Limari,0,-30.40774533,-70.94029806
04503007-5,Apr Pichasca,Calidad de Aguas,Vigentes,Región de Coquimbo,Comuna de Río Hurtado,Rio Limari,0,-30.39763291,-70.86849624
04503008-3,Apr Fundida,Calidad de Aguas,Vigentes,Región de Coquimbo,Comuna de Río Hurtado,Rio Limari,0,-30.37851585,-70.8392575
04506001-2,Rio Hurtado Salida Embalse Recoleta (Ca),Calidad de Aguas,Suspendidas,Región de Coquimbo,Comuna de Ovalle,Rio Limari,375,-30.49774526,-71.09515805
04506002-0,Rio Hurtado En Entrada Embalse Recoleta,Sedimentometricas,Suspendidas,Región de Coquimbo,Comuna de Ovalle,Rio Limari,410,-30.47745852,-71.07192448
04506003-9,Canal Tuqui En Salida Embalse Recoleta,Fluviométricas,Vigentes,Región de Coquimbo,Comuna de Ovalle,Rio Limari,380,-30.49965355,-71.09485518
04506006-3,Bocatoma Canal Alimentador,Meteorológicas,Suspendidas,Región de Coquimbo,Comuna de Ovalle,Rio Limari,450,-30.48100441,-71.06677097
04506007-1,Recoleta Embalse,Meteorológicas,Vigentes,Región de Coquimbo,Comuna de Ovalle,Rio Limari,350,-30.49539369,-71.09665977
04506008-K,Fundo San Felix,Control de Nivel,Vigentes,Región de Coquimbo,Comuna de Ovalle,Rio Limari,325,-30.52576765,-71.11948622
04506009-8,Pueblo Lagunilla,Control de Nivel,Vigentes,Región de Coquimbo,Comuna de Ovalle,Rio Limari,303,-30.54128496,-71.16924347
04506010-1,Embalse Recoleta (Lm),Lagos y Embalses,Vigentes,Región de Coquimbo,Comuna de Ovalle,Rio Limari,0,-30.49267547,-71.0906639
04506011-K,Apr Algarrobo,Calidad de Aguas,Vigentes,Región de Coquimbo,Comuna de Ovalle,Rio Limari,362,-30.50406705,-71.09920035
04506012-8,Apr Samo Bajo,Calidad de Aguas,Vigentes,Región de Coquimbo,Comuna de Ovalle,Rio Limari,0,-30.5279878,-71.11609567
04506013-6,Apr Villa Seca,Calidad de Aguas,Vigentes,Región de Coquimbo,Comuna de Ovalle,Rio Limari,0,-30.5693909,-71.14764333
04506014-4,Rio Hurtado Entrada Emb. Recoleta,Meteorológicas,Vigentes,Región de Coquimbo,Comuna de Río Hurtado,Rio Limari,491,-30.47111545,-71.0583345
04511002-8,Rio Grande En Las Ramadas,Calidad de Aguas,Vigentes,Región de Coquimbo,Comuna de Monte Patria,Rio Limari,1380,-31.01568986,-70.58481098
04511003-6,Las Ramadas,Meteorológicas,Vigentes,Región de Coquimbo,Comuna de Monte Patria,Rio Limari,1380,-31.01717535,-70.58285581
04511004-4,Cerro Vega Negra,Meteorológicas,Vigentes,Región de Coquimbo,Comuna de Monte Patria,Rio Limari,3600,-30.9037903,-70.51590904
04511005-2,Cerro Los Pingos,Meteorológicas,Suspendidas,Región de Coquimbo,Comuna de Monte Patria,Rio Limari,2070,-30.94517844,-70.48674094
04511006-0,Maitenes,Meteorológicas,Suspendidas,Región de Coquimbo,Comuna de Monte Patria,Rio Limari,2480,-31.10351975,-70.56591775
04511007-9,Apr Las Ramadas Punitaqui,Calidad de Aguas,Vigentes,Región de Coquimbo,Comuna de Monte Patria,Rio Limari,0,-31.02480735,-70.57402524
04512001-5,Rio Tascadero En Desembocadura,Fluviométricas,Vigentes,Región de Coquimbo,Comuna de Monte Patria,Rio Limari,1370,-31.01624854,-70.66511937
04512002-3,Tascadero,Meteorológicas,Vigentes,Región de Coquimbo,Comuna de Monte Patria,Rio Limari,1230,-31.01873998,-70.66639874
04513001-0,Rio Grande En Cuyano,Fluviométricas,Vigentes,Región de Coquimbo,Comuna de Monte Patria,Rio Limari,870,-30.92812165,-70.77205818
04513002-9,Rio Grande Antes Rio Mostazal (Ca),Calidad de Aguas,Suspendidas,Región de Coquimbo,Comuna de Monte Patria,Rio Limari,700,-30.85380981,-70.78542337
04513003-7,Tulahuen,Meteorológicas,Vigentes,Región de Coquimbo,Comuna de Monte Patria,Rio Limari,1020,-30.96477713,-70.76926978
04513004-5,Caren,Meteorológicas,Vigentes,Región de Coquimbo,Comuna de Monte Patria,Rio Limari,740,-30.85394743,-70.77278388
04514001-6,Rio Mostazal En Cuestecita,Fluviométricas,Vigentes,Región de Coquimbo,Comuna de Monte Patria,Rio Limari,1250,-30.81380212,-70.61332506
04514002-4,Rio Mostazal En El Maiten (Ca),Calidad de Aguas,Suspendidas,Región de Coquimbo,Comuna de Monte Patria,Rio Limari,1350,-30.80382835,-70.60206921
04514003-2,Apr El Maitén Cuestesita,Calidad de Aguas,Vigentes,Región de Coquimbo,Comuna de Monte Patria,Rio Limari,0,-30.80650309,-70.59880033
04515002-K,Rio Mostazal En Caren,Fluviométricas,Vigentes,Región de Coquimbo,Comuna de Monte Patria,Rio Limari,700,-30.84291847,-70.77050039
04515003-8,Rio Mostazal Antes Rio Grande (Ca),Calidad de Aguas,Suspendidas,Región de Coquimbo,Comuna de Monte Patria,Rio Limari,700,-30.85381323,-70.76874515
04515004-6,El Maiten,Meteorológicas,Suspendidas,Región de Coquimbo,Comuna de Monte Patria,Rio Limari,1350,-30.80629197,-70.59396805
04515005-4,Pedregal,Meteorológicas,Suspendidas,Región de Coquimbo,Comuna de Monte Patria,Rio Limari,880,-30.85435106,-70.70786528
04515006-2,Grande En Caren,Meteorológicas,Suspendidas,Región de Coquimbo,Comuna de Monte Patria,Rio Limari,740,-30.84990381,-70.76897663
04515007-0,Ramadilla,Meteorológicas,Suspendidas,Región de Coquimbo,Comuna de Monte Patria,Rio Limari,1250,-30.893789,-70.65119575
04515008-9,La Ortiga Hda.,Meteorológicas,Suspendidas,Región de Coquimbo,Comuna de Monte Patria,Rio Limari,3100,-30.91740353,-70.51674108
04515009-7,Apr Pedregal (Pedregal-Las Carpas),Calidad de Aguas,Vigentes,Región de Coquimbo,Comuna de Monte Patria,Rio Limari,0,-30.85496991,-70.70608812
04515010-0,Apr Colliguay Alto,Calidad de Aguas,Vigentes,Región de Coquimbo,Comuna de Monte Patria,Rio Limari,0,-30.85022595,-70.74122114
04516001-7,Rio Grande En Coipo,Calidad de Aguas,Suspendidas,Región de Coquimbo,Comuna de Monte Patria,Rio Limari,575,-30.78301921,-70.82043419
04516004-1,Chilecito,Control de Nivel,Vigentes,Región de Coquimbo,Comuna de Monte Patria,Rio Limari,408,-30.75739566,-70.84235843
04516005-K,Apr Semita,Calidad de Aguas,Vigentes,Región de Coquimbo,Comuna de Monte Patria,Rio Limari,0,-30.82761677,-70.79615519
04520001-9,Rio Los Molles En Ojos De Agua,Fluviométricas,Vigentes,Región de Coquimbo,Comuna de Monte Patria,Rio Limari,2355,-30.74800887,-70.43981961
04520002-7,Canal Central Los Molles En Camara Dga,Fluviométricas,Vigentes,Región de Coquimbo,Comuna de Monte Patria,Rio Limari,2465,-30.76208288,-70.57567728
04520003-5,Rio Los Molles En Bocatoma,Calidad de Aguas,Suspendidas,Región de Coquimbo,Comuna de Monte Patria,Rio Limari,2620,-30.74547878,-70.4197053
04520005-1,Los Molles Bocatoma,Meteorológicas,Suspendidas,Región de Coquimbo,Comuna de Monte Patria,Rio Limari,2600,-30.7443473,-70.41756824
04520006-K,Quebrada Larga Cota 3500,Nivométricas,Vigentes,Región de Coquimbo,Comuna de Monte Patria,Rio Limari,3500,-30.72573058,-70.29173055
04522001-K,Rio Rapel En Paloma,Calidad de Aguas,Vigentes,Región de Coquimbo,Comuna de Monte Patria,Rio Limari,1190,-30.70026512,-70.96943902
04522002-8,Rio Rapel En Junta,Fluviométricas,Vigentes,Región de Coquimbo,Comuna de Monte Patria,Rio Limari,485,-30.71189099,-70.87455935
04522003-6,Rapel,Meteorológicas,Vigentes,Región de Coquimbo,Comuna de Monte Patria,Rio Limari,870,-30.75126353,-70.73961507
04522004-4,Asentamiento Sol De Pradera,Control de Nivel,Vigentes,Región de Coquimbo,Comuna de Monte Patria,Rio Limari,981,-30.75772308,-70.72813584
04522005-2,Asentamiento Cerrillos,Control de Nivel,Vigentes,Región de Coquimbo,Comuna de Monte Patria,Rio Limari,633,-30.71261191,-70.82972873
04522006-0,Asentamiento Alborada Juntas,Control de Nivel,Vigentes,Región de Coquimbo,Comuna de Monte Patria,Rio Limari,500,-30.71170086,-70.87710326
04522008-7,Apr Rapel,Calidad de Aguas,Vigentes,Región de Coquimbo,Comuna de Monte Patria,Rio Limari,0,-30.71907616,-70.77348519
04522009-5,Apr Junta Dos Rios,Calidad de Aguas,Vigentes,Región de Coquimbo,Comuna de Monte Patria,Rio Limari,0,-30.70990205,-70.87735031
04523001-5,Rio Grande En Agua Chica,Calidad de Aguas,Suspendidas,Región de Coquimbo,Comuna de Monte Patria,Rio Limari,440,-30.71002238,-70.8926692
04523002-3,Rio Grande En Puntilla San Juan,Sedimentometricas,Vigentes,Región de Coquimbo,Comuna de Monte Patria,Rio Limari,420,-30.70793493,-70.9260274
04523003-1,Rio Grande Despues Rio Rapel (Ca),Calidad de Aguas,Suspendidas,Región de Coquimbo,Comuna de Monte Patria,Rio Limari,460,-30.72048471,-70.90208329
04523004-K,Puntilla San Juan,Meteorológicas,Suspendidas,Región de Coquimbo,Comuna de Monte Patria,Rio Limari,430,-30.7029586,-70.91787937
04523005-8,Apr Flor Del Valle,Calidad de Aguas,Vigentes,Región de Coquimbo,Comuna de Monte Patria,Rio Limari,0,-30.70032631,-70.93053226
04524001-0,Monte Patria,Meteorológicas,Suspendidas,Región de Coquimbo,Comuna de Monte Patria,Rio Limari,445,-30.69184196,-70.96092754
04524002-9,A.P. Montepatria,Control de Nivel,Suspendidas,Región de Coquimbo,Comuna de Monte Patria,Rio Limari,0,-30.7004522,-70.95287537
04524003-7,Montepatria,Control de Nivel,Vigentes,Región de Coquimbo,Comuna de Monte Patria,Rio Limari,400,-30.69459409,-70.9578933
04524004-5,Embalse La Paloma,Control de Nivel,Vigentes,Región de Coquimbo,Comuna de Ovalle,Rio Limari,317,-30.70075614,-71.0306656
04524005-3,Embalse La Paloma En Sector Brazo Rio Grande,Lagos y Embalses,Vigentes,Región de Coquimbo,Comuna de Monte Patria,Rio Limari,0,-30.70491642,-70.97264463
04524006-1,Embalse La Paloma En Sector Muro,Lagos y Embalses,Vigentes,Región de Coquimbo,Comuna de Monte Patria,Rio Limari,0,-30.70658096,-71.03486965
04524007-K,Embalse La Paloma  (Lm),Lagos y Embalses,Vigentes,Región de Coquimbo,Comuna de Monte Patria,Rio Limari,0,-30.70073292,-71.02926625
04524008-8,Pozo Monte Patria,Calidad de Aguas,Vigentes,Región de Coquimbo,Comuna de Monte Patria,Rio Limari,0,-30.69825125,-70.95765397
04530001-3,Rio Cogoti En Fraguita,Fluviométricas,Vigentes,Región de Coquimbo,Comuna de Combarbalá,Rio Limari,1065,-31.11526747,-70.88689855
04531001-9,Rio Cogoti En Cogoti 18,Fluviométricas,Suspendidas,Región de Coquimbo,Comuna de Combarbalá,Rio Limari,810,-31.08277471,-70.96832394
04531002-7,Rio Cogoti Entrada Embalse Cogoti,Meteorológicas,Vigentes,Región de Coquimbo,Comuna de Combarbalá,Rio Limari,670,-31.0358203,-71.04215442
04531003-5,Cogoti 18,Meteorológicas,Vigentes,Región de Coquimbo,Comuna de Combarbalá,Rio Limari,840,-31.09121241,-70.95505996
04531004-3,Fundo Cogoti,Control de Nivel,Vigentes,Región de Coquimbo,Comuna de Combarbalá,Rio Limari,737,-31.0634136,-70.99958178
04531005-1,Pueblo La Ligua,Control de Nivel,Vigentes,Región de Coquimbo,Comuna de Combarbalá,Rio Limari,680,-31.04070281,-71.03457959
04531006-K,Apr La Isla,Calidad de Aguas,Vigentes,Región de Coquimbo,Comuna de Combarbalá,Rio Limari,0,-31.07112721,-71.00474205
04531007-8,Apr La Ligua De Cogoti,Calidad de Aguas,Vigentes,Región de Coquimbo,Comuna de Combarbalá,Rio Limari,0,-31.0413842,-71.03941319
04531008-6,Apr Las Barrancas,Calidad de Aguas,Vigentes,Región de Coquimbo,Comuna de Combarbalá,Rio Limari,0,-31.11117314,-70.90765007
04531009-4,Apr Cogotí,Calidad de Aguas,Vigentes,Región de Coquimbo,Comuna de Salamanca,Rio Choapa,0,-31.83408979,-70.9548311
04532001-4,Rio Combarbala En Ramadillas,Calidad de Aguas,Vigentes,Región de Coquimbo,Comuna de Combarbalá,Rio Limari,1430,-31.23071585,-70.91304017
04532002-2,Rio Combarbala En Combarbala,Calidad de Aguas,Suspendidas,Región de Coquimbo,Comuna de Combarbalá,Rio Limari,0,-31.18171874,-70.99308387
04532004-9,Rio Combarbala Despues Planta Enami (Ca),Calidad de Aguas,Suspendidas,Región de Coquimbo,Comuna de Combarbalá,Rio Limari,825,-31.13587853,-71.03849687
04532005-7,Rio Combarbala En Camino Punitaqui (Ca),Calidad de Aguas,Suspendidas,Región de Coquimbo,Comuna de Combarbalá,Rio Limari,825,-31.15437122,-71.01897452
04532006-5,Combarbala,Meteorológicas,Vigentes,Región de Coquimbo,Comuna de Combarbalá,Rio Limari,870,-31.1882674,-70.99890814
04532007-3,Combarbala,Control de Nivel,Suspendidas,Región de Coquimbo,Comuna de Combarbalá,Rio Limari,0,-31.18756644,-70.99833184
04533001-K,Quebrada Pana En Fonditos,Fluviométricas,Suspendidas,Región de Coquimbo,Comuna de Combarbalá,Rio Limari,0,-31.16713596,-71.0834344
04533002-8,Rio Pama En Valle Hermoso,Fluviométricas,Vigentes,Región de Coquimbo,Comuna de Combarbalá,Rio Limari,850,-31.26670492,-70.99738904
04533006-0,Llanos De Chingay,Control de Nivel,Vigentes,Región de Coquimbo,Comuna de Combarbalá,Rio Limari,876,-31.21368862,-71.05825882
04533007-9,Apr Soruco,Calidad de Aguas,Vigentes,Región de Coquimbo,Comuna de Combarbalá,Rio Limari,0,-31.10859043,-71.1135945
04533008-7,Apr Valle Hermoso,Calidad de Aguas,Vigentes,Región de Coquimbo,Comuna de Combarbalá,Rio Limari,0,-31.26236717,-71.00196001
04534001-5,Rio Pama Entrada Embalse Cogoti,Calidad de Aguas,Suspendidas,Región de Coquimbo,Comuna de Combarbalá,Rio Limari,680,-31.08140511,-71.07463363
04534002-3,Embalse Cogoti (Lm),Lagos y Embalses,Vigentes,Región de Coquimbo,Comuna de Combarbalá,Rio Limari,0,-31.00518129,-71.08927531
04534003-1,Apr Quilitapia,Calidad de Aguas,Vigentes,Región de Coquimbo,Comuna de Combarbalá,Rio Limari,0,-31.11519429,-71.15598147
04534004-K,Apr La Colorada,Calidad de Aguas,Vigentes,Región de Coquimbo,Comuna de Combarbalá,Rio Limari,0,-31.07302584,-71.04921641
04534005-8,Apr El Huacho,Calidad de Aguas,Vigentes,Región de Coquimbo,Comuna de Combarbalá,Rio Limari,0,-31.03230614,-71.17010632
04534006-6,Apr El Sauce,Calidad de Aguas,Vigentes,Región de Coquimbo,Comuna de Combarbalá,Rio Limari,0,-31.07837042,-71.13399034
04535001-0,Cogoti Embalse,Meteorológicas,Vigentes,Región de Coquimbo,Comuna de Combarbalá,Rio Limari,740,-31.01081137,-71.08863364
04535002-9,Rio Guatulame En Salida Embalse Cogoti,Calidad de Aguas,Suspendidas,Región de Coquimbo,Comuna de Combarbalá,Rio Limari,625,-31.00200298,-71.09225328
04535004-5,Rio Guatulame En San Marcos,Calidad de Aguas,Suspendidas,Región de Coquimbo,Comuna de Combarbalá,Rio Limari,0,-30.95142549,-71.06816571
04535005-3,Apr San Marcos,Calidad de Aguas,Vigentes,Región de Coquimbo,Comuna de Combarbalá,Rio Limari,0,-30.95925912,-71.06792633
04537001-1,Rio Guatulame En El Tome,Calidad de Aguas,Vigentes,Región de Coquimbo,Comuna de Monte Patria,Rio Limari,410,-30.80657624,-70.97368439
04537003-8,El Tome,Meteorológicas,Vigentes,Región de Coquimbo,Comuna de Monte Patria,Rio Limari,420,-30.80671478,-70.97584011
04537005-4,Fundo Las Represas Vitivinicola,Control de Nivel,Vigentes,Región de Coquimbo,Comuna de Monte Patria,Rio Limari,404,-30.69906487,-70.95214799
04537006-2,A.P. Chañaral,Control de Nivel,Vigentes,Región de Coquimbo,Comuna de Monte Patria,Rio Limari,475,-30.88339552,-71.01828722
04537010-0,La Higuera,Control de Nivel,Vigentes,Región de Coquimbo,Comuna de Monte Patria,Rio Limari,398,-30.7679683,-70.95032028
04537012-7,Embalse La Paloma En Sector Brazo Rio Guatulame,Lagos y Embalses,Vigentes,Región de Coquimbo,Comuna de Monte Patria,Rio Limari,0,-30.75742086,-70.96597449
04537013-5,Apr Huatulame,Calidad de Aguas,Vigentes,Región de Coquimbo,Comuna de Monte Patria,Rio Limari,0,-30.8403915,-70.9775023
04537014-3,Apr Los Tapia,Calidad de Aguas,Vigentes,Región de Coquimbo,Comuna de Monte Patria,Rio Limari,0,-30.8676565,-70.99253519
04540001-8,Rio Grande En Paloma 1,Calidad de Aguas,Suspendidas,Región de Coquimbo,Comuna de Ovalle,Rio Limari,310,-30.68672321,-71.05223882
04540003-4,Canal Camarico Aguas Abajo Compuertas,Calidad de Aguas,Suspendidas,Región de Coquimbo,Comuna de Ovalle,Rio Limari,0,-30.70033225,-71.03699334
04540004-2,Rio Limari Despues Embalse Paloma (Ca),Calidad de Aguas,Suspendidas,Región de Coquimbo,Comuna de Ovalle,Rio Limari,310,-30.70247833,-71.03590054
04540005-0,Sotaqui,Meteorológicas,Vigentes,Región de Coquimbo,Comuna de Ovalle,Rio Limari,280,-30.62988173,-71.12360964
04540006-9,Paloma Embalse,Meteorológicas,Vigentes,Región de Coquimbo,Comuna de Ovalle,Rio Limari,320,-30.6954132,-71.03601313
04540008-5,A.P. Sotaqui,Control de Nivel,Vigentes,Región de Coquimbo,Comuna de Ovalle,Rio Limari,259,-30.63370564,-71.12476766
04540009-3,La Paloma,Control de Nivel,Vigentes,Región de Coquimbo,Comuna de Ovalle,Rio Limari,325,-30.69710624,-71.03504656
04540010-7,La Paloma,Control de Nivel,Suspendidas,Región de Coquimbo,Comuna de Ovalle,Rio Limari,0,-30.69767723,-71.04177078
04540011-5,Carachilla,Control de Nivel,Vigentes,Región de Coquimbo,Comuna de Ovalle,Rio Limari,289,-30.66949745,-71.0792059
04540012-3,As. Santa Catalina,Control de Nivel,Vigentes,Región de Coquimbo,Comuna de Ovalle,Rio Limari,351,-30.62471314,-71.15320356
04540013-1,Pozo Mina Panulcillo,Calidad de Aguas,Vigentes,Región de Coquimbo,Comuna de Ovalle,Rio Limari,0,-30.55214239,-71.1737792
04540014-K,Apr Carachilla,Calidad de Aguas,Vigentes,Región de Coquimbo,Comuna de Ovalle,Rio Limari,49,-30.66489445,-71.07371225
04540015-8,Apr Santa Catalina,Calidad de Aguas,Vigentes,Región de Coquimbo,Comuna de Ovalle,Rio Limari,0,-30.60489512,-71.1537243
04540016-6,Apr La Paloma - Limari,Calidad de Aguas,Vigentes,Región de Coquimbo,Comuna de Ovalle,Rio Limari,0,-30.69086068,-71.04041641
04540017-4,Apr La Portada Sotaqui,Calidad de Aguas,Vigentes,Región de Coquimbo,Comuna de Ovalle,Rio Limari,0,-30.6215766,-71.12011134
04540018-2,Apr El Guindo,Calidad de Aguas,Vigentes,Región de Coquimbo,Comuna de Ovalle,Rio Limari,0,-30.64240119,-71.10037824
04550001-2,Rio Limari En Puntilla De Ovalle,Calidad de Aguas,Suspendidas,Región de Coquimbo,Comuna de Ovalle,Rio Limari,0,-30.6218012,-71.2095462
04550003-9,Rio Limari En Peñones Bajos,Fluviométricas,Vigentes,Región de Coquimbo,Comuna de Ovalle,Rio Limari,225,-30.59701655,-71.17561497
04550004-7,Parcela 13 Limari,Control de Nivel,Vigentes,Región de Coquimbo,Comuna de Ovalle,Rio Limari,158,-30.64401924,-71.28154517
04550005-5,Asentamiento Las Vegas,Control de Nivel,Vigentes,Región de Coquimbo,Comuna de Ovalle,Rio Limari,150,-30.64070522,-71.26317998
04550006-3,Parcela 24 Limari,Control de Nivel,Vigentes,Región de Coquimbo,Comuna de Ovalle,Rio Limari,143,-30.64260303,-71.29435392
04550008-K,Fundo El Mirador,Control de Nivel,Vigentes,Región de Coquimbo,Comuna de Ovalle,Rio Limari,196,-30.62186995,-71.22561027
04550009-8,Apr Limari,Calidad de Aguas,Vigentes,Región de Coquimbo,Comuna de Ovalle,Rio Limari,184,-30.63990736,-71.28762429
04551001-8,Estero El Ingenio Antes Mina La Cocinera,Calidad de Aguas,Suspendidas,Región de Coquimbo,Comuna de Ovalle,Rio Limari,300,-30.39983067,-71.20099185
04551002-6,Estero El Ingenio Frente Mina La Cocinera,Calidad de Aguas,Suspendidas,Región de Coquimbo,Comuna de Ovalle,Rio Limari,275,-30.38712911,-71.18543213
04551003-4,Estero El Ingenio Despues Mina La Cocinera,Calidad de Aguas,Suspendidas,Región de Coquimbo,Comuna de Ovalle,Rio Limari,260,-30.55734307,-71.18480846
04551004-2,Ovalle (Escuela Agricola),Meteorológicas,Suspendidas,Región de Coquimbo,Comuna de Ovalle,Rio Limari,340,-30.55322986,-71.16427683
04551005-0,Ovalle Dga,Meteorológicas,Vigentes,Región de Coquimbo,Comuna de Ovalle,Rio Limari,220,-30.60408859,-71.20826789
04551006-9,Pueblo Recoleta,Control de Nivel,Vigentes,Región de Coquimbo,Comuna de Ovalle,Rio Limari,313,-30.50261777,-71.14717414
04551007-7,Mina Panulcillo,Control de Nivel,Vigentes,Región de Coquimbo,Comuna de Ovalle,Rio Limari,264,-30.55180182,-71.17364653
04551008-5,Apr Lagunillas,Calidad de Aguas,Vigentes,Región de Coquimbo,Comuna de Ovalle,Rio Limari,0,-30.54089287,-71.17436221
04551009-3,Apr Estación Recoleta,Calidad de Aguas,Vigentes,Región de Coquimbo,Comuna de Ovalle,Rio Limari,0,-30.50210742,-71.14529818
04552001-3,Rio Limari En San Julian (Ca),Calidad de Aguas,Suspendidas,Región de Coquimbo,Comuna de Ovalle,Rio Limari,120,-30.63102303,-71.33827597
04552002-1,La Torre,Meteorológicas,Vigentes,Región de Coquimbo,Comuna de Ovalle,Rio Limari,120,-30.61497653,-71.36667405
04552003-K,Pueblo San Julian,Control de Nivel,Vigentes,Región de Coquimbo,Comuna de Ovalle,Rio Limari,124,-30.63993142,-71.34147381
04552004-8,Pueblo San Julian,Control de Nivel,Vigentes,Región de Coquimbo,Comuna de Ovalle,Rio Limari,127,-30.63860585,-71.34095158
04552006-4,Apr San Julián,Calidad de Aguas,Vigentes,Región de Coquimbo,Comuna de Ovalle,Rio Limari,0,-30.64074169,-71.34456028
04552007-2,Apr Villorrio El Talhuén,Calidad de Aguas,Vigentes,Región de Coquimbo,Comuna de Ovalle,Rio Limari,0,-30.56188141,-71.27581541
04552008-0,Apr La Torre - Las Sossas,Calidad de Aguas,Vigentes,Región de Coquimbo,Comuna de Ovalle,Rio Limari,0,-30.60990466,-71.36929331
04552009-9,Apr El Trapiche Ovalle,Calidad de Aguas,Vigentes,Región de Coquimbo,Comuna de Ovalle,Rio Limari,0,-30.62296541,-71.32484659
04553001-9,Rio Limari En Barraza (Ca),Calidad de Aguas,Suspendidas,Región de Coquimbo,Comuna de Ovalle,Rio Limari,48,-30.65339044,-71.4856052
04553005-1,Barraza,Control de Nivel,Vigentes,Región de Coquimbo,Comuna de Ovalle,Rio Limari,78,-30.66163224,-71.49371438
04553007-8,Pueblo Tabali,Control de Nivel,Vigentes,Región de Coquimbo,Comuna de Ovalle,Rio Limari,99,-30.63861017,-71.42676044
04553008-6,Canal Tabali,Control de Nivel,Vigentes,Región de Coquimbo,Comuna de Ovalle,Rio Limari,81,-30.63233809,-71.42403788
04553009-4,Apr Barraza,Calidad de Aguas,Vigentes,Región de Coquimbo,Comuna de Ovalle,Rio Limari,170,-30.65823619,-71.48124301
04553010-8,Apr Oruro Alto,Calidad de Aguas,Vigentes,Región de Coquimbo,Comuna de Ovalle,Rio Limari,0,-30.61433925,-71.49623416
04553011-6,Apr Tabalí,Calidad de Aguas,Vigentes,Región de Coquimbo,Comuna de Ovalle,Rio Limari,0,-30.63713039,-71.42485631
04554001-4,Rio Punitaqui En Delirio,Fluviométricas,Suspendidas,Región de Coquimbo,Comuna de Punitaqui,Rio Limari,445,-30.90211669,-71.24258316
04554002-2,Estero Punitaqui En Punitaqui (Ca),Calidad de Aguas,Vigentes,Región de Coquimbo,Comuna de Punitaqui,Rio Limari,0,-30.84296071,-71.25568425
04554003-0,La Placilla,Meteorológicas,Vigentes,Región de Coquimbo,Comuna de Punitaqui,Rio Limari,600,-30.89693441,-71.31603618
04554004-9,Apr La Higuera Punitaqui,Calidad de Aguas,Vigentes,Región de Coquimbo,Comuna de Punitaqui,Rio Limari,0,-30.87541456,-71.25208367
04555001-K,Punitaqui,Meteorológicas,Vigentes,Región de Coquimbo,Comuna de Punitaqui,Rio Limari,280,-30.83305075,-71.2575743
04555002-8,A.P. Punitaqui,Control de Nivel,Vigentes,Región de Coquimbo,Comuna de Punitaqui,Rio Limari,222,-30.85082902,-71.25345338
04555003-6,Asentamiento Graneros,Control de Nivel,Vigentes,Región de Coquimbo,Comuna de Punitaqui,Rio Limari,204,-30.76918203,-71.28571622
04555004-4,Asentamiento Nueva Aurora,Control de Nivel,Vigentes,Región de Coquimbo,Comuna de Ovalle,Rio Limari,245,-30.70706233,-71.26192015
04555005-2,Asentamiento Union Campesina,Control de Nivel,Vigentes,Región de Coquimbo,Comuna de Ovalle,Rio Limari,236,-30.72267899,-71.30228366
04555007-9,Apr Nueva Aurora,Calidad de Aguas,Vigentes,Región de Coquimbo,Comuna de Ovalle,Rio Limari,0,-30.71435711,-71.239185
04555008-7,Apr Nuevo Futuro - Potrerillo Alto,Calidad de Aguas,Vigentes,Región de Coquimbo,Comuna de Ovalle,Rio Limari,0,-30.7121658,-71.22498833
04555009-5,Apr Porvenir,Calidad de Aguas,Vigentes,Región de Coquimbo,Comuna de Ovalle,Rio Limari,0,-30.72266132,-71.30226236
04555010-9,Apr La Granjita,Calidad de Aguas,Vigentes,Región de Coquimbo,Comuna de Punitaqui,Rio Limari,0,-30.72875187,-71.28429127
04555011-7,Apr Las Ramadas Pejerreyes,Calidad de Aguas,Vigentes,Región de Coquimbo,Comuna de Punitaqui,Rio Limari,0,-30.79448874,-71.24984923
04555012-5,Apr Graneros,Calidad de Aguas,Vigentes,Región de Coquimbo,Comuna de Punitaqui,Rio Limari,0,-30.76909868,-71.2858396
04556001-5,Estero Punitaqui En Chalinga,Calidad de Aguas,Suspendidas,Región de Coquimbo,Comuna de Ovalle,Rio Limari,175,-30.74955009,-71.3973426
04556002-3,Asentamiento Nogales,Control de Nivel,Vigentes,Región de Coquimbo,Comuna de Ovalle,Rio Limari,230,-30.7376354,-71.34102531
04556003-1,Asentamiento Campo Lindo,Control de Nivel,Vigentes,Región de Coquimbo,Comuna de Ovalle,Rio Limari,190,-30.73031944,-71.35651051
04556004-K,Apr Camarico,Calidad de Aguas,Vigentes,Región de Coquimbo,Comuna de Punitaqui,Rio Limari,228,-30.76767105,-71.37577317
04556005-8,Apr Chalinga,Calidad de Aguas,Vigentes,Región de Coquimbo,Comuna de Ovalle,Rio Limari,228,-30.75574587,-71.40469209
04556006-6,Apr Los Nogales,Calidad de Aguas,Vigentes,Región de Coquimbo,Comuna de Ovalle,Rio Limari,0,-30.73750352,-71.34133539
04557001-0,Salala,Meteorológicas,Suspendidas,Región de Coquimbo,Comuna de Ovalle,Rio Limari,100,-30.67878653,-71.5301256
04557002-9,Estero Punitaqui Antes Junta Rio Limari,Calidad de Aguas,Vigentes,Región de Coquimbo,Comuna de Ovalle,Rio Limari,170,-30.68539813,-71.51897512
04557003-7,Apr Alcones (Agua De Vida),Calidad de Aguas,Vigentes,Región de Coquimbo,Comuna de Ovalle,Rio Limari,290,-30.77284484,-71.54373004
04557004-5,Apr Socos,Calidad de Aguas,Vigentes,Región de Coquimbo,Comuna de Ovalle,Rio Limari,0,-30.71533896,-71.48455236
04558001-6,Rio Limari En Panamericana,Calidad de Aguas,Vigentes,Región de Coquimbo,Comuna de Ovalle,Rio Limari,165,-30.669799,-71.53311538
04610001-8,Peña Blanca,Meteorológicas,Vigentes,Región de Coquimbo,Comuna de Ovalle,Costeras entre R.Limari y R.Choapa,360,-30.90138153,-71.55404855
04630000-9,Apr Huentelauquen Norte,Calidad de Aguas,Vigentes,Región de Coquimbo,Comuna de Canela,Costeras entre R.Limari y R.Choapa,656,-31.58131717,-71.53793224
04700002-5,El Soldado,Nivométricas,Vigentes,Región de Coquimbo,Comuna de Salamanca,Rio Choapa,3290,-32.0071483,-70.32145829
04700003-3,Apr Batuco,Calidad de Aguas,Vigentes,Región de Coquimbo,Comuna de Salamanca,Rio Choapa,835,-31.95057135,-70.60825958
04702001-8,Rio Del Valle Antes Rio Totoral (Ca),Calidad de Aguas,Suspendidas,Región de Coquimbo,Comuna de Salamanca,Rio Choapa,1320,-32.00383491,-70.58542424
04703002-1,Rio Choapa En Cuncumen,Fluviométricas,Vigentes,Región de Coquimbo,Comuna de Salamanca,Rio Choapa,1200,-31.96912123,-70.59003336
04703003-K,Cuncumen,Meteorológicas,Vigentes,Región de Coquimbo,Comuna de Salamanca,Rio Choapa,1100,-31.89625532,-70.62351256
04703004-8,Apr Cuncumen Choapa,Calidad de Aguas,Vigentes,Región de Coquimbo,Comuna de Salamanca,Rio Choapa,916,-31.89554097,-70.61799141
04704001-9,Rio Cuncumen Antes Junta Choapa (Chacay),Meteorológicas,Vigentes,Región de Coquimbo,Comuna de Salamanca,Rio Choapa,1030,-31.87746613,-70.61641739
04704002-7,Rio Cuncumen Antes Bocatoma De Canales,Calidad de Aguas,Suspendidas,Región de Coquimbo,Comuna de Salamanca,Rio Choapa,1360,-31.83271568,-70.59930165
04704003-5,Paso Pelambres,Meteorológicas,Suspendidas,Región de Coquimbo,Comuna de Salamanca,Rio Choapa,3000,-31.73325702,-70.4889704
04710001-1,La Tranquilla,Meteorológicas,Vigentes,Región de Coquimbo,Comuna de Salamanca,Rio Choapa,1000,-31.89881337,-70.67932191
04710002-K,Canal Alim. Embalse Corrales En B.T. Coiron,Fluviométricas,Suspendidas,Región de Coquimbo,Comuna de Salamanca,Rio Choapa,0,-31.89103305,-70.71480984
04710003-8,Apr Chillepin,Calidad de Aguas,Vigentes,Región de Coquimbo,Comuna de Salamanca,Rio Choapa,528,-31.87956308,-70.72586605
04710004-6,Apr Tranquilla,Calidad de Aguas,Vigentes,Región de Coquimbo,Comuna de Salamanca,Rio Choapa,0,-31.90335483,-70.67831527
04711001-7,Rio Choapa En Salamanca,Meteorológicas,Vigentes,Región de Coquimbo,Comuna de Salamanca,Rio Choapa,500,-31.81563381,-70.9325023
04711003-3,Coiron,Meteorológicas,Vigentes,Región de Coquimbo,Comuna de Salamanca,Rio Choapa,840,-31.90318226,-70.77400485
04711004-1,Salamanca,Meteorológicas,Vigentes,Región de Coquimbo,Comuna de Salamanca,Rio Choapa,510,-31.77631063,-70.96704504
04711005-K,Asentamiento Panguecillos,Control de Nivel,Vigentes,Región de Coquimbo,Comuna de Salamanca,Rio Choapa,636,-31.83379561,-70.87185512
04711006-8,Apr Llimpo,Calidad de Aguas,Vigentes,Región de Coquimbo,Comuna de Salamanca,Rio Choapa,0,-31.84373448,-70.8397853
04711007-6,Apr Punta Nueva,Calidad de Aguas,Vigentes,Región de Coquimbo,Comuna de Salamanca,Rio Choapa,0,-31.89604469,-70.80811322
04711008-4,Apr Quelén Alto,Calidad de Aguas,Vigentes,Región de Coquimbo,Comuna de Salamanca,Rio Choapa,0,-31.90546606,-70.83859139
04711009-2,Apr Jorquera,Calidad de Aguas,Vigentes,Región de Coquimbo,Comuna de Salamanca,Rio Choapa,0,-31.82364328,-70.8819715
04711010-6,Apr Coirón,Calidad de Aguas,Vigentes,Región de Coquimbo,Comuna de Salamanca,Rio Choapa,0,-31.90505148,-70.77127036
04711011-4,Apr El Queñe,Calidad de Aguas,Vigentes,Región de Coquimbo,Comuna de Salamanca,Rio Choapa,0,-31.80099892,-70.96228733
04712001-2,Rio Chalinga En La Palmilla,Meteorológicas,Vigentes,Región de Coquimbo,Comuna de Salamanca,Rio Choapa,800,-31.69932053,-70.71646364
04713001-8,Rio Chalinga En San Agustin,Calidad de Aguas,Suspendidas,Región de Coquimbo,Comuna de Salamanca,Rio Choapa,850,-31.72068994,-70.8424363
04713003-4,Rio Chalinga En Chalinga,Calidad de Aguas,Suspendidas,Región de Coquimbo,Comuna de Salamanca,Rio Choapa,0,-31.74465767,-70.95432151
04713004-2,San Agustin,Meteorológicas,Vigentes,Región de Coquimbo,Comuna de Salamanca,Rio Choapa,1050,-31.73449954,-70.83244035
04713005-0,Chalinga,Control de Nivel,Suspendidas,Región de Coquimbo,Comuna de Salamanca,Rio Choapa,0,-31.7338083,-70.95010428
04713006-9,Rio Chalinga En Bocatoma Canal Cunlagua,Calidad de Aguas,Vigentes,Región de Coquimbo,Comuna de Salamanca,Rio Choapa,0,-31.73327383,-70.87821035
04713007-7,Apr Arboleda Grande,Calidad de Aguas,Vigentes,Región de Coquimbo,Comuna de Salamanca,Rio Choapa,1570,-31.73382162,-70.90148252
04713008-5,Apr  San Agustin,Calidad de Aguas,Vigentes,Región de Coquimbo,Comuna de Salamanca,Rio Choapa,0,-31.73533642,-70.82692633
04714001-3,Estero Camisas En Desembocadura,Fluviométricas,Suspendidas,Región de Coquimbo,Comuna de Salamanca,Rio Choapa,400,-31.77476783,-71.06615521
04714002-1,Asentamiento El Tambo,Control de Nivel,Vigentes,Región de Coquimbo,Comuna de Salamanca,Rio Choapa,459,-31.78504534,-71.00783166
04714004-8,Embalse Corrales (Lm),Lagos y Embalses,Vigentes,Región de Coquimbo,Comuna de Salamanca,Rio Choapa,0,-31.90770109,-70.91203995
04714005-6,Apr Colliguay,Calidad de Aguas,Vigentes,Región de Coquimbo,Comuna de Salamanca,Rio Choapa,0,-31.82654388,-71.01870239
04714006-4,Apr El Arrayan,Calidad de Aguas,Vigentes,Región de Coquimbo,Comuna de Salamanca,Rio Choapa,0,-31.88323348,-70.96039305
04714007-2,Apr El Tambo,Calidad de Aguas,Vigentes,Región de Coquimbo,Comuna de Salamanca,Rio Choapa,0,-31.78438271,-71.0166556
04714008-0,Apr El Tambo Oriente,Calidad de Aguas,Vigentes,Región de Coquimbo,Comuna de Salamanca,Rio Choapa,0,-31.79575337,-71.00543359
04715002-7,Mal Paso,Meteorológicas,Suspendidas,Región de Coquimbo,Comuna de Illapel,Rio Choapa,375,-31.75381028,-71.10011173
04715003-5,Pozo Chuchiñi,Calidad de Aguas,Vigentes,Región de Coquimbo,Comuna de Salamanca,Rio Choapa,0,-31.75715953,-71.05960953
04715004-3,Pozo Limahuida,Calidad de Aguas,Vigentes,Región de Coquimbo,Comuna de Illapel,Rio Choapa,0,-31.75076527,-71.16295236
04715005-1,Apr Peralillo,Calidad de Aguas,Vigentes,Región de Coquimbo,Comuna de Illapel,Rio Choapa,0,-31.74068484,-71.10897643
04715006-K,Apr Chuchiñi,Calidad de Aguas,Vigentes,Región de Coquimbo,Comuna de Salamanca,Rio Choapa,0,-31.73673908,-71.07462937
04716001-4,Rio Choapa En Lamahuida,Fluviométricas,Suspendidas,Región de Coquimbo,Comuna de Illapel,Rio Choapa,275,-31.75099225,-71.15594898
04716004-9,Rio Choapa En Puente Negro,Fluviométricas,Vigentes,Región de Coquimbo,Comuna de Illapel,Rio Choapa,200,-31.69045981,-71.2689426
04716005-7,Limahuida,Meteorológicas,Vigentes,Región de Coquimbo,Comuna de Illapel,Rio Choapa,300,-31.75100706,-71.16464682
04716006-5,Apr Pintacura Sur,Calidad de Aguas,Vigentes,Región de Coquimbo,Comuna de Illapel,Rio Choapa,0,-31.71939386,-71.19892155
04716007-3,Apr Las Cañas 1,Calidad de Aguas,Vigentes,Región de Coquimbo,Comuna de Illapel,Rio Choapa,0,-31.72974848,-71.25155974
04716008-1,Apr Las Cañas 2,Calidad de Aguas,Vigentes,Región de Coquimbo,Comuna de Illapel,Rio Choapa,0,-31.73108597,-71.20864253
04721001-1,Rio Illapel En Las Burras,Meteorológicas,Vigentes,Región de Coquimbo,Comuna de Illapel,Rio Choapa,1079,-31.51054409,-70.81603107
04721002-K,Las Burras,Meteorológicas,Vigentes,Región de Coquimbo,Comuna de Illapel,Rio Choapa,1150,-31.51261618,-70.81685032
04721003-8,La Olla,Meteorológicas,Suspendidas,Región de Coquimbo,Comuna de Illapel,Rio Choapa,2190,-31.44880222,-70.78565017
04722001-7,Santa Virginia,Meteorológicas,Suspendidas,Región de Coquimbo,Comuna de Illapel,Rio Choapa,980,-31.55075149,-70.83536966
04722002-5,Embalse El Bato,Lagos y Embalses,Vigentes,Región de Coquimbo,Comuna de Illapel,Rio Choapa,903,-31.55547314,-70.86870738
04723001-2,Rio Illapel En Huintil,Meteorológicas,Vigentes,Región de Coquimbo,Comuna de Illapel,Rio Choapa,775,-31.56544143,-70.9654483
04723002-0,Huintil,Meteorológicas,Vigentes,Región de Coquimbo,Comuna de Illapel,Rio Choapa,650,-31.57332283,-70.99814773
04723003-9,Pueblo Carcamo,Control de Nivel,Vigentes,Región de Coquimbo,Comuna de Illapel,Rio Choapa,469,-31.58609389,-71.07182048
04723006-3,Apr Carcamo,Calidad de Aguas,Vigentes,Región de Coquimbo,Comuna de Illapel,Rio Choapa,362,-31.59112332,-71.07037229
04724000-K,Pozo Matancilla,Calidad de Aguas,Vigentes,Región de Coquimbo,Comuna de Illapel,Rio Choapa,0,-31.42993015,-71.01322417
04725001-3,Estero Auco Antes Del Rio Illapel (Ca),Calidad de Aguas,Vigentes,Región de Coquimbo,Comuna de Illapel,Rio Choapa,325,-31.61875726,-71.1421317
04726001-9,Rio Illapel En El Peral,Meteorológicas,Vigentes,Región de Coquimbo,Comuna de Illapel,Rio Choapa,206,-31.66859942,-71.25561902
04726003-5,Illapel Dga,Meteorológicas,Vigentes,Región de Coquimbo,Comuna de Illapel,Rio Choapa,290,-31.64344662,-71.18187565
04726004-3,Illapel Dos,Meteorológicas,Suspendidas,Región de Coquimbo,Comuna de Illapel,Rio Choapa,290,-31.64547384,-71.19094796
04730001-0,Rio Choapa Aguas Arriba Estero La Canela,Fluviométricas,Vigentes,Región de Coquimbo,Comuna de Canela,Rio Choapa,40,-31.58663434,-71.46304305
04730002-9,Rio Choapa En Dogna Juana (Ca),Calidad de Aguas,Suspendidas,Región de Coquimbo,Comuna de Illapel,Rio Choapa,105,-31.6519535,-71.33167847
04730003-7,Rio Choapa En La Canela (Ca),Calidad de Aguas,Suspendidas,Región de Coquimbo,Comuna de Canela,Rio Choapa,35,-31.58610726,-71.46885531
04730004-5,Mincha Norte,Meteorológicas,Vigentes,Región de Coquimbo,Comuna de Canela,Rio Choapa,50,-31.58727049,-71.45013252
04730005-3,Tunga Norte,Control de Nivel,Vigentes,Región de Coquimbo,Comuna de Illapel,Rio Choapa,97,-31.62957639,-71.36652645
04730006-1,Apr Mincha Norte,Calidad de Aguas,Vigentes,Región de Coquimbo,Comuna de Canela,Rio Choapa,0,-31.58814367,-71.43796545
04730007-K,Apr Mincha Sur,Calidad de Aguas,Vigentes,Región de Coquimbo,Comuna de Canela,Rio Choapa,0,-31.60077498,-71.4348595
04730008-8,Apr Tunga Norte,Calidad de Aguas,Vigentes,Región de Coquimbo,Comuna de Illapel,Rio Choapa,0,-31.62690119,-71.36342304
04730009-6,Apr Tunga Sur,Calidad de Aguas,Vigentes,Región de Coquimbo,Comuna de Illapel,Rio Choapa,0,-31.64430429,-71.3518872
04732001-1,La Canela Dmc,Meteorológicas,Vigentes,Región de Coquimbo,Comuna de Canela,Rio Choapa,290,-31.39734225,-71.45637043
04732002-K,Apr Los Pozos,Calidad de Aguas,Vigentes,Región de Coquimbo,Comuna de Canela,Rio Choapa,0,-31.36315044,-71.26029341
04734000-4,Apr Caraquidaño,Calidad de Aguas,Vigentes,Región de Coquimbo,Comuna de Canela,Rio Choapa,1573,-31.46885964,-71.41810462
04735001-8,Rio Choapa En Huentelauquen (Ca),Calidad de Aguas,Vigentes,Región de Coquimbo,Comuna de Canela,Rio Choapa,0,-31.59114948,-71.53418477
04735002-6,Pueblo Huentelauquen,Control de Nivel,Vigentes,Región de Coquimbo,Comuna de Canela,Costeras entre R.Choapa y R.Quilimari,13,-31.60609328,-71.53462131
04735003-4,Pueblo Huentelauquen,Control de Nivel,Suspendidas,Región de Coquimbo,Comuna de Canela,Rio Choapa,0,-31.58380487,-71.53345912
04800001-0,Chigualoco,Control de Nivel,Vigentes,Región de Coquimbo,Comuna de Los Vilos,Costeras entre R.Choapa y R.Quilimari,12,-31.74465426,-71.49744359
04810001-5,Estero Pupio En El Romero,Calidad de Aguas,Vigentes,Región de Coquimbo,Comuna de Los Vilos,Costeras entre R.Choapa y R.Quilimari,570,-31.95113111,-71.07511925
04810002-3,Rio Pupio En Angostura Romero (Ca),Calidad de Aguas,Suspendidas,Región de Coquimbo,Comuna de Los Vilos,Costeras entre R.Choapa y R.Quilimari,700,-31.95048228,-71.05010815
04810003-1,Caimanes,Meteorológicas,Vigentes,Región de Coquimbo,Comuna de Los Vilos,Costeras entre R.Choapa y R.Quilimari,450,-31.928264,-71.13622938
04810004-K,Pozo Los Vilos,Control de Nivel,Vigentes,Región de Coquimbo,Comuna de Los Vilos,Costeras entre R.Choapa y R.Quilimari,15,-31.86528878,-71.47684287
04810005-8,Estero Pupio Antes Quebrada Llau-Llau,Calidad de Aguas,Vigentes,Región de Coquimbo,Comuna de Los Vilos,Costeras entre R.Choapa y R.Quilimari,632,-31.94894198,-71.06278885
04810006-6,Quebrada Llau-Llau,Fluviométricas,Vigentes,Región de Coquimbo,Comuna de Los Vilos,Costeras entre R.Choapa y R.Quilimari,624,-31.94993149,-71.0640592
04810007-4,Apr Caimanes,Calidad de Aguas,Vigentes,Región de Coquimbo,Comuna de Los Vilos,Costeras entre R.Choapa y R.Quilimari,1030,-31.92621237,-71.13380249
04820001-K,Los Vilos Dmc,Meteorológicas,Vigentes,Región de Coquimbo,Comuna de Los Vilos,Costeras entre R.Choapa y R.Quilimari,10,-31.91468734,-71.51007496
04900002-2,Culimo Embalse,Meteorológicas,Vigentes,Región de Coquimbo,Comuna de Los Vilos,Rio QuiLimari,380,-32.0727553,-71.2341491
04900003-0,Quelon,Meteorológicas,Vigentes,Región de Coquimbo,Comuna de Los Vilos,Rio QuiLimari,890,-32.14423044,-71.16291915
04900004-9,El Naranjo,Meteorológicas,Suspendidas,Región de Coquimbo,Comuna de Los Vilos,Rio QuiLimari,720,-32.03187322,-71.15233232
04900005-7,Embalse Culimo (Lm),Lagos y Embalses,Vigentes,Región de Coquimbo,Comuna de Los Vilos,Rio QuiLimari,0,-32.06743172,-71.23122351
04901001-K,Rio Quilimari En Los Condores,Calidad de Aguas,Suspendidas,Región de Coquimbo,Comuna de Los Vilos,Rio QuiLimari,200,-32.10328946,-71.30870972
04901002-8,Infiernillo,Meteorológicas,Suspendidas,Región de Coquimbo,Comuna de Los Vilos,Rio QuiLimari,300,-32.06131541,-71.30733654
04902002-3,Los Condores,Meteorológicas,Vigentes,Región de Coquimbo,Comuna de Los Vilos,Rio QuiLimari,190,-32.10858802,-71.31240328
04902003-1,Quilimari,Meteorológicas,Vigentes,Región de Coquimbo,Comuna de Los Vilos,Rio QuiLimari,25,-32.11664318,-71.4919077
04902004-K,Quebrada El Manzano,Meteorológicas,Suspendidas,Región de Coquimbo,Comuna de Los Vilos,Rio QuiLimari,300,-32.17326681,-71.37234362
04902005-8,Quebrada Seca,Meteorológicas,Suspendidas,Región de Coquimbo,Comuna de Los Vilos,Rio QuiLimari,140,-32.069098,-71.40622983
04902006-6,Pueblo Qulimari,Control de Nivel,Vigentes,Región de Coquimbo,Comuna de Los Vilos,Rio QuiLimari,13,-32.1154671,-71.48843205
04902007-4,Fundo Santa Ines,Control de Nivel,Vigentes,Región de Coquimbo,Comuna de Los Vilos,Rio QuiLimari,7,-32.13827937,-71.51094827
04902008-2,Apr Guanguali,Calidad de Aguas,Vigentes,Región de Coquimbo,Comuna de Los Vilos,Rio QuiLimari,2032,-32.12649549,-71.34686328
04902009-0,Apr Los Condores,Calidad de Aguas,Vigentes,Región de Coquimbo,Comuna de Los Vilos,Rio QuiLimari,0,-32.12979006,-71.37522323
04902010-4,Apr Quilimarí,Calidad de Aguas,Vigentes,Región de Coquimbo,Comuna de Los Vilos,Rio QuiLimari,0,-32.12261913,-71.49068201
05000001-K,Quebrada El Manzano,Meteorológicas,Suspendidas,Región de Valparaíso,Comuna de La Ligua,Costeras Quilimari-Petorca,380,-32.22048872,-71.40178843
05000002-8,Apr Casas De Hualquen,Calidad de Aguas,Vigentes,Región de Valparaíso,Comuna de La Ligua,Costeras Quilimari-Petorca,0,-32.33407398,-71.40112056
05100001-3,Rio Sobrante En Piñadero,Fluviométricas,Vigentes,Región de Valparaíso,Comuna de Petorca,Rio Petorca,1300,-32.22936524,-70.71659338
05100002-1,Rio Sobrante Antes Rio Pedernal (Ca),Calidad de Aguas,Suspendidas,Región de Valparaíso,Comuna de Petorca,Rio Petorca,675,-32.20384447,-70.81878149
05100003-K,Nacimiento Del Sobrante,Nivométricas,Vigentes,Región de Valparaíso,Comuna de Petorca,Rio Petorca,3380,-32.18882576,-70.48313531
05100004-8,El Rancho Hacienda,Meteorológicas,Suspendidas,Región de Valparaíso,Comuna de Petorca,Rio Petorca,2000,-32.22604837,-70.60452983
05100005-6,El Trapiche,Meteorológicas,Vigentes,Región de Valparaíso,Comuna de Petorca,Rio Petorca,1180,-32.22906925,-70.73758775
05100006-4,El Sobrante Hacienda,Meteorológicas,Vigentes,Región de Valparaíso,Comuna de Petorca,Rio Petorca,810,-32.22950459,-70.79484424
05100007-2,Chincolco,Meteorológicas,Suspendidas,Región de Valparaíso,Comuna de Petorca,Rio Petorca,650,-32.21548585,-70.83954275
05100008-0,Agua Potable Valle Los Olmos,Control de Nivel,Suspendidas,Región de Valparaíso,Comuna de Petorca,Rio Petorca,753,-32.21772279,-70.81959892
05100009-9,Parcela Luis Silva,Control de Nivel,Vigentes,Región de Valparaíso,Comuna de Petorca,Rio Petorca,718,-32.21656877,-70.81203242
05100010-2,Escuela Chalaco,Control de Nivel,Vigentes,Región de Valparaíso,Comuna de Petorca,Rio Petorca,775,-32.18716688,-70.80433268
05100011-0,Apr El Sobrante,Calidad de Aguas,Vigentes,Región de Valparaíso,Comuna de Petorca,Rio Petorca,0,-32.22926093,-70.78146926
05100012-9,Apr Valle Los Olmos,Calidad de Aguas,Vigentes,Región de Valparaíso,Comuna de Petorca,Rio Petorca,0,-32.21494538,-70.81767631
05101001-9,Rio Pedernal En Tejada,Calidad de Aguas,Vigentes,Región de Valparaíso,Comuna de Petorca,Rio Petorca,1080,-32.07540162,-70.75832946
05101003-5,Rio Pedernal Antes Rio Sobrante (Ca),Calidad de Aguas,Suspendidas,Región de Valparaíso,Comuna de Petorca,Rio Petorca,675,-32.18717637,-70.81877866
05101004-3,Rio Pedernal En Pedernal (Ca),Calidad de Aguas,Suspendidas,Región de Valparaíso,Comuna de Petorca,Rio Petorca,0,-32.10048655,-70.7834254
05101005-1,Pedernal Hacienda,Meteorológicas,Vigentes,Región de Valparaíso,Comuna de Petorca,Rio Petorca,1100,-32.09274711,-70.79876549
05101006-K,Chalaco,Meteorológicas,Vigentes,Región de Valparaíso,Comuna de Petorca,Rio Petorca,880,-32.17891956,-70.78742405
05101007-8,Los Olmos-Chalaco,Control de Nivel,Vigentes,Región de Valparaíso,Comuna de Petorca,Rio Petorca,688,-32.19711091,-70.81221937
05101008-6,Apr Chalaco,Calidad de Aguas,Vigentes,Región de Valparaíso,Comuna de Petorca,Rio Petorca,0,-32.17596249,-70.79877731
05110001-8,Rio Petorca En Petorca,Calidad de Aguas,Vigentes,Región de Valparaíso,Comuna de Petorca,Rio Petorca,0,-32.25743612,-70.94424919
05110002-6,Rio Petorca En Peñon O Hierro Viejo,Meteorológicas,Vigentes,Región de Valparaíso,Comuna de Petorca,Rio Petorca,450,-32.27866586,-70.98892002
05110003-4,Hierro Viejo,Meteorológicas,Vigentes,Región de Valparaíso,Comuna de Petorca,Rio Petorca,440,-32.28139891,-70.97684466
05110004-2,Agua Potable Polcura,Control de Nivel,Vigentes,Región de Valparaíso,Comuna de Petorca,Rio Petorca,584,-32.23370439,-70.8703121
05110005-0,Agua Potable Hierro Viejo,Control de Nivel,Vigentes,Región de Valparaíso,Comuna de Petorca,Rio Petorca,403,-32.28092593,-71.01248539
05110006-9,Sociedad Agricola Bellavista,Control de Nivel,Vigentes,Región de Valparaíso,Comuna de Petorca,Rio Petorca,580,-32.25392935,-70.92115318
05110007-7,Apr Hierro Viejo,Calidad de Aguas,Vigentes,Región de Valparaíso,Comuna de Petorca,Rio Petorca,0,-32.2831627,-71.01248172
05110008-5,Apr Hierro Viejo Centro,Calidad de Aguas,Vigentes,Región de Valparaíso,Comuna de Petorca,Rio Petorca,0,-32.27537863,-70.99661924
05111001-3,Palquico,Meteorológicas,Vigentes,Región de Valparaíso,Comuna de Petorca,Rio Petorca,450,-32.25272465,-71.13862707
05111002-1,Frutillar Alto,Meteorológicas,Vigentes,Región de Valparaíso,Comuna de Petorca,Rio Petorca,780,-32.14956746,-70.99797381
05111004-8,El Salvador,Meteorológicas,Vigentes,Región de Valparaíso,Comuna de Petorca,Rio Petorca,340,-32.30625581,-71.07731483
05111005-6,Santa Julia,Control de Nivel,Suspendidas,Región de Valparaíso,Comuna de Petorca,Rio Petorca,350,-32.31827146,-71.06065949
05111006-4,Apr Palquico,Calidad de Aguas,Vigentes,Región de Valparaíso,Comuna de Petorca,Rio Petorca,0,-32.25363217,-71.12975454
05120001-2,Rio Petorca En Longotoma O Puente Ff,Calidad de Aguas,Vigentes,Región de Valparaíso,Comuna de La Ligua,Rio Petorca,126,-32.38121591,-71.37274913
05120002-0,Rio Petorca Antes Pueblo Pedegua (Ca),Calidad de Aguas,Suspendidas,Región de Valparaíso,Comuna de Petorca,Rio Petorca,300,-32.37051042,-71.06879447
05120003-9,Artificio,Meteorológicas,Vigentes,Región de Valparaíso,Comuna de Cabildo,Rio Petorca,250,-32.3986123,-71.09556451
05120004-7,Las Colmenas,Meteorológicas,Vigentes,Región de Valparaíso,Comuna de La Ligua,Rio Petorca,80,-32.31036291,-71.25869692
05120005-5,Santa Marta,Meteorológicas,Suspendidas,Región de Valparaíso,Comuna de La Ligua,Rio Petorca,100,-32.31854922,-71.25983478
05120006-3,Longotoma,Meteorológicas,Vigentes,Región de Valparaíso,Comuna de La Ligua,Rio Petorca,20,-32.39313032,-71.37170032
05120007-1,Asentamiento Los Tigres,Control de Nivel,Vigentes,Región de Valparaíso,Comuna de Petorca,Rio Petorca,0,-32.17077066,-71.16935707
05120008-K,Pc. Piwonka,Control de Nivel,Suspendidas,Región de Valparaíso,Comuna de La Ligua,Rio Petorca,140,-32.2967185,-71.23995762
05120009-8,Agua Potable Pullancon,Control de Nivel,Vigentes,Región de Valparaíso,Comuna de La Ligua,Rio Petorca,151,-32.3174434,-71.20769352
05120010-1,Agua Potable La Canela,Control de Nivel,Vigentes,Región de Valparaíso,Comuna de La Ligua,Rio Petorca,150,-32.35903606,-71.15507802
05120011-K,Asentamiento Los Tigres,Control de Nivel,Vigentes,Región de Valparaíso,Comuna de La Ligua,Rio Petorca,28,-32.33404418,-71.30657466
05120012-8,Parcela El Boldo,Control de Nivel,Vigentes,Región de Valparaíso,Comuna de La Ligua,Rio Petorca,171,-32.37360647,-71.13302188
05120013-6,Agua Potable Longotoma,Control de Nivel,Vigentes,Región de Valparaíso,Comuna de La Ligua,Rio Petorca,14,-32.3866551,-71.36884214
05120014-4,Agua Potable San Manuel,Control de Nivel,Vigentes,Región de Valparaíso,Comuna de La Ligua,Rio Petorca,16,-32.37422942,-71.357243
05120015-2,Ap. Santa Marta,Control de Nivel,Suspendidas,Región de Valparaíso,Comuna de La Ligua,Rio Petorca,176,-32.33779759,-71.18181137
05120016-0,Agua Potable Pedegua,Control de Nivel,Vigentes,Región de Valparaíso,Comuna de Petorca,Rio Petorca,211,-32.35553233,-71.0708652
05120017-9,A.P. El Trapiche,Control de Nivel,Suspendidas,Región de Valparaíso,Comuna de La Ligua,Rio Petorca,76,-32.31330824,-71.27845897
05120018-7,Parcela Piwonka,Control de Nivel,Suspendidas,Región de Valparaíso,Comuna de La Ligua,Rio Petorca,124,-32.29409971,-71.23761042
05120019-5,Apr Artificio,Calidad de Aguas,Vigentes,Región de Valparaíso,Comuna de Cabildo,Rio Petorca,0,-32.39137952,-71.09066732
05120020-9,Apr El Trapiche - Petorca,Calidad de Aguas,Vigentes,Región de Valparaíso,Comuna de La Ligua,Rio Petorca,0,-32.30866387,-71.207438
05120021-7,Apr La Canela,Calidad de Aguas,Vigentes,Región de Valparaíso,Comuna de La Ligua,Rio Petorca,0,-32.36946942,-71.15988449
05200001-7,Rio Alicahue En Colliguay,Fluviométricas,Vigentes,Región de Valparaíso,Comuna de Cabildo,Rio Ligua,780,-32.33078266,-70.73764829
05200002-5,Rio Alicahue En Alicahue,Calidad de Aguas,Suspendidas,Región de Valparaíso,Comuna de Cabildo,Rio Ligua,620,-32.33716698,-70.75210203
05200003-3,Rio Alicahue Antes Estero Casa/Piedra (C,Calidad de Aguas,Suspendidas,Región de Valparaíso,Comuna de Cabildo,Rio Ligua,610,-32.33717734,-70.78545066
05200004-1,Rio Casa De Piedra Antes Rio Alicahue (C,Calidad de Aguas,Suspendidas,Región de Valparaíso,Comuna de Cabildo,Rio Ligua,610,-32.33717734,-70.78545066
05200005-K,La Chupalla,Meteorológicas,Suspendidas,Región de Valparaíso,Comuna de Cabildo,Rio Ligua,1300,-32.30104288,-70.64146972
05200006-8,Alicahue,Meteorológicas,Vigentes,Región de Valparaíso,Comuna de Cabildo,Rio Ligua,750,-32.34096021,-70.75173954
05200007-6,La Mostaza,Meteorológicas,Vigentes,Región de Valparaíso,Comuna de Cabildo,Rio Ligua,1200,-32.43759438,-70.68162324
05200008-4,Asentamiento Alicahue,Control de Nivel,Vigentes,Región de Valparaíso,Comuna de Cabildo,Rio Ligua,669,-32.34404699,-70.77481218
05200009-2,Pozo Agua Potable Alicahue,Calidad de Aguas,Suspendidas,Región de Valparaíso,Comuna de Cabildo,Rio Ligua,0,-32.34605733,-70.77488331
05200010-6,Apr Los Perales,Calidad de Aguas,Vigentes,Región de Valparaíso,Comuna de Cabildo,Rio Ligua,0,-32.33629575,-70.74468042
05210001-1,Rio Ligua En San Lorenzo,Fluviométricas,Suspendidas,Región de Valparaíso,Comuna de Cabildo,Rio Ligua,0,-32.43382439,-70.98344035
05210002-K,La Viña,Meteorológicas,Vigentes,Región de Valparaíso,Comuna de Cabildo,Rio Ligua,370,-32.43217969,-70.91192932
05210003-8,Asentamiento V. Aconcagua,Control de Nivel,Vigentes,Región de Valparaíso,Comuna de Cabildo,Rio Ligua,0,-32.40383704,-70.90211404
05210004-6,Asentamiento Pililen,Control de Nivel,Vigentes,Región de Valparaíso,Comuna de Cabildo,Rio Ligua,451,-32.38717237,-70.86878137
05210005-4,Asentamiento Bartolillo,Control de Nivel,Vigentes,Región de Valparaíso,Comuna de Cabildo,Rio Ligua,465,-32.38831785,-70.85718675
05210006-2,Fundo El Molle,Control de Nivel,Vigentes,Región de Valparaíso,Comuna de Cabildo,Rio Ligua,358,-32.42050398,-70.91878596
05210007-0,Reserva La Vega,Control de Nivel,Vigentes,Región de Valparaíso,Comuna de Cabildo,Rio Ligua,306,-32.4369054,-70.94550866
05210008-9,Asentamiento San Lorenzo,Control de Nivel,Vigentes,Región de Valparaíso,Comuna de Cabildo,Rio Ligua,276,-32.43013985,-70.98145613
05210009-7,Asentamiento Paihuen,Control de Nivel,Suspendidas,Región de Valparaíso,Comuna de Cabildo,Rio Ligua,560,-32.36172643,-70.81275488
05210010-0,Apr La Vina-La Vega,Calidad de Aguas,Vigentes,Región de Valparaíso,Comuna de Cabildo,Rio Ligua,0,-32.40414192,-70.8812084
05211001-7,Estero Los Angeles Antes Rio Alicahue,Calidad de Aguas,Vigentes,Región de Valparaíso,Comuna de Cabildo,Rio Ligua,240,-32.43986776,-71.00559855
05211003-3,Mina Cerro Negro,Meteorológicas,Vigentes,Región de Valparaíso,Comuna de Cabildo,Rio Ligua,650,-32.59303721,-70.87210584
05211004-1,Las Puertas,Meteorológicas,Vigentes,Región de Valparaíso,Comuna de Cabildo,Rio Ligua,350,-32.486899,-70.93252727
05211005-K,Apr La Mora,Calidad de Aguas,Vigentes,Región de Valparaíso,Comuna de Cabildo,Rio Ligua,0,-32.49558483,-70.95930753
05220001-6,Rio Ligua En Pupio,Fluviométricas,Suspendidas,Región de Valparaíso,Comuna de Cabildo,Rio Ligua,0,-32.41716137,-71.06677541
05220002-4,Rio Ligua En Cabildo,Calidad de Aguas,Vigentes,Región de Valparaíso,Comuna de Cabildo,Rio Ligua,0,-32.42910607,-71.08295618
05220003-2,Rio Ligua Antes Filtracion (Ca),Calidad de Aguas,Suspendidas,Región de Valparaíso,Comuna de Cabildo,Rio Ligua,170,-32.42049676,-71.0854696
05220004-0,Rio Ligua Despues Filtracion (Ca),Calidad de Aguas,Suspendidas,Región de Valparaíso,Comuna de Cabildo,Rio Ligua,150,-32.43717466,-71.10213546
05220005-9,Estero Las Pataguas Antes Rio La Ligua (,Calidad de Aguas,Suspendidas,Región de Valparaíso,Comuna de La Ligua,Rio Ligua,90,-32.48383162,-71.18344632
05220006-7,Chacrilla,Meteorológicas,Vigentes,Región de Valparaíso,Comuna de Cabildo,Rio Ligua,290,-32.42716403,-71.06066593
05220007-5,Las Pataguas,Meteorológicas,Vigentes,Región de Valparaíso,Comuna de La Ligua,Rio Ligua,350,-32.5373622,-71.13526755
05220008-3,Cobre (Suspendida),Meteorológicas,Suspendidas,Región de Valparaíso,Comuna de La Ligua,Rio Ligua,425,-32.48382858,-71.15011101
05220011-3,Fundo Montegrande,Control de Nivel,Vigentes,Región de Valparaíso,Comuna de Cabildo,Rio Ligua,145,-32.4456384,-71.09375958
05220012-1,Parcela El Boldo,Control de Nivel,Suspendidas,Región de Valparaíso,Comuna de La Ligua,Rio Petorca,192,-32.37076949,-71.13065981
05220013-K,Pozo Dren Cabildo,Control de Nivel,Suspendidas,Región de Valparaíso,Comuna de Cabildo,Rio Ligua,211,-32.42250753,-71.02750147
05220014-8,Apr El Carmen,Calidad de Aguas,Vigentes,Región de Valparaíso,Comuna de La Ligua,Rio Ligua,0,-32.47939371,-71.18816944
05220015-6,Apr San Jose,Calidad de Aguas,Vigentes,Región de Valparaíso,Comuna de Cabildo,Rio Ligua,0,-32.41356372,-71.07385936
05221001-1,Rio Ligua En Placilla,Fluviométricas,Suspendidas,Región de Valparaíso,Comuna de La Ligua,Rio Ligua,150,-32.44136133,-71.28373944
05221002-K,Rio Ligua En Quinquimo,Fluviométricas,Suspendidas,Región de Valparaíso,Comuna de La Ligua,Rio Ligua,18,-32.44402382,-71.31864666
05221003-8,Rio Ligua En La Ligua  (Ca),Calidad de Aguas,Suspendidas,Región de Valparaíso,Comuna de La Ligua,Rio Ligua,45,-32.43717468,-71.21880723
05221004-6,Rio Ligua En Puente Panamericana (Ca),Calidad de Aguas,Suspendidas,Región de Valparaíso,Comuna de Papudo,Rio Ligua,12,-32.44027664,-71.32281508
05221005-4,Valle Hermoso,Meteorológicas,Vigentes,Región de Valparaíso,Comuna de La Ligua,Rio Ligua,80,-32.44350925,-71.19906411
05221006-2,Los Cardos,Meteorológicas,Suspendidas,Región de Valparaíso,Comuna de La Ligua,Rio Ligua,60,-32.44576846,-71.22650519
05221007-0,Papudo Y Zapallar,Control de Nivel,Vigentes,Región de Valparaíso,Comuna de Papudo,Rio Ligua,17,-32.44083487,-71.32432887
05221008-9,A.P. Ligua,Control de Nivel,Vigentes,Región de Valparaíso,Comuna de La Ligua,Rio Ligua,46,-32.44654354,-71.22347187
05221009-7,A.P. Placilla,Control de Nivel,Vigentes,Región de Valparaíso,Comuna de Papudo,Rio Ligua,15,-32.44589645,-71.3011254
05221010-0,A.P. Valle Hermoso (1),Control de Nivel,Suspendidas,Región de Valparaíso,Comuna de La Ligua,Rio Ligua,83,-32.45272353,-71.19713948
05221011-9,A.P. Valle Hermoso (2),Control de Nivel,Suspendidas,Región de Valparaíso,Comuna de La Ligua,Rio Ligua,81,-32.45243907,-71.19741975
05221012-7,Apr El Olivo Purutum,Calidad de Aguas,Vigentes,Región de Valparaíso,Comuna de La Ligua,Rio Ligua,0,-32.53772538,-71.22762265
05221013-5,Apr Las Salinas,Calidad de Aguas,Vigentes,Región de Valparaíso,Comuna de Papudo,Rio Ligua,0,-32.43822138,-71.35432445
05221014-3,Apr Valle Hermoso Petorca,Calidad de Aguas,Vigentes,Región de Valparaíso,Comuna de La Ligua,Rio Ligua,0,-32.44023176,-71.20701376
05310001-5,Laguna De Zapallar,Meteorológicas,Vigentes,Región de Valparaíso,Comuna de Zapallar,Costeras Ligua-Aconcagua,50,-32.62378298,-71.40746503
05310002-3,Pozo Riego Bernal,Calidad de Aguas,Vigentes,Región de Valparaíso,Comuna de Zapallar,Costeras Ligua-Aconcagua,0,-32.62716071,-71.4118926
05310003-1,Apr El Blanquillo,Calidad de Aguas,Vigentes,Región de Valparaíso,Comuna de Zapallar,Costeras Ligua-Aconcagua,0,-32.56967216,-71.25466447
05310004-K,Apr John Kennedy,Calidad de Aguas,Vigentes,Región de Valparaíso,Comuna de Zapallar,Costeras Ligua-Aconcagua,0,-32.53074991,-71.27420464
05320001-K,Estero Quintero En Valle Alegre,Meteorológicas,Vigentes,Región de Valparaíso,Comuna de Quintero,Costeras Ligua-Aconcagua,40,-32.80111331,-71.41951737
05320002-8,Estero Puchuncavi En Desembocadura,Calidad de Aguas,Suspendidas,Región de Valparaíso,Comuna de Puchuncaví,Costeras Ligua-Aconcagua,5,-32.73383705,-71.48345958
05320003-6,Estero Pucuncavi En Puente Camino A Ventanas,Calidad de Aguas,Vigentes,Región de Valparaíso,Comuna de Puchuncaví,Costeras Ligua-Aconcagua,10,-32.73384144,-71.46680582
05320004-4,Estero Quintero En Desembocadura (Ca),Calidad de Aguas,Suspendidas,Región de Valparaíso,Comuna de Quintero,Costeras Ligua-Aconcagua,5,-32.8859095,-71.50997598
05320005-2,Apr Campiche,Calidad de Aguas,Vigentes,Región de Valparaíso,Comuna de Puchuncaví,Costeras Ligua-Aconcagua,0,-32.72834065,-71.44288561
05320006-0,Apr Mantagua,Calidad de Aguas,Vigentes,Región de Valparaíso,Comuna de Quintero,Costeras Ligua-Aconcagua,0,-32.85966983,-71.47124628
05320007-9,Apr Pucalan Los Maquis,Calidad de Aguas,Vigentes,Región de Valparaíso,Comuna de Puchuncaví,Costeras Ligua-Aconcagua,0,-32.76072048,-71.31672742
05400001-4,Rio Juncal Antes Rio Juncalillo (Ca),Calidad de Aguas,Suspendidas,Región de Valparaíso,Comuna de Los Andes,Rio Aconcagua,2200,-32.8691826,-70.15126703
05400003-0,Rio Juncalillo Antes Rio Juncal,Calidad de Aguas,Suspendidas,Región de Valparaíso,Comuna de Los Andes,Rio Aconcagua,2200,-32.86434742,-70.14838302
05400004-9,Glaciar Juncal Norte,Glaciológicas,Suspendidas,Región de Valparaíso,Comuna de Los Andes,Rio Aconcagua,2873,-32.98416892,-70.11417646
05400005-7,Glaciar Monos De Agua,Glaciológicas,Vigentes,Región de Valparaíso,Comuna de Los Andes,Rio Aconcagua,4350,-32.99361852,-70.02833712
05401001-K,Laguna Del Inca En Portillo,Fluviométricas,Suspendidas,Región de Valparaíso,Comuna de Los Andes,Rio Aconcagua,2890,-32.83161086,-70.12894443
05401002-8,Rio Juncal Ante Junta Rio Blanco,Calidad de Aguas,Suspendidas,Región de Valparaíso,Comuna de Los Andes,Rio Aconcagua,0,-32.90829185,-70.29598629
05401003-6,Rio Juncal En Juncal,Fluviométricas,Vigentes,Región de Valparaíso,Comuna de Los Andes,Rio Aconcagua,2200,-32.87026638,-70.14718741
05401005-2,Laguna Del Inca,Meteorológicas,Suspendidas,Región de Valparaíso,Comuna de Los Andes,Rio Aconcagua,2888,-32.83439397,-70.12839203
05401006-0,Guardia Vieja,Meteorológicas,Suspendidas,Región de Valparaíso,Comuna de Los Andes,Rio Aconcagua,1560,-32.90439328,-70.28395425
05401007-9,Portillo,Meteorológicas,Vigentes,Región de Valparaíso,Comuna de Los Andes,Rio Aconcagua,3000,-32.84495046,-70.11089482
05402001-5,Rio Blanco En Rio Blanco,Calidad de Aguas,Vigentes,Región de Valparaíso,Comuna de Los Andes,Rio Aconcagua,1420,-32.91280749,-70.29889649
05402003-1,Rio Blanco En Saladillo (Ca),Calidad de Aguas,Suspendidas,Región de Valparaíso,Comuna de Los Andes,Rio Aconcagua,1630,-32.93383754,-70.26673155
05402004-K,Rio Blanco Antes Rio Juncal (Ca),Calidad de Aguas,Suspendidas,Región de Valparaíso,Comuna de Los Andes,Rio Aconcagua,1420,-32.90385403,-70.30208029
05402005-8,Rio Blanco Antes Tranque Relave (Ca),Calidad de Aguas,Suspendidas,Región de Valparaíso,Comuna de Los Andes,Rio Aconcagua,2120,-32.98720043,-70.2520928
05402006-6,Rio Los Leones En Entrada Tunel (Ca),Calidad de Aguas,Suspendidas,Región de Valparaíso,Comuna de Los Andes,Rio Aconcagua,2250,-32.9871959,-70.20208103
05402007-4,Estero Polvareda Antes Rio Blanco  (Ca),Calidad de Aguas,Suspendidas,Región de Valparaíso,Comuna de Los Andes,Rio Aconcagua,1550,-32.92052216,-70.26875548
05402008-2,Rio Blanco En Piscicultura (Ca),Calidad de Aguas,Suspendidas,Región de Valparaíso,Comuna de Los Andes,Rio Aconcagua,1540,-32.9280141,-70.28672315
05402009-0,Rio Blanco Despues Tranque Relave (Ca),Calidad de Aguas,Suspendidas,Región de Valparaíso,Comuna de Los Andes,Rio Aconcagua,1950,-32.97053246,-70.25208225
05402010-4,Rio Blanco Antes Rio Leones (Ca),Calidad de Aguas,Suspendidas,Región de Valparaíso,Comuna de Los Andes,Rio Aconcagua,1900,-32.97053246,-70.25208225
05402011-2,Rio Los Leones Antes Rio Blanco (Ca),Calidad de Aguas,Suspendidas,Región de Valparaíso,Comuna de Los Andes,Rio Aconcagua,1900,-32.97053246,-70.25208225
05402012-0,Cerro Negro,Nivométricas,Suspendidas,Región de Valparaíso,Comuna de Los Andes,Rio Aconcagua,3450,-33.13245769,-70.25839629
05402013-9,Rio Blanco En Central Hidroelectrica,Calidad de Aguas,Vigentes,Región de Valparaíso,Comuna de Los Andes,Rio Aconcagua,0,-32.97609467,-70.27376581
05402014-7,Rio Blanco En B.T. Central Aconcagua,Calidad de Aguas,Suspendidas,Región de Valparaíso,Comuna de Los Andes,Rio Aconcagua,2029,-32.9755021,-70.26284249
05402015-5,Rio Blanco Antes Junta Rio De Los Leones,Fluviométricas,Vigentes,Región de Valparaíso,Comuna de Los Andes,Rio Aconcagua,2050,-32.98385203,-70.25679713
05403002-9,Rio Aconcagua En Rio Blanco,Fluviométricas,Vigentes,Región de Valparaíso,Comuna de Los Andes,Rio Aconcagua,1420,-32.91014002,-70.30732627
05403003-7,Rio Aconcagua En Los Quilos,Calidad de Aguas,Suspendidas,Región de Valparaíso,Comuna de San Esteban,Rio Aconcagua,1062,-32.86050414,-70.42788174
05403005-3,Rio Riecillos Antes Rio Aconcagua (Ca),Calidad de Aguas,Suspendidas,Región de Valparaíso,Comuna de Los Andes,Rio Aconcagua,1320,-32.92052309,-70.35210523
05403006-1,Riecillos,Meteorológicas,Vigentes,Región de Valparaíso,Comuna de Los Andes,Rio Aconcagua,1290,-32.9225705,-70.35709851
05404001-6,Canal Colorado En Bocatoma,Calidad de Aguas,Vigentes,Región de Valparaíso,Comuna de San Esteban,Rio Aconcagua,1391,-32.83857209,-70.3554128
05404002-4,Apr Rio Colorado,Calidad de Aguas,Vigentes,Región de Valparaíso,Comuna de San Esteban,Rio Aconcagua,0,-32.85689592,-70.41202966
05406001-7,Rio Colorado En Colorado,Fluviométricas,Vigentes,Región de Valparaíso,Comuna de San Esteban,Rio Aconcagua,1062,-32.85988945,-70.41530445
05406002-5,Rio Colorado Antes Junta Rio Aconcagua,Calidad de Aguas,Suspendidas,Región de Valparaíso,Comuna de San Esteban,Rio Aconcagua,0,-32.85893193,-70.4114421
05406003-3,Rio Aconcagua Despues Rio Colorado (Ca),Calidad de Aguas,Suspendidas,Región de Valparaíso,Comuna de San Esteban,Rio Aconcagua,0,-32.85634117,-70.44090557
05410002-7,Rio Aconcagua En Chacabuquito,Calidad de Aguas,Vigentes,Región de Valparaíso,Comuna de San Esteban,Rio Aconcagua,950,-32.85041915,-70.5094312
05410004-3,Rio Aconcagua En Los Andes (Ca),Calidad de Aguas,Suspendidas,Región de Valparaíso,Comuna de San Esteban,Rio Aconcagua,815,-32.82052758,-70.5854272
05410005-1,Rio Aconcagua En San Felipe,Fluviométricas,Suspendidas,Región de Valparaíso,Comuna de San Felipe,Rio Aconcagua,650,-32.75760028,-70.73645603
05410006-K,Vilcuya,Meteorológicas,Vigentes,Región de Valparaíso,Comuna de Los Andes,Rio Aconcagua,1100,-32.86033846,-70.47174757
05410007-8,Los Andes,Meteorológicas,Vigentes,Región de Valparaíso,Comuna de Los Andes,Rio Aconcagua,820,-32.81132955,-70.64197665
05410008-6,San Felipe,Meteorológicas,Vigentes,Región de Valparaíso,Comuna de San Felipe,Rio Aconcagua,640,-32.75535398,-70.70696439
05410010-8,Fundo La Esperanza,Control de Nivel,Vigentes,Región de Valparaíso,Comuna de Los Andes,Rio Aconcagua,796,-32.82246369,-70.61877795
05410011-6,Fundo Las Penas,Control de Nivel,Vigentes,Región de Valparaíso,Comuna de San Felipe,Rio Aconcagua,745,-32.79706589,-70.6532793
05410014-0,Mision De Maria,Control de Nivel,Vigentes,Región de Valparaíso,Comuna de San Felipe,Rio Aconcagua,729,-32.80406714,-70.68086565
05410015-9,Fundo Las Viñas,Control de Nivel,Vigentes,Región de Valparaíso,Comuna de San Felipe,Rio Aconcagua,729,-32.79366137,-70.6726185
05410016-7,Tierras Blancas,Control de Nivel,Suspendidas,Región de Valparaíso,Comuna de San Felipe,Rio Aconcagua,643,-32.77383488,-70.7200853
05410017-5,Fundo Las Mercedes,Control de Nivel,Vigentes,Región de Valparaíso,Comuna de Calle Larga,Rio Aconcagua,764,-32.84634701,-70.64294187
05410018-3,Fundo La Quimera,Control de Nivel,Vigentes,Región de Valparaíso,Comuna de San Felipe,Rio Aconcagua,737,-32.80413914,-70.68087768
05410019-1,Fundo Los Pinos,Control de Nivel,Vigentes,Región de Valparaíso,Comuna de Santa María,Rio Aconcagua,721,-32.78070632,-70.66409096
05410020-5,Fundo Los Castaños,Control de Nivel,Vigentes,Región de Valparaíso,Comuna de San Felipe,Rio Aconcagua,678,-32.76236364,-70.69553787
05410021-3,Fundo Los Maitenes,Control de Nivel,Vigentes,Región de Valparaíso,Comuna de Rinconada,Rio Aconcagua,723,-32.83996231,-70.67754628
05410022-1,Rio Aconcagua En Las Tinajas,Calidad de Aguas,Vigentes,Región de Valparaíso,Comuna de Panquehue,Rio Aconcagua,0,-32.73885374,-70.76073256
05410023-K,Pozo Martinez,Control de Nivel,Vigentes,Región de Valparaíso,Comuna de San Felipe,Rio Aconcagua,670,-32.77690421,-70.71461418
05410024-8,Rio Aconcagua En San Felipe 2,Fluviométricas,Vigentes,Región de Valparaíso,Comuna de San Felipe,Rio Aconcagua,650,-32.75694798,-70.73666751
05411001-4,Estero Pocuro En El Sifon,Calidad de Aguas,Vigentes,Región de Valparaíso,Comuna de Calle Larga,Rio Aconcagua,1000,-32.92059727,-70.54345129
05411002-2,Estero Pocuro Antes Junta Rio Aconcagua,Calidad de Aguas,Suspendidas,Región de Valparaíso,Comuna de San Felipe,Rio Aconcagua,830,-32.76698955,-70.72728721
05411003-0,Estero Pocuro En Asentamiento Cristo Redentor,Calidad de Aguas,Suspendidas,Región de Valparaíso,Comuna de Calle Larga,Rio Aconcagua,800,-32.88717902,-70.58543749
05411004-9,Apr El Pimiento,Calidad de Aguas,Vigentes,Región de Valparaíso,Comuna de Calle Larga,Rio Aconcagua,0,-32.87966622,-70.58898058
05413001-5,Estero Chalaco En Los Patos (Ca),Calidad de Aguas,Suspendidas,Región de Valparaíso,Comuna de Putaendo,Rio Aconcagua,1190,-32.48718011,-70.56876249
05413002-3,Embalse Chacrillas (Lm),Lagos y Embalses,Vigentes,Región de Valparaíso,Comuna de Putaendo,Rio Aconcagua,0,-32.50416834,-70.55388976
05414001-0,Rio Putaendo En Resguardo Los Patos,Calidad de Aguas,Vigentes,Región de Valparaíso,Comuna de Putaendo,Rio Aconcagua,1218,-32.50158388,-70.58106119
05414002-9,Rio Putaendo En Putaendo (Ca),Calidad de Aguas,Suspendidas,Región de Valparaíso,Comuna de Putaendo,Rio Aconcagua,800,-32.62051004,-70.71876614
05414003-7,Rio Putaendo En El Baden (Ca),Calidad de Aguas,Vigentes,Región de Valparaíso,Comuna de Putaendo,Rio Aconcagua,810,-32.59481184,-70.71630419
05414004-5,Resguardo Los Patos,Meteorológicas,Vigentes,Región de Valparaíso,Comuna de Putaendo,Rio Aconcagua,1220,-32.50149456,-70.58170888
05414005-3,El Tartaro,Meteorológicas,Vigentes,Región de Valparaíso,Comuna de Putaendo,Rio Aconcagua,950,-32.56846931,-70.69884542
05414007-K,El Asiento,Control de Nivel,Vigentes,Región de Valparaíso,Comuna de San Felipe,Rio Aconcagua,669,-32.73550971,-70.73211114
05414008-8,Perfil Putaendo (1),Control de Nivel,Vigentes,Región de Valparaíso,Comuna de San Felipe,Rio Aconcagua,677,-32.69113022,-70.75070774
05414009-6,Perfil Putaendo (2),Control de Nivel,Vigentes,Región de Valparaíso,Comuna de San Felipe,Rio Aconcagua,674,-32.69690364,-70.74932717
05414010-K,Apr Quebrada De Herrera,Calidad de Aguas,Vigentes,Región de Valparaíso,Comuna de Putaendo,Rio Aconcagua,0,-32.64818952,-70.74039302
05415001-6,Estero Quilpue Antes Junta Rio Aconcagua,Calidad de Aguas,Vigentes,Región de Valparaíso,Comuna de San Felipe,Rio Aconcagua,530,-32.73301469,-70.74876257
05415003-2,Estero San Francisco Antes Estero Jahuel,Calidad de Aguas,Suspendidas,Región de Valparaíso,Comuna de Santa María,Rio Aconcagua,700,-32.73718734,-70.6354397
05415004-0,Jahuel,Meteorológicas,Vigentes,Región de Valparaíso,Comuna de Santa María,Rio Aconcagua,1020,-32.6872716,-70.59648484
05415008-3,Perfil San Felipe,Control de Nivel,Vigentes,Región de Valparaíso,Comuna de San Felipe,Rio Aconcagua,634,-32.73630529,-70.73392996
05415010-5,Apr Higueral,Calidad de Aguas,Vigentes,Región de Valparaíso,Comuna de San Esteban,Rio Aconcagua,0,-32.76746668,-70.55671944
05420002-1,Estero De Los Campos En Antes Junta Rio Aconcagua,Calidad de Aguas,Suspendidas,Región de Valparaíso,Comuna de Panquehue,Rio Aconcagua,550,-32.80492392,-70.9008841
05420003-K,Rio Aconcagua En Puente Catemu (Ca),Calidad de Aguas,Suspendidas,Región de Valparaíso,Comuna de Catemu,Rio Aconcagua,405,-32.78718934,-70.9521394
05420004-8,Rio Aconcagua En Panquehue (Ca),Fluviométricas,Suspendidas,Región de Valparaíso,Comuna de San Felipe,Rio Aconcagua,510,-32.7505007,-70.83342926
05420005-6,Estero Lo Campo En Lo Campo (Ca),Fluviométricas,Vigentes,Región de Valparaíso,Comuna de Panquehue,Rio Aconcagua,450,-32.80473079,-70.91945057
05420006-4,Fundo Santa Adriana,Control de Nivel,Vigentes,Región de Valparaíso,Comuna de Panquehue,Rio Aconcagua,525,-32.77221762,-70.82913475
05420007-2,Hijuela Principal,Control de Nivel,Vigentes,Región de Valparaíso,Comuna de Panquehue,Rio Aconcagua,549,-32.75661954,-70.80895258
05420008-0,Fundicion Chagres,Control de Nivel,Suspendidas,Región de Valparaíso,Comuna de Catemu,Rio Aconcagua,419,-32.80050137,-70.95093542
05420009-9,Fundo San Roque,Control de Nivel,Vigentes,Región de Valparaíso,Comuna de Panquehue,Rio Aconcagua,217,-32.79265447,-70.86215185
05420010-2,Apr San Roque,Calidad de Aguas,Vigentes,Región de Valparaíso,Comuna de Panquehue,Rio Aconcagua,0,-32.78162071,-70.85816385
05420011-0,Rio Aconcagua En Panquehue,Fluviométricas,Vigentes,Región de Valparaíso,Comuna de Catemu,Rio Aconcagua,453,-32.79583663,-70.91250034
05421001-9,Estero Catemu Antes Junta Rio Aconcagua,Calidad de Aguas,Suspendidas,Región de Valparaíso,Comuna de Catemu,Rio Aconcagua,510,-32.80603179,-70.99429505
05421002-7,Estero Catemu En Puente Santa Rosa,Fluviométricas,Vigentes,Región de Valparaíso,Comuna de Catemu,Rio Aconcagua,510,-32.77830682,-70.97738526
05421004-3,Estero Catemu En Catemu (Ca),Calidad de Aguas,Vigentes,Región de Valparaíso,Comuna de Catemu,Rio Aconcagua,400,-32.77050598,-70.96879041
05421005-1,Catemu,Meteorológicas,Vigentes,Región de Valparaíso,Comuna de Catemu,Rio Aconcagua,440,-32.75794611,-70.9426101
05421007-8,Apr Los Corrales,Calidad de Aguas,Vigentes,Región de Valparaíso,Comuna de Catemu,Rio Aconcagua,0,-32.75909921,-70.97670431
05422001-4,Estero Las Vegas En Desembocadura,Calidad de Aguas,Vigentes,Región de Valparaíso,Comuna de Llaillay,Rio Aconcagua,0,-32.83930019,-71.00052983
05422002-2,Las Chilcas,Meteorológicas,Vigentes,Región de Valparaíso,Comuna de Llaillay,Rio Aconcagua,850,-32.86616385,-70.84827737
05422003-0,Llay Llay (1),Control de Nivel,Vigentes,Región de Valparaíso,Comuna de Llaillay,Rio Aconcagua,382,-32.84360942,-70.96017932
05422005-7,A.P. Llay Llay (2),Control de Nivel,Vigentes,Región de Valparaíso,Comuna de Llaillay,Rio Aconcagua,383,-32.84472487,-70.95805645
05422006-5,Apr Las Palmas-San Felipe,Calidad de Aguas,Vigentes,Región de Valparaíso,Comuna de Llaillay,Rio Aconcagua,0,-32.84940551,-70.98039286
05423001-K,Canal Las Vegas En Bocatoma,Fluviométricas,Vigentes,Región de Valparaíso,Comuna de Llaillay,Rio Aconcagua,320,-32.84047973,-71.02586408
05423003-6,Rio Aconcagua En Romeral,Fluviométricas,Vigentes,Región de Valparaíso,Comuna de Llaillay,Rio Aconcagua,365,-32.84011582,-71.02550328
05423004-4,Estero Romeral Antes Junta Rio Aconcagua,Calidad de Aguas,Suspendidas,Región de Valparaíso,Comuna de Hijuelas,Rio Aconcagua,544,-32.82509841,-71.05384066
05423005-2,Rio Aconcagua En Panamericana,Fluviométricas,Suspendidas,Región de Valparaíso,Comuna de Hijuelas,Rio Aconcagua,210,-32.84435802,-71.1039611
05423006-0,Estero Rabuco En Fundo Rabuco,Calidad de Aguas,Suspendidas,Región de Valparaíso,Comuna de Hijuelas,Rio Aconcagua,300,-32.86947102,-71.11798667
05423007-9,Estero Rabuco Antes Rio Aconcagua,Calidad de Aguas,Suspendidas,Región de Valparaíso,Comuna de Hijuelas,Rio Aconcagua,290,-32.85384666,-71.11882252
05423008-7,Canal Melon En Bocatoma,Fluviométricas,Suspendidas,Región de Valparaíso,Comuna de Hijuelas,Rio Aconcagua,210,-32.85049953,-71.11677711
05423009-5,Canal Comunidad Hijuela En Bocatoma,Fluviométricas,Suspendidas,Región de Valparaíso,Comuna de Hijuelas,Rio Aconcagua,210,-32.85049953,-71.11677711
05423010-9,Canal Comunidad Purutun En Bocatoma,Fluviométricas,Suspendidas,Región de Valparaíso,Comuna de Hijuelas,Rio Aconcagua,210,-32.85049953,-71.11677711
05423011-7,Canal Puntilla Torrejon En Bocatoma,Fluviométricas,Suspendidas,Región de Valparaíso,Comuna de Hijuelas,Rio Aconcagua,210,-32.85049953,-71.11677711
05423012-5,Cerro El Roble,Nivométricas,Suspendidas,Región de Valparaíso,Comuna de Llaillay,Rio Aconcagua,2200,-32.97606606,-71.01205073
05423013-3,Estero Rabuco,Meteorológicas,Vigentes,Región de Valparaíso,Comuna de Hijuelas,Rio Aconcagua,300,-32.8534737,-71.12060859
05423014-1,Fundo Florence,Control de Nivel,Vigentes,Región de Valparaíso,Comuna de Hijuelas,Rio Aconcagua,281,-32.83946724,-71.1212261
05423015-K,Rabuco (1),Control de Nivel,Vigentes,Región de Valparaíso,Comuna de Hijuelas,Rio Aconcagua,307,-32.8731217,-71.10740834
05423016-8,Parcela 5,Control de Nivel,Vigentes,Región de Valparaíso,Comuna de Calera,Rio Aconcagua,202,-32.79716832,-71.20547884
05423017-6,Asentamiento Manuel Rodriguez (1),Control de Nivel,Vigentes,Región de Valparaíso,Comuna de Hijuelas,Rio Aconcagua,249,-32.82405655,-71.14548902
05423018-4,Asentamiento La Sombra,Control de Nivel,Vigentes,Región de Valparaíso,Comuna de Hijuelas,Rio Aconcagua,345,-32.81523187,-71.05552522
05423019-2,Pozo Rabuco (2),Control de Nivel,Vigentes,Región de Valparaíso,Comuna de Hijuelas,Rio Aconcagua,294,-32.86077133,-71.11569622
05423020-6,Fundo Esperanza,Control de Nivel,Vigentes,Región de Valparaíso,Comuna de Hijuelas,Rio Aconcagua,0,-32.85383952,-71.10214426
05423021-4,Asentamiento Manuel Rodriguez (2),Control de Nivel,Vigentes,Región de Valparaíso,Comuna de Hijuelas,Rio Aconcagua,0,-32.81383945,-71.15491881
05423022-2,Asentamiento Los Aromos,Control de Nivel,Vigentes,Región de Valparaíso,Comuna de Hijuelas,Rio Aconcagua,335,-32.82806788,-71.08206483
05423023-0,Asentamiento Manuel Rodriguez (3),Control de Nivel,Vigentes,Región de Valparaíso,Comuna de Hijuelas,Rio Aconcagua,252,-32.80664879,-71.146715
05423024-9,Asentamiento Romeral,Control de Nivel,Vigentes,Región de Valparaíso,Comuna de Hijuelas,Rio Aconcagua,353,-32.82884349,-71.02547156
05423025-7,Apr Hualcapo,Calidad de Aguas,Vigentes,Región de Valparaíso,Comuna de Hijuelas,Rio Aconcagua,0,-32.88079479,-71.09621849
05424002-3,Estero El Litre Antes Rio Aconcagua (Ca),Calidad de Aguas,Vigentes,Región de Valparaíso,Comuna de Calera,Rio Aconcagua,205,-32.7711487,-71.20308605
05424003-1,Estero El Cobre En Puente Mina (Ca),Calidad de Aguas,Suspendidas,Región de Valparaíso,Comuna de Nogales,Rio Aconcagua,350,-32.65383408,-71.15213637
05424004-K,Estero El Cobre Despues Relave Mina El Soldado,Calidad de Aguas,Suspendidas,Región de Valparaíso,Comuna de Nogales,Rio Aconcagua,330,-32.65049609,-71.15010562
05424005-8,El Cobre,Meteorológicas,Vigentes,Región de Valparaíso,Comuna de Nogales,Rio Aconcagua,280,-32.65355228,-71.19649701
05424006-6,Pucalan De Nogales,Control de Nivel,Suspendidas,Región de Valparaíso,Comuna de Nogales,Rio Aconcagua,235,-32.71654211,-71.19913908
05424007-4,Asentamiento Nogales,Control de Nivel,Vigentes,Región de Valparaíso,Comuna de Nogales,Rio Aconcagua,235,-32.7167592,-71.19910174
05424008-2,Asentamiento El Melon,Control de Nivel,Vigentes,Región de Valparaíso,Comuna de Nogales,Rio Aconcagua,246,-32.69166388,-71.19693963
05424010-4,Fundo El Carmen,Control de Nivel,Vigentes,Región de Valparaíso,Comuna de Nogales,Rio Aconcagua,216,-32.76189317,-71.17176756
05424012-0,Conchali,Control de Nivel,Vigentes,Región de Valparaíso,Comuna de Hijuelas,Rio Aconcagua,235,-32.79431312,-71.15662562
05424013-9,Pozo Dren Los Caleos,Calidad de Aguas,Vigentes,Región de Valparaíso,Comuna de Nogales,Rio Aconcagua,0,-32.65355595,-71.19577221
05424014-7,Apr La Peña,Calidad de Aguas,Vigentes,Región de Valparaíso,Comuna de Nogales,Rio Aconcagua,0,-32.75155067,-71.16127148
05424015-5,Apr Los Caleos,Calidad de Aguas,Vigentes,Región de Valparaíso,Comuna de Nogales,Rio Aconcagua,0,-32.6615344,-71.21080744
05424016-3,Apr Parceleros El Melón,Calidad de Aguas,Vigentes,Región de Valparaíso,Comuna de Nogales,Rio Aconcagua,0,-32.6902243,-71.19983707
05425002-9,Rio Aconcagua En Puente Lo Rojas,Fluviométricas,Vigentes,Región de Valparaíso,Comuna de La Cruz,Rio Aconcagua,170,-32.81722239,-71.24361966
05425003-7,Lo Rojas,Meteorológicas,Vigentes,Región de Valparaíso,Comuna de La Cruz,Rio Aconcagua,190,-32.81364537,-71.25048175
05425004-5,Callejon Zaravia,Control de Nivel,Vigentes,Región de Valparaíso,Comuna de La Cruz,Rio Aconcagua,198,-32.81845292,-71.22723603
05425005-3,Calle Santa Maria,Control de Nivel,Vigentes,Región de Valparaíso,Comuna de La Cruz,Rio Aconcagua,161,-32.83661357,-71.22882185
05425006-1,Parcela San Antonio,Control de Nivel,Suspendidas,Región de Valparaíso,Comuna de Calera,Rio Aconcagua,208,-32.79858071,-71.20516138
05425007-K,Apr Pocochay,Calidad de Aguas,Vigentes,Región de Valparaíso,Comuna de La Cruz,Rio Aconcagua,0,-32.83994983,-71.22123542
05426001-6,Rio Aconcagua En Puente Boco (Ca),Fluviométricas,Vigentes,Región de Valparaíso,Comuna de Quillota,Rio Aconcagua,120,-32.87050846,-71.25213155
05426002-4,Rio Aconcagua En Tabolango,Calidad de Aguas,Suspendidas,Región de Valparaíso,Comuna de Quillota,Rio Aconcagua,60,-32.91969003,-71.38718149
05426003-2,Rio Aconcagua En Puente Colmo,Fluviométricas,Vigentes,Región de Valparaíso,Comuna de Limache,Rio Aconcagua,20,-32.9229941,-71.44157303
05426004-0,Quillota,Meteorológicas,Vigentes,Región de Valparaíso,Comuna de Quillota,Rio Aconcagua,130,-32.89608535,-71.2064743
05426005-9,Fundo Esmeralda (1),Control de Nivel,Vigentes,Región de Valparaíso,Comuna de Quillota,Rio Aconcagua,92,-32.91750049,-71.25657172
05426006-7,Fundo Esmeralda (2),Control de Nivel,Vigentes,Región de Valparaíso,Comuna de Quillota,Rio Aconcagua,92,-32.91757356,-71.25652012
05426007-5,Fundo El Progreso,Control de Nivel,Vigentes,Región de Valparaíso,Comuna de La Cruz,Rio Aconcagua,187,-32.79736207,-71.22865304
05426008-3,Fundo San Antonio,Control de Nivel,Vigentes,Región de Valparaíso,Comuna de La Cruz,Rio Aconcagua,125,-32.79750705,-71.22861395
05426009-1,Asentamiento El Cajon,Control de Nivel,Vigentes,Región de Valparaíso,Comuna de Quillota,Rio Aconcagua,95,-32.93819802,-71.26840097
05426011-3,Fundo Esmeralda (3),Control de Nivel,Suspendidas,Región de Valparaíso,Comuna de Quillota,Rio Aconcagua,97,-32.90717275,-71.31049787
05426012-1,Asentamiento La Victoria (1),Control de Nivel,Vigentes,Región de Valparaíso,Comuna de Limache,Rio Aconcagua,16,-32.92284454,-71.40980426
05426014-8,Asentamiento Las Pataguas,Control de Nivel,Vigentes,Región de Valparaíso,Comuna de Quillota,Rio Aconcagua,0,-32.8741272,-71.20391021
05426015-6,Parcela 12 La Cruz,Control de Nivel,Vigentes,Región de Valparaíso,Comuna de La Cruz,Rio Aconcagua,147,-32.8463486,-71.2046332
05426016-4,San Isidro Puente,Control de Nivel,Vigentes,Región de Valparaíso,Comuna de Quillota,Rio Aconcagua,108,-32.90183931,-71.24692776
05426017-2,Asentamiento La Victoria (2),Control de Nivel,Vigentes,Región de Valparaíso,Comuna de Limache,Rio Aconcagua,17,-32.92570783,-71.42446573
05426018-0,Asentamiento La Victoria (3),Control de Nivel,Vigentes,Región de Valparaíso,Comuna de Limache,Rio Aconcagua,15,-32.93143209,-71.43890726
05426019-9,Lajarillas,Control de Nivel,Vigentes,Región de Valparaíso,Comuna de Concón,Rio Aconcagua,9,-32.92369859,-71.46630064
05426020-2,Las Cruzadas,Control de Nivel,Vigentes,Región de Valparaíso,Comuna de Quillota,Rio Aconcagua,68,-32.93648442,-71.29507
05426021-0,Tabolango (1),Control de Nivel,Vigentes,Región de Valparaíso,Comuna de Limache,Rio Aconcagua,39,-32.92720664,-71.36176478
05426022-9,Asentamiento Las Pataguas,Control de Nivel,Vigentes,Región de Valparaíso,Comuna de Quillota,Rio Aconcagua,117,-32.90606406,-71.22095054
05426023-7,Tabolango (2),Control de Nivel,Suspendidas,Región de Valparaíso,Comuna de Limache,Rio Aconcagua,86,-32.93105693,-71.36605871
05426024-5,Apr Casas Viejas De Rauten,Calidad de Aguas,Vigentes,Región de Valparaíso,Comuna de Quillota,Rio Aconcagua,0,-32.89578305,-71.2865051
05426025-3,Apr Manzanar,Calidad de Aguas,Vigentes,Región de Valparaíso,Comuna de Quillota,Rio Aconcagua,0,-32.91355599,-71.3726272
05426026-1,Apr Pueblo Los Indios,Calidad de Aguas,Vigentes,Región de Valparaíso,Comuna de Quillota,Rio Aconcagua,0,-32.89606329,-71.22095736
05426027-K,Apr Santa Rosa De Colmo,Calidad de Aguas,Vigentes,Región de Valparaíso,Comuna de Quillota,Rio Aconcagua,0,-32.91746233,-71.43763648
05426028-8,Apr Tabolango,Calidad de Aguas,Vigentes,Región de Valparaíso,Comuna de Limache,Rio Aconcagua,0,-32.92728341,-71.36866336
05426029-6,Pozo Los Militares,Control de Nivel,Vigentes,Región de Valparaíso,Comuna de Quillota,Rio Aconcagua,122,-32.91472295,-71.22945256
05426030-K,Rio Aconcagua En Puente Ferroviario,Fluviométricas,Vigentes,Región de Valparaíso,Comuna de Quillota,Rio Aconcagua,68,-32.93445137,-71.33084012
05427001-1,Estero Limache Entrada Tranque Los Aromos,Calidad de Aguas,Vigentes,Región de Valparaíso,Comuna de Limache,Rio Aconcagua,30,-32.97253971,-71.32267251
05427002-K,Estero Limache En Limache (Ca),Calidad de Aguas,Suspendidas,Región de Valparaíso,Comuna de Limache,Rio Aconcagua,75,-32.98718225,-71.26884048
05427003-8,Estero De Limache Antes Junta Rio Aconcagua,Sedimentometricas,Suspendidas,Región de Valparaíso,Comuna de Concón,Rio Aconcagua,120,-32.93135912,-71.44125762
05427004-6,Estero Limache Despues Embalse Aromos,Calidad de Aguas,Suspendidas,Región de Valparaíso,Comuna de Limache,Rio Aconcagua,40,-32.95385222,-71.38551165
05427005-4,Embalse Los Aromos (Lm),Lagos y Embalses,Vigentes,Región de Valparaíso,Comuna de Limache,Rio Aconcagua,40,-32.95000718,-71.38334418
05427006-2,Lliu-Lliu Embalse,Meteorológicas,Vigentes,Región de Valparaíso,Comuna de Limache,Rio Aconcagua,260,-33.09841535,-71.21453942
05427007-0,Los Aromos,Meteorológicas,Vigentes,Región de Valparaíso,Comuna de Limache,Rio Aconcagua,100,-32.95828734,-71.34512496
05427008-9,Quebrada Alvarado,Meteorológicas,Vigentes,Región de Valparaíso,Comuna de Olmué,Rio Aconcagua,290,-33.05063495,-71.11460522
05427009-7,Asentamiento Los Laureles,Control de Nivel,Suspendidas,Región de Valparaíso,Comuna de Limache,Rio Aconcagua,74,-32.97883606,-71.28345544
05427010-0,A.P. Olmue,Control de Nivel,Vigentes,Región de Valparaíso,Comuna de Hijuelas,Rio Aconcagua,121,-32.82940126,-71.11547512
05427011-9,Fundo El Rocio,Control de Nivel,Vigentes,Región de Valparaíso,Comuna de Limache,Rio Aconcagua,119,-33.02675085,-71.24191508
05427012-7,San Carlos Pelumpen,Control de Nivel,Vigentes,Región de Valparaíso,Comuna de Olmué,Rio Aconcagua,137,-33.01443184,-71.190709
05427014-3,La Jarilla,Control de Nivel,Suspendidas,Región de Valparaíso,Comuna de Concón,Rio Aconcagua,0,-32.91967145,-71.46429655
05427015-1,La Jarilla,Control de Nivel,Suspendidas,Región de Valparaíso,Comuna de Concón,Rio Aconcagua,0,-32.92355778,-71.46429742
05427016-K,La Jarilla,Control de Nivel,Suspendidas,Región de Valparaíso,Comuna de Limache,Rio Aconcagua,0,-32.92355783,-71.42234357
05427017-8,Pozo C.C.U. Limache,Calidad de Aguas,Vigentes,Región de Valparaíso,Comuna de Limache,Rio Aconcagua,0,-32.98939944,-71.28077432
05427018-6,Estacion Canal De Descarga Los Aromos (Doh),Fluviométricas,Suspendidas,Región de Valparaíso,Comuna de Limache,Rio Aconcagua,47,-32.95688422,-71.397166
05427019-4,Apr Las Palmas Olmue,Calidad de Aguas,Vigentes,Región de Valparaíso,Comuna de Olmué,Rio Aconcagua,0,-33.02232613,-71.07226648
05427020-8,Apr Lliu Lliu Alto,Calidad de Aguas,Vigentes,Región de Valparaíso,Comuna de Limache,Rio Aconcagua,0,-33.05939588,-71.21762003
05427021-6,Apr Los Laureles-Limache,Calidad de Aguas,Vigentes,Región de Valparaíso,Comuna de Puchuncaví,Costeras Ligua-Aconcagua,0,-32.75633486,-71.31152329
05427022-4,Apr Los Maitenes,Calidad de Aguas,Vigentes,Región de Valparaíso,Comuna de Limache,Rio Aconcagua,0,-32.99635277,-71.22983468
05427023-2,Apr Palmira Romano,Calidad de Aguas,Vigentes,Región de Valparaíso,Comuna de Limache,Rio Aconcagua,0,-33.05889303,-71.21750033
05428001-7,Rio Aconcagua En Desembocadura (Pte. Concon),Calidad de Aguas,Suspendidas,Región de Valparaíso,Comuna de Concón,Rio Aconcagua,5,-32.92051423,-71.5021878
05428002-5,Contaminacion Del Rio Aconcagua Con Mar,Calidad de Aguas,Suspendidas,Región de Valparaíso,Comuna de Quintero,Costeras Ligua-Aconcagua,1,-32.90383284,-71.50218859
05428004-1,Con Con,Control de Nivel,Suspendidas,Región de Valparaíso,Comuna de Concón,Rio Aconcagua,5,-32.92383625,-71.4884573
05428005-K,Con Con,Control de Nivel,Vigentes,Región de Valparaíso,Comuna de Concón,Rio Aconcagua,4,-32.92593612,-71.47398601
05428006-8,Con Con,Control de Nivel,Vigentes,Región de Valparaíso,Comuna de Concón,Rio Aconcagua,14,-32.92383496,-71.47217409
05428007-6,Con Con,Control de Nivel,Suspendidas,Región de Valparaíso,Comuna de Concón,Rio Aconcagua,0,-32.93105886,-71.48845647
05428008-4,Con Con,Control de Nivel,Vigentes,Región de Valparaíso,Comuna de Concón,Rio Aconcagua,1,-32.92386042,-71.49086356
05428010-6,Lajarillas,Control de Nivel,Vigentes,Región de Valparaíso,Comuna de Concón,Rio Aconcagua,12,-32.92549965,-71.46550599
05428012-2,Lajarillas,Control de Nivel,Suspendidas,Región de Valparaíso,Comuna de Concón,Rio Aconcagua,0,-32.92550262,-71.46124005
05428013-0,Rio Aconcagua En Desembocadura Con Con,Fluviométricas,Vigentes,Región de Valparaíso,Comuna de Concón,Rio Aconcagua,11,-32.9236137,-71.48695426
05500001-8,Las Piedras,Meteorológicas,Vigentes,Región de Valparaíso,Comuna de Quilpué,Costeras entre Aconcagua y Maipo,225,-33.15563478,-71.31204164
05500003-4,Las Salinas,Meteorológicas,Vigentes,Región de Valparaíso,Comuna de Viña del Mar,Costeras entre Aconcagua y Maipo,20,-33.00244973,-71.54680021
05500004-2,Apr Aguas Del Marga  Marga,Calidad de Aguas,Vigentes,Región de Valparaíso,Comuna de Quilpué,Costeras entre Aconcagua y Maipo,0,-33.1513536,-71.31678526
05510001-2,Rodelillo,Meteorológicas,Vigentes,Región de Valparaíso,Comuna de Valparaíso,Costeras entre Aconcagua y Maipo,110,-33.05066699,-71.58423721
05510002-0,Lago Peñuelas,Meteorológicas,Vigentes,Región de Valparaíso,Comuna de Valparaíso,Costeras entre Aconcagua y Maipo,360,-33.14506617,-71.55602777
05510003-9,Lago Peñuelas (Lm),Lagos y Embalses,Vigentes,Región de Valparaíso,Comuna de Valparaíso,Costeras entre Aconcagua y Maipo,0,-33.13384625,-71.5168004
05510004-7,Prueba 99,Meteorológicas,Suspendidas,Región de Valparaíso,Comuna de Valparaíso,Costeras entre Aconcagua y Maipo,20,-33.04467524,-71.61430578
05510005-5,Cerro Colorado Armada De Chile,Meteorológicas,Vigentes,Región de Valparaíso,Comuna de Valparaíso,Costeras entre Aconcagua y Maipo,510,-33.08244998,-71.61708364
05510006-3,Colector Argentina Frente Ucv,Fluviométricas,Suspendidas,Región de Valparaíso,Comuna de Valparaíso,Costeras entre Aconcagua y Maipo,3,-33.0452224,-71.60496513
05510007-1,Valparaíso,Meteorológicas,Vigentes,Región de Valparaíso,Comuna de Valparaíso,Costeras entre Aconcagua y Maipo,44,-33.04134427,-71.60458326
05510008-K,Apr Laguna Verde,Calidad de Aguas,Vigentes,Región de Valparaíso,Comuna de Valparaíso,Costeras entre Aconcagua y Maipo,0,-33.11058394,-71.64639484
05520001-7,Casablanca,Meteorológicas,Vigentes,Región de Valparaíso,Comuna de Casablanca,Costeras entre Aconcagua y Maipo,290,-33.32311181,-71.41051115
05520002-5,Tapihue,Meteorológicas,Vigentes,Región de Valparaíso,Comuna de Casablanca,Costeras entre Aconcagua y Maipo,310,-33.2908312,-71.28948028
05520003-3,Fundo La Vega,Control de Nivel,Vigentes,Región de Valparaíso,Comuna de Casablanca,Costeras entre Aconcagua y Maipo,292,-33.29322079,-71.30021535
05520004-1,Fundo El Tapihue,Control de Nivel,Vigentes,Región de Valparaíso,Comuna de Casablanca,Costeras entre Aconcagua y Maipo,284,-33.31997373,-71.32301096
05520005-K,Fundo La Playa,Control de Nivel,Vigentes,Región de Valparaíso,Comuna de Casablanca,Costeras entre Aconcagua y Maipo,274,-33.24570139,-71.44658448
05520006-8,Hacienda Lo Orozco,Control de Nivel,Vigentes,Región de Valparaíso,Comuna de Casablanca,Costeras entre Aconcagua y Maipo,275,-33.22950363,-71.42837697
05520008-4,Fundo La Viña,Control de Nivel,Vigentes,Región de Valparaíso,Comuna de Casablanca,Costeras entre Aconcagua y Maipo,304,-33.22200895,-71.39546024
05520009-2,Fundo Santa Rosa,Control de Nivel,Vigentes,Región de Valparaíso,Comuna de Casablanca,Costeras entre Aconcagua y Maipo,257,-33.30717567,-71.42551412
05520011-4,Fundo Santa Amalia,Control de Nivel,Vigentes,Región de Valparaíso,Comuna de Casablanca,Costeras entre Aconcagua y Maipo,0,-33.30410056,-71.45490455
05520012-2,Fundo Santa Ines,Control de Nivel,Vigentes,Región de Valparaíso,Comuna de Casablanca,Costeras entre Aconcagua y Maipo,270,-33.32207948,-71.35149685
05520013-0,Fundo Santa Esmeralda,Control de Nivel,Vigentes,Región de Valparaíso,Comuna de Casablanca,Costeras entre Aconcagua y Maipo,268,-33.33551303,-71.37384688
05520014-9,Fundo Loma Larga,Control de Nivel,Vigentes,Región de Valparaíso,Comuna de Casablanca,Costeras entre Aconcagua y Maipo,270,-33.28051631,-71.38718164
05520015-7,Fundo El Mirador,Control de Nivel,Vigentes,Región de Valparaíso,Comuna de Casablanca,Costeras entre Aconcagua y Maipo,0,-33.32551549,-71.40884812
05520016-5,Hacienda Lo Orozco,Control de Nivel,Vigentes,Región de Valparaíso,Comuna de Casablanca,Costeras entre Aconcagua y Maipo,284,-33.23211194,-71.42085286
05520017-3,Fundo Santa Rosa,Control de Nivel,Vigentes,Región de Valparaíso,Comuna de Casablanca,Costeras entre Aconcagua y Maipo,248,-33.31019546,-71.44532476
05520018-1,Mina Del Agua,Control de Nivel,Vigentes,Región de Valparaíso,Comuna de Casablanca,Costeras entre Aconcagua y Maipo,317,-33.28351484,-71.28379237
05520019-K,Fundo Santa Rita,Control de Nivel,Vigentes,Región de Valparaíso,Comuna de Casablanca,Costeras entre Aconcagua y Maipo,255,-33.26896084,-71.45134423
05520020-3,Ap. Las Dichas,Control de Nivel,Vigentes,Región de Valparaíso,Comuna de Casablanca,Costeras entre Aconcagua y Maipo,247,-33.29273152,-71.50274944
05520021-1,Embalse Lo Ovalle Bajo,Control de Nivel,Vigentes,Región de Valparaíso,Comuna de Casablanca,Costeras entre Aconcagua y Maipo,287,-33.2558635,-71.36315731
05520022-K,La Rotunda,Control de Nivel,Vigentes,Región de Valparaíso,Comuna de Casablanca,Costeras entre Aconcagua y Maipo,258,-33.31496067,-71.41051218
05520023-8,Plaza Peaje Zapata,Control de Nivel,Vigentes,Región de Valparaíso,Comuna de Casablanca,Costeras entre Aconcagua y Maipo,325,-33.37005286,-71.3056538
05520024-6,Parcela 4 Mundo Nuevo,Control de Nivel,Vigentes,Región de Valparaíso,Comuna de Casablanca,Costeras entre Aconcagua y Maipo,270,-33.34616529,-71.35995487
05520025-4,P.C. D-3 Santa Marta,Control de Nivel,Vigentes,Región de Valparaíso,Comuna de Casablanca,Costeras entre Aconcagua y Maipo,307,-33.35690038,-71.33106205
05520026-2,Agroindustria Casablanca,Control de Nivel,Vigentes,Región de Valparaíso,Comuna de Casablanca,Costeras entre Aconcagua y Maipo,277,-33.3130156,-71.40107262
05520027-0,Fundo La Vinilla,Control de Nivel,Vigentes,Región de Valparaíso,Comuna de Casablanca,Costeras entre Aconcagua y Maipo,318,-33.36185974,-71.29964579
05520028-9,Fundo Maucolen,Control de Nivel,Suspendidas,Región de Valparaíso,Comuna de Casablanca,Costeras entre Aconcagua y Maipo,330,-33.36129833,-71.29636441
05520029-7,Sector El Carpintero,Control de Nivel,Vigentes,Región de Valparaíso,Comuna de Casablanca,Costeras entre Aconcagua y Maipo,302,-33.24293503,-71.33010195
05520030-0,Cumeneyen,Control de Nivel,Vigentes,Región de Valparaíso,Comuna de Casablanca,Costeras entre Aconcagua y Maipo,305,-33.23658244,-71.32360264
05520031-9,Apr La Playa,Calidad de Aguas,Vigentes,Región de Valparaíso,Comuna de Casablanca,Costeras entre Aconcagua y Maipo,0,-33.24499274,-71.45097503
05520032-7,Apr Lo Ovalle,Calidad de Aguas,Vigentes,Región de Valparaíso,Comuna de Casablanca,Costeras entre Aconcagua y Maipo,0,-33.26523869,-71.37180341
05520033-5,Apr Mundo Nuievo,Calidad de Aguas,Vigentes,Región de Valparaíso,Comuna de Casablanca,Costeras entre Aconcagua y Maipo,0,-33.34413426,-71.35485079
05520034-3,Apr Tipahue,Calidad de Aguas,Vigentes,Región de Valparaíso,Comuna de Casablanca,Costeras entre Aconcagua y Maipo,0,-33.30801526,-71.32456219
05520035-1,Apr Paso Hondo Casa Blanca,Calidad de Aguas,Vigentes,Región de Valparaíso,Comuna de Casablanca,Costeras entre Aconcagua y Maipo,0,-33.21684913,-71.47386447
05530002-K,San Antonio (Pta. Panul),Meteorológicas,Vigentes,Región de Valparaíso,Comuna de San Antonio,Rio Maipo,80,-33.57469785,-71.62505555
05530003-8,Lagunillas,Meteorológicas,Vigentes,Región de Valparaíso,Comuna de Casablanca,Costeras entre Aconcagua y Maipo,200,-33.44733093,-71.45477184
05530004-6,Faro Punta Panul Dga.,Meteorológicas,Suspendidas,Región de Valparaíso,Comuna de San Antonio,Rio Maipo,0,-33.56719117,-71.61680465
05530005-4,Algarrobo,Meteorológicas,Vigentes,Región de Valparaíso,Comuna de El Tabo,Costeras entre Aconcagua y Maipo,130,-33.43904003,-71.62398203
05530006-2,Apr El Totoral,Calidad de Aguas,Vigentes,Región de Valparaíso,Comuna de El Quisco,Costeras entre Aconcagua y Maipo,0,-33.41996444,-71.62430008
05530007-0,Apr El Turco,Calidad de Aguas,Vigentes,Región de Valparaíso,Comuna de Cartagena,Costeras entre Aconcagua y Maipo,0,-33.54580755,-71.47651627
05530008-9,Apr Lagunillas-Casablanca,Calidad de Aguas,Vigentes,Región de Valparaíso,Comuna de Casablanca,Costeras entre Aconcagua y Maipo,0,-33.44385322,-71.45236147
05530009-7,Apr Lo Abarca,Calidad de Aguas,Vigentes,Región de Valparaíso,Comuna de Cartagena,Costeras entre Aconcagua y Maipo,0,-33.5238519,-71.54458045
05530010-0,Apr Maitenes De Casablanca,Calidad de Aguas,Vigentes,Región de Valparaíso,Comuna de Casablanca,Costeras entre Aconcagua y Maipo,0,-33.4204658,-71.38996352
05610000-8,Poike,Meteorológicas,Vigentes,Región de Valparaíso,Comuna de Isla de Pascua,Islas del Pacifico,32,-27.16948872,-109.41352963
05610001-6,Isla De Pascua (Colegio Hona A Te Mana),Meteorológicas,Vigentes,Región de Valparaíso,Comuna de Isla de Pascua,Islas del Pacifico,67,-27.14631013,-109.41623641
05701001-0,Rio Maipo En Las Hualtatas,Fluviométricas,Vigentes,Región Metropolitana de Santiago,Comuna de San José de Maipo,Rio Maipo,1820,-33.97857732,-70.14561196
05701002-9,Rio Maipo En Las Melosas,Calidad de Aguas,Suspendidas,Región Metropolitana de Santiago,Comuna de San José de Maipo,Rio Maipo,1527,-33.8519193,-70.19822272
05701003-7,Rio Maipo En Bocatoma Queltehues,Sedimentometricas,Suspendidas,Región Metropolitana de Santiago,Comuna de San José de Maipo,Rio Maipo,1527,-33.90053268,-70.19311631
05701004-5,Rio Maipo Antes Rio Volcan Puente El Cristo,Calidad de Aguas,Suspendidas,Región Metropolitana de Santiago,Comuna de San José de Maipo,Rio Maipo,1300,-33.80052248,-70.21673438
05701005-3,Las Melosas,Meteorológicas,Suspendidas,Región Metropolitana de Santiago,Comuna de San José de Maipo,Rio Maipo,1527,-33.8999701,-70.19811585
05701006-1,El Zorro,Nivométricas,Suspendidas,Región Metropolitana de Santiago,Comuna de San José de Maipo,Rio Maipo,2100,-33.86553179,-70.17061848
05701007-K,El Zorro Norte,Meteorológicas,Suspendidas,Región Metropolitana de Santiago,Comuna de San José de Maipo,Rio Maipo,2100,-33.85525348,-70.17033769
05701008-8,Queltehues,Meteorológicas,Suspendidas,Región Metropolitana de Santiago,Comuna de San José de Maipo,Rio Maipo,1450,-33.81691248,-70.21729057
05701009-6,Rio Maipo En Queltehues,Meteorológicas,Vigentes,Región Metropolitana de Santiago,Comuna de San José de Maipo,Rio Maipo,1317,-33.81694913,-70.22361176
05701010-K,Las Melosas Ruta De Nieve Fpp,Meteorológicas,Vigentes,Región Metropolitana de Santiago,Comuna de San José de Maipo,Rio Maipo,3320,-33.86389057,-70.2725064
05701011-8,Las Hualtatas,Meteorológicas,Vigentes,Región Metropolitana de Santiago,Comuna de San José de Maipo,Rio Maipo,2016,-34.06778208,-70.10861282
05702001-6,Rio Volcan En Queltehues,Meteorológicas,Vigentes,Región Metropolitana de Santiago,Comuna de San José de Maipo,Rio Maipo,1365,-33.80966644,-70.21039243
05702003-2,Rio Volcan En Bocatoma Gueltehues (Ca),Calidad de Aguas,Suspendidas,Región Metropolitana de Santiago,Comuna de San José de Maipo,Rio Maipo,1700,-33.8171965,-70.08339199
05702004-0,Estero Morales Antes Rio Volcan (Ca),Calidad de Aguas,Suspendidas,Región Metropolitana de Santiago,Comuna de San José de Maipo,Rio Maipo,1800,-33.82055159,-70.08542246
05702005-9,Rio Volcan En Puente Bagnos Morales (Ca),Calidad de Aguas,Suspendidas,Región Metropolitana de Santiago,Comuna de San José de Maipo,Rio Maipo,1750,-33.8205438,-70.06876071
05702006-7,Rio Volcan Antes Rio Maipo (Ca),Calidad de Aguas,Vigentes,Región Metropolitana de Santiago,Comuna de San José de Maipo,Rio Maipo,0,-33.80844082,-70.21397273
05702007-5,Las Arenas,Nivométricas,Vigentes,Región Metropolitana de Santiago,Comuna de San José de Maipo,Rio Maipo,2700,-33.81052267,-70.03617007
05702008-3,Lo Valdes,Meteorológicas,Suspendidas,Región Metropolitana de Santiago,Comuna de San José de Maipo,Rio Maipo,1900,-33.82580468,-70.0495052
05702009-1,Quebrada Morales,Meteorológicas,Suspendidas,Región Metropolitana de Santiago,Comuna de San José de Maipo,Rio Maipo,2250,-33.7999665,-70.07255584
05702010-5,Portillo,Nivométricas,Vigentes,Región de Valparaíso,Comuna de Los Andes,Rio Aconcagua,3000,-32.83384013,-70.11672879
05702011-3,Glaciar San Franciscoen Aguas Panimavida,Glaciológicas,Vigentes,Región Metropolitana de Santiago,Comuna de San José de Maipo,Rio Maipo,2220,-33.80580519,-70.07005748
05702012-1,Baños Colina Ruta De Nieve Fpp,Nivométricas,Vigentes,Región Metropolitana de Santiago,Comuna de San José de Maipo,Rio Maipo,3600,-33.94361288,-69.94139853
05702013-K,Estero La Engorda,Fluviométricas,Vigentes,Región Metropolitana de Santiago,Comuna de San José de Maipo,Rio Maipo,2275,-33.80723093,-70.0155603
05702014-8,Rio Volcan,Calidad de Aguas,Vigentes,Región Metropolitana de Santiago,Comuna de San José de Maipo,Rio Maipo,2358,-33.81611272,-70.00805872
05702015-6,Glaciar San Francisco (Emam),Glaciológicas,Suspendidas,Región Metropolitana de Santiago,Comuna de San José de Maipo,Rio Maipo,3455,-33.75055797,-70.07306304
05703002-K,Rio Yeso En Embalse El Yeso,Calidad de Aguas,Suspendidas,Región Metropolitana de Santiago,Comuna de San José de Maipo,Rio Maipo,2475,-33.67037338,-70.08431945
05703003-8,Rio Yeso Antes Junta Rio Maipo,Calidad de Aguas,Vigentes,Región Metropolitana de Santiago,Comuna de San José de Maipo,Rio Maipo,1250,-33.79089274,-70.20274005
05703005-4,Embalse El Yeso (Lm),Lagos y Embalses,Vigentes,Región Metropolitana de Santiago,Comuna de San José de Maipo,Rio Maipo,2558,-33.66528145,-70.08389963
05703006-2,Estero Glaciar Echaurren,Fluviométricas,Suspendidas,Región Metropolitana de Santiago,Comuna de San José de Maipo,Rio Maipo,3000,-33.58523192,-70.11617309
05703007-0,Piuquenes,Meteorológicas,Suspendidas,Región Metropolitana de Santiago,Comuna de San José de Maipo,Rio Maipo,2800,-33.63690683,-69.94088329
05703008-9,El Yeso Embalse,Meteorológicas,Vigentes,Región Metropolitana de Santiago,Comuna de San José de Maipo,Rio Maipo,2475,-33.67590872,-70.0886714
05703009-7,Laguna Negra,Nivométricas,Vigentes,Región Metropolitana de Santiago,Comuna de San José de Maipo,Rio Maipo,2780,-33.66635889,-70.1078362
05703010-0,El Manzanito,Meteorológicas,Suspendidas,Región Metropolitana de Santiago,Comuna de San José de Maipo,Rio Maipo,1650,-33.7594151,-70.16450932
05703011-9,Glaciar Echaurren,Meteorológicas,Suspendidas,Región Metropolitana de Santiago,Comuna de San José de Maipo,Rio Maipo,3850,-33.57274723,-70.12839189
05703012-7,Valle Echaurren,Glaciológicas,Vigentes,Región Metropolitana de Santiago,Comuna de San José de Maipo,Rio Maipo,2968,-33.59413252,-70.11227875
05703013-5,Portezuelo Echaurren,Glaciológicas,Vigentes,Región Metropolitana de Santiago,Comuna de San José de Maipo,Rio Maipo,3840,-33.57635474,-70.12839574
05703014-3,Termas Del Plomo,Glaciológicas,Vigentes,Región Metropolitana de Santiago,Comuna de San José de Maipo,Rio Maipo,3000,-33.61385404,-69.90587946
05703015-1,Rio Yeso,Fluviométricas,Vigentes,Región Metropolitana de Santiago,Comuna de San José de Maipo,Rio Maipo,2335,-33.69167053,-70.11028635
05703016-K,Glaciar Bello Bajo (Emam),Glaciológicas,Suspendidas,Región Metropolitana de Santiago,Comuna de San José de Maipo,Rio Maipo,4405,-33.52500624,-69.94694913
05703017-8,Glaciar Bello Alto (Emam),Glaciológicas,Suspendidas,Región Metropolitana de Santiago,Comuna de San José de Maipo,Rio Maipo,4785,-33.51361557,-69.94333648
05703018-6,Glaciar Piramide (Emam),Glaciológicas,Vigentes,Región Metropolitana de Santiago,Comuna de San José de Maipo,Rio Maipo,3448,-33.58945144,-69.89055871
05703019-4,Echaurren Norte (Emam),Glaciológicas,Suspendidas,Región Metropolitana de Santiago,Comuna de San José de Maipo,Rio Maipo,3763,-33.57778078,-70.13222857
05704001-7,Rio Maipo En El Ingenio,Fluviométricas,Suspendidas,Región Metropolitana de Santiago,Comuna de San José de Maipo,Rio Maipo,0,-33.76970864,-70.27371469
05704002-5,Rio Maipo En San Alfonso,Meteorológicas,Vigentes,Región Metropolitana de Santiago,Comuna de San José de Maipo,Rio Maipo,1092,-33.73495451,-70.30111452
05704003-3,Estero San Alfonso Antes Rio Maipo (Ca),Calidad de Aguas,Suspendidas,Región Metropolitana de Santiago,Comuna de San José de Maipo,Rio Maipo,1050,-33.73720193,-70.28544255
05704004-1,San Gabriel,Meteorológicas,Vigentes,Región Metropolitana de Santiago,Comuna de San José de Maipo,Rio Maipo,1266,-33.78246734,-70.23940781
05704005-K,San Alfonso,Meteorológicas,Suspendidas,Región Metropolitana de Santiago,Comuna de San José de Maipo,Rio Maipo,1040,-33.70719407,-70.33424378
05704006-8,San Jose De Maipo Reten,Meteorológicas,Vigentes,Región Metropolitana de Santiago,Comuna de San José de Maipo,Rio Maipo,943,-33.63644227,-70.35680664
05704007-6,Rodeo Alfaro,Nivométricas,Vigentes,Región Metropolitana de Santiago,Comuna de San José de Maipo,Rio Maipo,2350,-33.61718676,-70.28339894
05704008-4,Rio Maipo En San Jose De Maipo,Calidad de Aguas,Vigentes,Región Metropolitana de Santiago,Comuna de San José de Maipo,Rio Maipo,930,-33.63191833,-70.35321025
05704009-2,Apr El Melocoton,Calidad de Aguas,Vigentes,Región Metropolitana de Santiago,Comuna de San José de Maipo,Rio Maipo,1001,-33.68607588,-70.33397129
05704010-6,Apr San Alfonso,Calidad de Aguas,Vigentes,Región Metropolitana de Santiago,Comuna de San José de Maipo,Rio Maipo,1089,-33.7283138,-70.31757119
05704011-4,Apr Santa Maria Del Estero,Calidad de Aguas,Vigentes,Región Metropolitana de Santiago,Comuna de San José de Maipo,Rio Maipo,1093,-33.64791565,-70.3350968
05704012-2,Rio Maipo Despues De Estero Manzanito,Calidad de Aguas,Vigentes,Región Metropolitana de Santiago,Comuna de San José de Maipo,Rio Maipo,1127,-33.7405147,-70.29722597
05704013-0,Dmc San Jose Guayacan,Meteorológicas,Suspendidas,Región Metropolitana de Santiago,Comuna de San José de Maipo,Rio Maipo,925,-33.61528116,-70.35055718
05704014-9,Rio Maipo Aguas Arriba Descarga Las Lajas,Fluviométricas,Vigentes,Región Metropolitana de Santiago,Comuna de San José de Maipo,Rio Maipo,828,-33.58695174,-70.41056623
05705001-2,Rio Colorado Antes Junta Rio Olivares,Meteorológicas,Vigentes,Región Metropolitana de Santiago,Comuna de San José de Maipo,Rio Maipo,1500,-33.49500452,-70.13723177
05705002-0,Canal Queltehue,Fluviométricas,Vigentes,Región Metropolitana de Santiago,Comuna de San José de Maipo,Rio Maipo,3080,-33.87805875,-70.19778787
05705003-9,Glaciar Tupungatito Alto,Glaciológicas,Vigentes,Región Metropolitana de Santiago,Comuna de San José de Maipo,Rio Maipo,5575,-33.39389083,-69.8125073
05705004-7,Glaciar Tupungatito Bajo,Glaciológicas,Vigentes,Región Metropolitana de Santiago,Comuna de San José de Maipo,Rio Maipo,4425,-33.38666954,-69.84972638
05705005-5,Volcan Tupungato,Glaciológicas,Suspendidas,Región Metropolitana de Santiago,Comuna de San José de Maipo,Rio Maipo,6505,-33.35306378,-69.77083616
05705006-3,Meteorologica Rio Colorado,Meteorológicas,Vigentes,Región Metropolitana de Santiago,Comuna de San José de Maipo,Rio Maipo,1540,-33.49472885,-70.13778792
05706001-8,Rio Olivares Antes Junta Rio Colorado,Calidad de Aguas,Vigentes,Región Metropolitana de Santiago,Comuna de San José de Maipo,Rio Maipo,1500,-33.49319868,-70.13745574
05706002-6,Glaciar Olivares Gamma,Glaciológicas,Vigentes,Región Metropolitana de Santiago,Comuna de San José de Maipo,Rio Maipo,3628,-33.15300628,-70.15089729
05706003-4,Valle Olivares,Glaciológicas,Vigentes,Región Metropolitana de Santiago,Comuna de San José de Maipo,Rio Maipo,2787,-33.18745968,-70.11228095
05706004-2,Glaciar Juncal Sur,Glaciológicas,Vigentes,Región Metropolitana de Santiago,Comuna de San José de Maipo,Rio Maipo,4035,-33.11750768,-70.11194497
05706005-0,Glaciar Olivares Alfa,Glaciológicas,Vigentes,Región Metropolitana de Santiago,Comuna de San José de Maipo,Rio Maipo,4230,-33.17861365,-70.21806293
05707001-3,Rio Colorado En Maitenes,Calidad de Aguas,Suspendidas,Región Metropolitana de Santiago,Comuna de San José de Maipo,Rio Maipo,0,-33.52690398,-70.26646029
05707002-1,Rio Colorado Antes Junta Rio Maipo,Calidad de Aguas,Vigentes,Región Metropolitana de Santiago,Comuna de San José de Maipo,Rio Maipo,890,-33.5930583,-70.37035163
05707003-K,Maitenes,Meteorológicas,Vigentes,Región Metropolitana de Santiago,Comuna de San José de Maipo,Rio Maipo,1143,-33.53110002,-70.26181552
05707004-8,Rio Colorado Antes Junta Rio Olivares,Calidad de Aguas,Vigentes,Región Metropolitana de Santiago,Comuna de San José de Maipo,Rio Maipo,1123,-33.49514713,-70.13741663
05707005-6,Rio Colorado,Calidad de Aguas,Vigentes,Región Metropolitana de Santiago,Comuna de San José de Maipo,Rio Maipo,1059,-33.54833972,-70.29194456
05710001-K,Rio Maipo En El Manzano,Sedimentometricas,Vigentes,Región Metropolitana de Santiago,Comuna de San José de Maipo,Rio Maipo,850,-33.59737755,-70.37933239
05710003-6,Rio Maipo En Las Lajas (Ca),Calidad de Aguas,Suspendidas,Región Metropolitana de Santiago,Comuna de San José de Maipo,Rio Maipo,840,-33.57883568,-70.41840725
05710004-4,Rio Maipo En La Obra (Ca),Calidad de Aguas,Suspendidas,Región Metropolitana de Santiago,Comuna de San José de Maipo,Rio Maipo,820,-33.58719437,-70.46876835
05710005-2,Rio Maipo En Puente San Ramon (Ca),Calidad de Aguas,Suspendidas,Región Metropolitana de Santiago,Comuna de Pirque,Rio Maipo,650,-33.62658747,-70.57493161
05710007-9,La Obra Recinto Emos,Meteorológicas,Vigentes,Región Metropolitana de Santiago,Comuna de San José de Maipo,Rio Maipo,796,-33.59138167,-70.48515403
05710008-7,El Cruceral,Control de Nivel,Suspendidas,Región Metropolitana de Santiago,Comuna de Pirque,Rio Maipo,643,-33.649414,-70.60841847
05710009-5,Rio Maipo Antes De Junta Rio Clarillo,Calidad de Aguas,Vigentes,Región Metropolitana de Santiago,Comuna de Puente Alto,Rio Maipo,615,-33.64191523,-70.62601523
05710010-9,R.Maipo Antes De Canal San Carlos,Calidad de Aguas,Suspendidas,Región Metropolitana de Santiago,Comuna de San José de Maipo,Rio Maipo,760,-33.5911534,-70.4687708
05710011-7,Rio Maipo Antes De Canal San Carlos,Calidad de Aguas,Vigentes,Región Metropolitana de Santiago,Comuna de San José de Maipo,Rio Maipo,760,-33.59137452,-70.46989524
05710012-5,Rio Maipo Aguas Abajo Descarga Las Lajas,Fluviométricas,Vigentes,Región Metropolitana de Santiago,Comuna de San José de Maipo,Rio Maipo,815,-33.57833859,-70.42556408
05711001-5,Rio Clarillo Antes Junta Rio Maipo,Fluviométricas,Vigentes,Región Metropolitana de Santiago,Comuna de Pirque,Rio Maipo,604,-33.64709519,-70.63053348
05711003-1,Pirque,Meteorológicas,Vigentes,Región Metropolitana de Santiago,Comuna de Pirque,Rio Maipo,659,-33.67378064,-70.58680404
05711004-K,Pozo Fundo La Catolica,Control de Nivel,Vigentes,Región Metropolitana de Santiago,Comuna de Pirque,Rio Maipo,666,-33.66756322,-70.58570838
05711005-8,Rio Clarillo Entre Qda Encanado Y Qda La Tinaja,Calidad de Aguas,Vigentes,Región Metropolitana de Santiago,Comuna de Pirque,Rio Maipo,919,-33.72671602,-70.47255501
05711006-6,Apr El Principal,Calidad de Aguas,Vigentes,Región Metropolitana de Santiago,Comuna de Pirque,Rio Maipo,132,-33.72413739,-70.55202939
05711007-4,Dmc Rio Clarillo,Meteorológicas,Suspendidas,Región Metropolitana de Santiago,Comuna de Pirque,Rio Maipo,1001,-33.72833788,-70.49667265
05712001-0,Rio Maipo En Puente Los Morros (Ca),Calidad de Aguas,Suspendidas,Región Metropolitana de Santiago,Comuna de Buin,Rio Maipo,575,-33.65386948,-70.65213092
05712002-9,Rio Maipo En Panamericana (Ca),Calidad de Aguas,Suspendidas,Región Metropolitana de Santiago,Comuna de Buin,Rio Maipo,500,-33.68916111,-70.72245124
05712003-7,Rio Maipo En Viluco (Ca),Calidad de Aguas,Suspendidas,Región Metropolitana de Santiago,Comuna de San Bernardo,Rio Maipo,390,-33.75386969,-70.81881048
05712004-5,Fundo Cachantun,Control de Nivel,Vigentes,Región Metropolitana de Santiago,Comuna de Paine,Rio Maipo,402,-33.80430535,-70.65752308
05712005-3,Escuela 22 Viluco,Control de Nivel,Suspendidas,Región Metropolitana de Santiago,Comuna de Buin,Rio Maipo,386,-33.77728904,-70.80709242
05712006-1,La Caperana,Control de Nivel,Vigentes,Región Metropolitana de Santiago,Comuna de Isla de Maipo,Rio Maipo,395,-33.74941054,-70.83009414
05712007-K,Pozo Asentamiento Aguilar Sur,Control de Nivel,Suspendidas,Región Metropolitana de Santiago,Comuna de Paine,Rio Maipo,0,-33.90776458,-70.73546735
05712008-8,La Caperana Sector Los Naranjos,Control de Nivel,Vigentes,Región Metropolitana de Santiago,Comuna de Isla de Maipo,Rio Maipo,395,-33.73431718,-70.85233085
05712009-6,Apr Aparicion De Paine,Calidad de Aguas,Vigentes,Región Metropolitana de Santiago,Comuna de Paine,Rio Maipo,0,-33.7913657,-70.65342861
05712010-K,Apr Campusano La Estancilla,Calidad de Aguas,Vigentes,Región Metropolitana de Santiago,Comuna de Buin,Rio Maipo,488,-33.75886873,-70.80815235
05712011-8,Apr El Cerrillo,Calidad de Aguas,Vigentes,Región Metropolitana de Santiago,Comuna de Buin,Rio Maipo,449,-33.76718894,-70.70119632
05712012-6,Apr El Romeral,Calidad de Aguas,Vigentes,Región Metropolitana de Santiago,Comuna de San Bernardo,Rio Maipo,496,-33.69414188,-70.74536766
05712013-4,Apr La Estancilla De Nos,Calidad de Aguas,Vigentes,Región Metropolitana de Santiago,Comuna de San Bernardo,Rio Maipo,568,-33.6566314,-70.69786317
05712014-2,Apr Puntilla De Lonquen,Calidad de Aguas,Vigentes,Región Metropolitana de Santiago,Comuna de San Bernardo,Rio Maipo,409,-33.74969426,-70.82372036
05712015-0,Apr Monte Las Mercedes,Calidad de Aguas,Vigentes,Región Metropolitana de Santiago,Comuna de Isla de Maipo,Rio Maipo,346,-33.79553771,-70.8867635
05713001-6,Rio Angostura En Angostura,Calidad de Aguas,Suspendidas,Región Metropolitana de Santiago,Comuna de Paine,Rio Maipo,450,-33.90052536,-70.73341733
05713002-4,Estero Codegua En La Leonera,Calidad de Aguas,Vigentes,Región del Libertador General Bernardo O'Higgins,Comuna de Codegua,Rio Maipo,725,-34.03135738,-70.56268217
05713003-2,Estero Codegua En Panamericana (Ca),Calidad de Aguas,Suspendidas,Región del Libertador General Bernardo O'Higgins,Comuna de Mostazal,Rio Maipo,495,-34.020536,-70.73548567
05713004-0,Estero Peuco En Panamericana (Ca),Calidad de Aguas,Vigentes,Región del Libertador General Bernardo O'Higgins,Comuna de Mostazal,Rio Maipo,445,-33.94742796,-70.71195942
05713005-9,A.P. San Francisco De Mostazal,Control de Nivel,Suspendidas,Región del Libertador General Bernardo O'Higgins,Comuna de Mostazal,Rio Maipo,474,-33.98386075,-70.7000897
05713006-7,A.P. La Punta,Control de Nivel,Suspendidas,Región del Libertador General Bernardo O'Higgins,Comuna de Mostazal,Rio Maipo,520,-33.99497109,-70.63619796
05713007-5,Peaje Mostazal,Control de Nivel,Suspendidas,Región Metropolitana de Santiago,Comuna de Paine,Rio Maipo,0,-33.92830941,-70.7750979
05713008-3,A.P. Codegua,Control de Nivel,Suspendidas,Región del Libertador General Bernardo O'Higgins,Comuna de Codegua,Rio Maipo,0,-34.0338674,-70.65008281
05713009-1,A.P. La Punta,Control de Nivel,Vigentes,Región del Libertador General Bernardo O'Higgins,Comuna de Mostazal,Rio Maipo,543,-34.00026577,-70.64959503
05713010-5,Matadero La Cartuja,Control de Nivel,Vigentes,Región del Libertador General Bernardo O'Higgins,Comuna de Mostazal,Rio Maipo,489,-33.9909266,-70.70167026
05713011-3,Viña El Arrayan,Control de Nivel,Vigentes,Región del Libertador General Bernardo O'Higgins,Comuna de Mostazal,Rio Maipo,542,-34.01142192,-70.66620494
05713012-1,Parcela El Parronal,Control de Nivel,Vigentes,Región del Libertador General Bernardo O'Higgins,Comuna de Codegua,Rio Maipo,545,-34.02088944,-70.66892409
05713013-K,Hijuela Santa Teresita,Control de Nivel,Vigentes,Región del Libertador General Bernardo O'Higgins,Comuna de Codegua,Rio Maipo,508,-34.02630208,-70.7049105
05713014-8,Angostura Apr,Control de Nivel,Vigentes,Región del Libertador General Bernardo O'Higgins,Comuna de Mostazal,Rio Maipo,437,-33.93601839,-70.71472776
05713015-6,Apr Angostura De Mostazal Pozo 2,Calidad de Aguas,Vigentes,Región del Libertador General Bernardo O'Higgins,Comuna de Mostazal,Rio Maipo,432,-33.92886871,-70.71593665
05713016-4,Apr Casas De Peuco,Calidad de Aguas,Vigentes,Región del Libertador General Bernardo O'Higgins,Comuna de Mostazal,Rio Maipo,611,-33.94302495,-70.63453236
05713017-2,Apr Valle Hermoso Violeta Parra,Calidad de Aguas,Vigentes,Región del Libertador General Bernardo O'Higgins,Comuna de Mostazal,Rio Maipo,429,-33.92635803,-70.71621081
05713018-0,Codegua,Meteorológicas,Vigentes,Región del Libertador General Bernardo O'Higgins,Comuna de Codegua,Rio Maipo,612,-34.05917012,-70.62778823
05714001-1,Fundo Santa Marta Culitri,Control de Nivel,Vigentes,Región Metropolitana de Santiago,Comuna de Paine,Rio Maipo,431,-33.86412679,-70.63948038
05714002-K,A.P. Huelquen,Control de Nivel,Suspendidas,Región Metropolitana de Santiago,Comuna de Paine,Rio Maipo,426,-33.84636089,-70.62730663
05714003-8,Pozo Fundo Cachantun,Calidad de Aguas,Vigentes,Región Metropolitana de Santiago,Comuna de Paine,Rio Maipo,0,-33.80414438,-70.65742275
05714004-6,Apr Cardonal Bajo,Calidad de Aguas,Vigentes,Región Metropolitana de Santiago,Comuna de Paine,Rio Maipo,396,-33.85442671,-70.66815366
05714005-4,Apr Chada,Calidad de Aguas,Vigentes,Región Metropolitana de Santiago,Comuna de Paine,Rio Maipo,399,-33.8969179,-70.66481748
05714006-2,Apr Colonia Kennedy,Calidad de Aguas,Vigentes,Región Metropolitana de Santiago,Comuna de Paine,Rio Maipo,380,-33.88053103,-70.71231931
05714007-0,Apr Huelquen,Calidad de Aguas,Vigentes,Región Metropolitana de Santiago,Comuna de Paine,Rio Maipo,444,-33.84470141,-70.63481867
05714008-9,Apr Santa Marta Las Turbinas,Calidad de Aguas,Vigentes,Región Metropolitana de Santiago,Comuna de Paine,Rio Maipo,463,-33.85554042,-70.62871294
05715001-7,Rio Paine En Longitudinal,Calidad de Aguas,Suspendidas,Región Metropolitana de Santiago,Comuna de Paine,Rio Maipo,375,-33.83385752,-70.75009398
05715002-5,Asentamiento Las Vertientes,Control de Nivel,Vigentes,Región Metropolitana de Santiago,Comuna de Buin,Rio Maipo,381,-33.80904458,-70.80367664
05715003-3,Colonia De Paine,Control de Nivel,Vigentes,Región Metropolitana de Santiago,Comuna de Buin,Rio Maipo,398,-33.81329178,-70.76062928
05715004-1,Pozo Asentamiento Aguila Sur,Control de Nivel,Suspendidas,Región Metropolitana de Santiago,Comuna de Paine,Rio Maipo,403,-33.90787416,-70.73601032
05715005-K,Pozo Complejo Angostura,Control de Nivel,Vigentes,Región Metropolitana de Santiago,Comuna de Paine,Rio Maipo,404,-33.90057713,-70.73614355
05715006-8,Rio Angostura Aguas Arriba Puente Champa,Calidad de Aguas,Vigentes,Región Metropolitana de Santiago,Comuna de Paine,Rio Maipo,375,-33.85637529,-70.76519882
05715007-6,Apr Aguila Norte-Sur,Calidad de Aguas,Vigentes,Región Metropolitana de Santiago,Comuna de Paine,Rio Maipo,402,-33.90526386,-70.73759042
05715008-4,Apr Hospital Champa,Calidad de Aguas,Vigentes,Región Metropolitana de Santiago,Comuna de Paine,Rio Maipo,382,-33.86219111,-70.74815342
05715009-2,Apr Santa Filomena Las Vertientes,Calidad de Aguas,Vigentes,Región Metropolitana de Santiago,Comuna de Buin,Rio Maipo,390,-33.7999804,-70.79761051
05716001-2,Rio Angostura En Valdivia De Paine,Meteorológicas,Vigentes,Región Metropolitana de Santiago,Comuna de Paine,Rio Maipo,342,-33.81123217,-70.88353244
05716002-0,Laguna Aculeo Los Pinguinos,Lagos y Embalses,Suspendidas,Región Metropolitana de Santiago,Comuna de Paine,Rio Maipo,350,-33.88386005,-70.86676919
05716003-9,Estero Pintue En Puente Pintue,Fluviométricas,Vigentes,Región Metropolitana de Santiago,Comuna de Paine,Rio Maipo,0,-33.87586506,-70.8807787
05716004-7,Angostura En Valdivia De Paine,Meteorológicas,Suspendidas,Región Metropolitana de Santiago,Comuna de Buin,Rio Maipo,350,-33.80497071,-70.87843719
05716005-5,Laguna Aculeo,Meteorológicas,Vigentes,Región Metropolitana de Santiago,Comuna de Paine,Rio Maipo,360,-33.88575218,-70.8775467
05716006-3,San Fco. Aculeo,Control de Nivel,Vigentes,Región Metropolitana de Santiago,Comuna de Paine,Rio Maipo,369,-33.88662145,-70.8796741
05716007-1,Cooperativa Pintue,Control de Nivel,Suspendidas,Región Metropolitana de Santiago,Comuna de Paine,Rio Maipo,374,-33.90330894,-70.75842267
05716008-K,Laguna De Aculeo Frente A Casa De Bombas,Calidad de Aguas,Vigentes,Región Metropolitana de Santiago,Comuna de Paine,Rio Maipo,0,-33.82875539,-70.93345626
05716009-8,Laguna De Aculeo Frente Puntilla Leon,Calidad de Aguas,Vigentes,Región Metropolitana de Santiago,Comuna de Paine,Rio Maipo,0,-33.85040307,-70.91746276
05716010-1,Laguna De Aculeo En Sector Desague,Lagos y Embalses,Vigentes,Región Metropolitana de Santiago,Comuna de Paine,Rio Maipo,0,-33.85181159,-70.89402012
05716011-K,Laguna Aculeo Los Castaños,Meteorológicas,Suspendidas,Región Metropolitana de Santiago,Comuna de Paine,Rio Maipo,354,-33.85969014,-70.90704554
05716012-8,Apr El Vinculo,Calidad de Aguas,Vigentes,Región Metropolitana de Santiago,Comuna de Paine,Rio Maipo,365,-33.87664672,-70.88037423
05716013-6,Apr Rangue Los Hornos,Calidad de Aguas,Vigentes,Región Metropolitana de Santiago,Comuna de Paine,Rio Maipo,361,-33.8405302,-70.94787748
05716014-4,Pozo Laguna Aculeo,Control de Nivel,Vigentes,Región Metropolitana de Santiago,Comuna de Paine,Rio Maipo,350,-33.84358234,-70.90898929
05716015-2,Rangue 1,Control de Nivel,Suspendidas,Región Metropolitana de Santiago,Comuna de Paine,Rio Maipo,370,-33.82055659,-70.93416837
05716016-0,Catalina 1,Control de Nivel,Suspendidas,Región Metropolitana de Santiago,Comuna de Paine,Rio Maipo,368,-33.8377834,-70.91833701
05716017-9,Catalina 2,Control de Nivel,Suspendidas,Región Metropolitana de Santiago,Comuna de Paine,Rio Maipo,359,-33.84834047,-70.89222515
05716018-7,Los Hornos 1,Control de Nivel,Suspendidas,Región Metropolitana de Santiago,Comuna de Paine,Rio Maipo,373,-33.87417253,-70.91223239
05716019-5,Pintue 1,Control de Nivel,Suspendidas,Región Metropolitana de Santiago,Comuna de Paine,Rio Maipo,365,-33.86417305,-70.88527826
05716020-9,Pintue 2,Control de Nivel,Suspendidas,Región Metropolitana de Santiago,Comuna de Paine,Rio Maipo,367,-33.87028566,-70.87055973
05716021-7,Rangue 2,Control de Nivel,Suspendidas,Región Metropolitana de Santiago,Comuna de Paine,Rio Maipo,372,-33.83278247,-70.95028408
05716022-5,Pintue 3,Control de Nivel,Suspendidas,Región Metropolitana de Santiago,Comuna de Paine,Rio Maipo,358,-33.85500764,-70.83778049
05716023-3,Estero Pintue Antes Laguna De Aculeo,Fluviométricas,Suspendidas,Región Metropolitana de Santiago,Comuna de Paine,Rio Maipo,370,-33.85750392,-70.87972746
05717001-8,Estero El Gato,Fluviométricas,Suspendidas,Región Metropolitana de Santiago,Comuna de Talagante,Rio Maipo,0,-33.71357655,-70.91675638
05717003-4,Rio Maipo En El Rosario,Calidad de Aguas,Suspendidas,Región Metropolitana de Santiago,Comuna de Isla de Maipo,Rio Maipo,345,-33.7624886,-70.92589893
05717004-2,Rio Maipo Antes Rio Mapocho (Ca),Calidad de Aguas,Suspendidas,Región Metropolitana de Santiago,Comuna de Isla de Maipo,Rio Maipo,250,-33.71718644,-71.01676771
05717005-0,Rio Maipo En Naltahua,Fluviométricas,Vigentes,Región Metropolitana de Santiago,Comuna de Isla de Maipo,Rio Maipo,300,-33.72941488,-70.91825253
05717008-5,El Vergel,Meteorológicas,Vigentes,Región Metropolitana de Santiago,Comuna de Talagante,Rio Maipo,340,-33.69586665,-70.92369874
05717009-3,A.P. Isla De Maipo,Control de Nivel,Vigentes,Región Metropolitana de Santiago,Comuna de Isla de Maipo,Rio Maipo,344,-33.75644685,-70.89503951
05717010-7,Vigna Santa Ines,Control de Nivel,Vigentes,Región Metropolitana de Santiago,Comuna de Isla de Maipo,Rio Maipo,355,-33.7396402,-70.87009283
05717011-5,Apr El Labrador,Calidad de Aguas,Vigentes,Región Metropolitana de Santiago,Comuna de Talagante,Rio Maipo,358,-33.70108022,-70.87315134
05717012-3,Apr Gacitua,Calidad de Aguas,Vigentes,Región Metropolitana de Santiago,Comuna de Isla de Maipo,Rio Maipo,323,-33.73052879,-70.90454947
05717013-1,Apr La Islita,Calidad de Aguas,Vigentes,Región Metropolitana de Santiago,Comuna de Isla de Maipo,Rio Maipo,371,-33.73997202,-70.8606664
05717014-K,Apr Lonquen-Sorrento,Calidad de Aguas,Vigentes,Región Metropolitana de Santiago,Comuna de Talagante,Rio Maipo,374,-33.6938695,-70.85260576
05717015-8,Apr Olea,Calidad de Aguas,Vigentes,Región Metropolitana de Santiago,Comuna de Isla de Maipo,Rio Maipo,368,-33.76164661,-70.86983663
05717016-6,Apr San Vicente De Naltahua,Calidad de Aguas,Vigentes,Región Metropolitana de Santiago,Comuna de Isla de Maipo,Rio Maipo,275,-33.72663109,-70.94288222
05717017-4,Apr Villa Las Mercedes,Calidad de Aguas,Vigentes,Región Metropolitana de Santiago,Comuna de Isla de Maipo,Rio Maipo,340,-33.78191862,-70.88400257
05720001-4,Rio Molina Antes Junta San Francisco,Fluviométricas,Vigentes,Región Metropolitana de Santiago,Comuna de Lo Barnechea,Rio Maipo,1158,-33.37364959,-70.39649271
05720002-2,Barros Negros,Nivométricas,Vigentes,Región Metropolitana de Santiago,Comuna de Lo Barnechea,Rio Maipo,3100,-33.33746118,-70.26923413
05720003-0,La Ermita Central En Bocatoma,Meteorológicas,Suspendidas,Región Metropolitana de Santiago,Comuna de Lo Barnechea,Rio Maipo,1350,-33.34190731,-70.36368563
05720004-9,Dmc El Colorado,Meteorológicas,Suspendidas,Región Metropolitana de Santiago,Comuna de Lo Barnechea,Rio Maipo,2700,-33.35000749,-70.29361705
05721001-K,Estero Yerba Loca Antes Junta San Francisco,Fluviométricas,Vigentes,Región Metropolitana de Santiago,Comuna de Lo Barnechea,Rio Maipo,1350,-33.34451013,-70.36401633
05721002-8,Rio San Francisco Antes Estero Yerba Loca,Calidad de Aguas,Vigentes,Región Metropolitana de Santiago,Comuna de Lo Barnechea,Rio Maipo,1340,-33.34086001,-70.3637875
05721003-6,Rio San Francisco Despues Estero Yerba Loca,Calidad de Aguas,Suspendidas,Región Metropolitana de Santiago,Comuna de Lo Barnechea,Rio Maipo,1300,-33.34573019,-70.36378821
05721004-4,Rio San Francisco Antes Rio Molina,Calidad de Aguas,Suspendidas,Región Metropolitana de Santiago,Comuna de Lo Barnechea,Rio Maipo,1120,-33.37233213,-70.39815923
05721005-2,Rio San Francisco Antes Rio Plomo,Calidad de Aguas,Suspendidas,Región Metropolitana de Santiago,Comuna de Lo Barnechea,Rio Maipo,2750,-33.17052872,-70.35210275
05721006-0,Rio Plomo Antes Laguna Se Captacion (Ca),Calidad de Aguas,Suspendidas,Región Metropolitana de Santiago,Comuna de Lo Barnechea,Rio Maipo,2900,-33.15387037,-70.35210439
05721007-9,Rio Plomo Salida Laguna De Captacion (Ca,Calidad de Aguas,Suspendidas,Región Metropolitana de Santiago,Comuna de Lo Barnechea,Rio Maipo,2850,-33.15387037,-70.35210439
05721008-7,Rio San Francisco Antes Tranque De Relaves,Calidad de Aguas,Suspendidas,Región Metropolitana de Santiago,Comuna de Lo Barnechea,Rio Maipo,2725,-33.17052872,-70.35210275
05721009-5,Rio San Francisco Despues Tranque De Relaves,Calidad de Aguas,Suspendidas,Región Metropolitana de Santiago,Comuna de Lo Barnechea,Rio Maipo,2650,-33.18718702,-70.35210122
05721010-9,La Copa,Meteorológicas,Suspendidas,Región Metropolitana de Santiago,Comuna de Lo Barnechea,Rio Maipo,3758,-33.13634345,-70.27979582
05721011-7,Los Bronces Rn,Meteorológicas,Suspendidas,Región Metropolitana de Santiago,Comuna de Lo Barnechea,Rio Maipo,3500,-33.14995612,-70.29784544
05721012-5,Los Bronces Nv.,Meteorológicas,Suspendidas,Región Metropolitana de Santiago,Comuna de Lo Barnechea,Rio Maipo,3500,-33.14995612,-70.29784544
05721013-3,Estero Plomo,Nivométricas,Vigentes,Región Metropolitana de Santiago,Comuna de Lo Barnechea,Rio Maipo,3150,-33.12967548,-70.33673697
05721014-1,Cantera Donoso,Meteorológicas,Suspendidas,Región de Valparaíso,Comuna de Los Andes,Rio Aconcagua,3720,-33.11745606,-70.28340169
05721015-K,Casino 1,Meteorológicas,Suspendidas,Región Metropolitana de Santiago,Comuna de Lo Barnechea,Rio Maipo,3500,-33.14995612,-70.29784544
05721016-8,Rio San Francisco Antes Junta Estero Yerba Loca,Calidad de Aguas,Vigentes,Región Metropolitana de Santiago,Comuna de Lo Barnechea,Rio Maipo,1550,-33.30862491,-70.35734551
05721017-6,Estero Yerba Loca En Piedra Carvajal,Glaciológicas,Vigentes,Región Metropolitana de Santiago,Comuna de Lo Barnechea,Rio Maipo,3250,-33.22189931,-70.27367905
05721018-4,Estero Manzanito En Puente Manzanito,Calidad de Aguas,Vigentes,Región Metropolitana de Santiago,Comuna de Lo Barnechea,Rio Maipo,1830,-33.34763479,-70.33038715
05721019-2,La Parva,Glaciológicas,Vigentes,Región Metropolitana de Santiago,Comuna de Lo Barnechea,Rio Maipo,2703,-33.33056099,-70.2972296
05722001-5,Estero Arrayan En La Montosa,Fluviométricas,Vigentes,Región Metropolitana de Santiago,Comuna de Lo Barnechea,Rio Maipo,880,-33.32892343,-70.4594126
05722002-3,Rio Mapocho En Los Almendros,Sedimentometricas,Vigentes,Región Metropolitana de Santiago,Comuna de Lo Barnechea,Rio Maipo,966,-33.37067977,-70.45097329
05722005-8,Rio Mapocho En Puente Arrayan,Sedimentometricas,Suspendidas,Región Metropolitana de Santiago,Comuna de Las Condes,Rio Maipo,880,-33.36718495,-70.48340697
05722006-6,Estero Arrayan En Desembocadura (Ca),Calidad de Aguas,Suspendidas,Región Metropolitana de Santiago,Comuna de Lo Barnechea,Rio Maipo,870,-33.36135576,-70.48517809
05722007-4,Rio Mapocho En Los Almendros Gprs,Meteorológicas,Vigentes,Región Metropolitana de Santiago,Comuna de Lo Barnechea,Rio Maipo,966,-33.37067076,-70.45097314
05723001-0,La Dehesa,Meteorológicas,Suspendidas,Región Metropolitana de Santiago,Comuna de Lo Barnechea,Rio Maipo,920,-33.32967733,-70.52868853
05723002-9,Banco Sudamericano,Control de Nivel,Suspendidas,Región Metropolitana de Santiago,Comuna de Peñalolén,Rio Maipo,825,-33.46996398,-70.56953093
05730003-5,Canal San Carlos En Desembocadura Rio Mapocho,Calidad de Aguas,Suspendidas,Región Metropolitana de Santiago,Comuna de Providencia,Rio Maipo,580,-33.41635,-70.60682819
05730005-1,Zanjon De La Aguada Puente Particular,Fluviométricas,Suspendidas,Región Metropolitana de Santiago,Comuna de Cerrillos,Rio Maipo,450,-33.47884407,-70.71730783
05730006-K,Zanjon De La Aguada En Pajaritos,Calidad de Aguas,Suspendidas,Región Metropolitana de Santiago,Comuna de Cerrillos,Rio Maipo,430,-33.4830119,-70.72822737
05730008-6,Quebrada Ramon En Recinto Emos,Meteorológicas,Vigentes,Región Metropolitana de Santiago,Comuna de Las Condes,Rio Maipo,845,-33.43318797,-70.51433471
05730010-8,Zanjon De La Aguada En C.Ortuzano (Ca),Calidad de Aguas,Suspendidas,Región Metropolitana de Santiago,Comuna de Lampa,Rio Maipo,0,-33.31718111,-70.78342295
05730011-6,Rio Mapocho En Pte Pudahuel,Calidad de Aguas,Suspendidas,Región Metropolitana de Santiago,Comuna de Pudahuel,Rio Maipo,450,-33.43717611,-70.81878821
05730012-4,Cerro Calan,Meteorológicas,Vigentes,Región Metropolitana de Santiago,Comuna de Las Condes,Rio Maipo,848,-33.39498024,-70.53676577
05730013-2,Antupiren,Meteorológicas,Vigentes,Región Metropolitana de Santiago,Comuna de Peñalolén,Rio Maipo,904,-33.49675346,-70.51626954
05730014-0,Quebrada Ramon,Meteorológicas,Suspendidas,Región Metropolitana de Santiago,Comuna de La Reina,Rio Maipo,730,-33.43329147,-70.53452591
05730015-9,Campus San Joaquin U.C.,Meteorológicas,Suspendidas,Región Metropolitana de Santiago,Comuna de Macul,Rio Maipo,570,-33.49802247,-70.61425602
05730016-7,Terraza Oficinas Centrales Dga,Meteorológicas,Vigentes,Región Metropolitana de Santiago,Comuna de Santiago,Rio Maipo,560,-33.4486227,-70.64426897
05730017-5,Av. Kennedy 6774,Control de Nivel,Vigentes,Región Metropolitana de Santiago,Comuna de Las Condes,Rio Maipo,700,-33.39540795,-70.56316818
05730018-3,Manizales 1980,Control de Nivel,Vigentes,Región Metropolitana de Santiago,Comuna de Vitacura,Rio Maipo,684,-33.387208,-70.5747501
05730019-1,Curamavida 729,Control de Nivel,Vigentes,Región Metropolitana de Santiago,Comuna de Las Condes,Rio Maipo,791,-33.38543744,-70.52590128
05730020-5,Estadio San Jorge,Control de Nivel,Vigentes,Región Metropolitana de Santiago,Comuna de Las Condes,Rio Maipo,763,-33.39060089,-70.5357426
05730021-3,Rivera/Grumete Bustos,Control de Nivel,Suspendidas,Región Metropolitana de Santiago,Comuna de Independencia,Rio Maipo,544,-33.42690608,-70.65786252
05730023-K,Ochagavia 5601,Control de Nivel,Suspendidas,Región Metropolitana de Santiago,Comuna de Pedro Aguirre Cerda,Rio Maipo,537,-33.4999605,-70.66675678
05730024-8,Panamericana Norte 3225,Control de Nivel,Suspendidas,Región Metropolitana de Santiago,Comuna de Conchalí,Rio Maipo,505,-33.38940196,-70.68509056
05730025-6,Lazo De La Vega 4859,Control de Nivel,Suspendidas,Región Metropolitana de Santiago,Comuna de Quinta Normal,Rio Maipo,502,-33.41218343,-70.69953121
05730026-4,Consejo Nacional De Menores,Control de Nivel,Suspendidas,Región Metropolitana de Santiago,Comuna de Pudahuel,Rio Maipo,480,-33.44720183,-70.7810564
05730027-2,Hijuela El Olivo,Control de Nivel,Vigentes,Región Metropolitana de Santiago,Comuna de Maipú,Rio Maipo,477,-33.47091133,-70.76774668
05730028-0,5 De Abril 4534 Dinamic Oil,Control de Nivel,Vigentes,Región Metropolitana de Santiago,Comuna de Estación Central,Rio Maipo,478,-33.46164316,-70.69660109
05730030-2,Pajaritos 6340,Control de Nivel,Suspendidas,Región Metropolitana de Santiago,Comuna de Estación Central,Rio Maipo,491,-33.46662714,-70.71842254
05730031-0,Cementerio Metropolitano,Control de Nivel,Suspendidas,Región Metropolitana de Santiago,Comuna de Lo Espejo,Rio Maipo,545,-33.52774213,-70.68564845
05730032-9,Country Club,Control de Nivel,Suspendidas,Región Metropolitana de Santiago,Comuna de Las Condes,Rio Maipo,660,-33.43051341,-70.55841946
05730033-7,Chacra San Martin,Control de Nivel,Suspendidas,Región Metropolitana de Santiago,Comuna de Maipú,Rio Maipo,461,-33.50385604,-70.77454128
05730034-5,Estadio Corfo,Control de Nivel,Vigentes,Región Metropolitana de Santiago,Comuna de Las Condes,Rio Maipo,797,-33.37538493,-70.52270519
05730035-3,Colegio San Ignacio,Control de Nivel,Suspendidas,Región Metropolitana de Santiago,Comuna de Providencia,Rio Maipo,616,-33.43372024,-70.59558551
05730036-1,Liquidadora Carbones,Control de Nivel,Vigentes,Región Metropolitana de Santiago,Comuna de Estación Central,Rio Maipo,502,-33.46763476,-70.70029021
05730037-K,Ap. Cerrillos,Control de Nivel,Vigentes,Región Metropolitana de Santiago,Comuna de Cerrillos,Rio Maipo,506,-33.49226045,-70.72268517
05730038-8,Agua Potable Santa Victoria,Control de Nivel,Vigentes,Región Metropolitana de Santiago,Comuna de Huechuraba,Rio Maipo,514,-33.3774126,-70.64778587
05730039-6,Quebrada De Macul,Meteorológicas,Vigentes,Región Metropolitana de Santiago,Comuna de La Florida,Rio Maipo,950,-33.50218587,-70.51452351
05730040-K,Pozo Club De Golf,Control de Nivel,Vigentes,Región Metropolitana de Santiago,Comuna de Las Condes,Rio Maipo,660,-33.40488999,-70.58914424
05730041-8,Pozo Vertedero Cerros De Renca,Control de Nivel,Suspendidas,Región Metropolitana de Santiago,Comuna de Quilicura,Rio Maipo,500,-33.37276467,-70.70348254
05730042-6,Pozo Estadio Corfo(Las Condes),Calidad de Aguas,Vigentes,Región Metropolitana de Santiago,Comuna de Las Condes,Rio Maipo,0,-33.37776203,-70.52301536
05730043-4,Pozo Cementerio Metropolitano,Calidad de Aguas,Vigentes,Región Metropolitana de Santiago,Comuna de Lo Espejo,Rio Maipo,545,-33.52780218,-70.68056732
05730044-2,"Pozo Parque O""Higgins",Calidad de Aguas,Vigentes,Región Metropolitana de Santiago,Comuna de Santiago,Rio Maipo,543,-33.46599729,-70.6607693
05730045-0,Pozo Inia,Calidad de Aguas,Vigentes,Región Metropolitana de Santiago,Comuna de La Pintana,Rio Maipo,629,-33.57160385,-70.6265054
05730046-9,Pozo Chacra El Olivo,Calidad de Aguas,Vigentes,Región Metropolitana de Santiago,Comuna de Maipú,Rio Maipo,0,-33.47801699,-70.77157135
05730047-7,Pozo Fundo Las Casas Asentamiento Colo Colo,Calidad de Aguas,Suspendidas,Región Metropolitana de Santiago,Comuna de Quilicura,Rio Maipo,0,-33.36302333,-70.7649165
05730048-5,Pozo Casas De Colo Colo,Calidad de Aguas,Vigentes,Región Metropolitana de Santiago,Comuna de Quilicura,Rio Maipo,482,-33.36243289,-70.76521624
05730049-3,Molina 704,Control de Nivel,Vigentes,Región Metropolitana de Santiago,Comuna de Santiago,Rio Maipo,527,-33.45870565,-70.6698615
05730050-7,Matucana 741,Control de Nivel,Vigentes,Región Metropolitana de Santiago,Comuna de Santiago,Rio Maipo,539,-33.43668087,-70.68004511
05730051-5,Libertad 1227,Control de Nivel,Suspendidas,Región Metropolitana de Santiago,Comuna de Quinta Normal,Rio Maipo,542,-33.428016,-70.67258607
05730052-3,Camino A Melipilla 8207,Control de Nivel,Suspendidas,Región Metropolitana de Santiago,Comuna de Cerrillos,Rio Maipo,535,-33.50551564,-70.71758698
05730053-1,Camino A Melipilla 10803,Control de Nivel,Vigentes,Región Metropolitana de Santiago,Comuna de Maipú,Rio Maipo,500,-33.51957987,-70.74303694
05730054-K,Portugal 125,Control de Nivel,Vigentes,Región Metropolitana de Santiago,Comuna de Santiago,Rio Maipo,579,-33.44385132,-70.63750942
05730055-8,Amunategui 42,Control de Nivel,Suspendidas,Región Metropolitana de Santiago,Comuna de Santiago,Rio Maipo,569,-33.44406127,-70.65632785
05730056-6,Planta A.P. El Almendral,Control de Nivel,Suspendidas,Región Metropolitana de Santiago,Comuna de Maipú,Rio Maipo,495,-33.50728794,-70.77355639
05730057-4,Rio Mapocho En Pte. Purisima,Fluviométricas,Suspendidas,Región Metropolitana de Santiago,Comuna de Santiago,Rio Maipo,578,-33.43579672,-70.63897152
05730058-2,Rio Mapocho Despues De Junta E.Colina,Calidad de Aguas,Vigentes,Región Metropolitana de Santiago,Comuna de Pudahuel,Rio Maipo,463,-33.44723095,-70.8237098
05730059-0,Apr Casas De Pudahuel,Calidad de Aguas,Vigentes,Región Metropolitana de Santiago,Comuna de Pudahuel,Rio Maipo,468,-33.43331154,-70.82219237
05730060-4,Rio Mapocho Desp De Junta Con Estero Hualtatas,Calidad de Aguas,Vigentes,Región Metropolitana de Santiago,Comuna de Vitacura,Rio Maipo,792,-33.37099806,-70.52081223
05731001-4,Fundo Los Talaveras,Control de Nivel,Vigentes,Región Metropolitana de Santiago,Comuna de Colina,Rio Maipo,696,-33.01620064,-70.70216851
05731002-2,Hacienda Chacabuco,Control de Nivel,Vigentes,Región Metropolitana de Santiago,Comuna de Colina,Rio Maipo,723,-33.02478138,-70.68326624
05731003-0,Fundo Los Tahuretes,Control de Nivel,Vigentes,Región Metropolitana de Santiago,Comuna de Colina,Rio Maipo,664,-33.03473435,-70.71006267
05731004-9,Los Guayacanes,Control de Nivel,Vigentes,Región Metropolitana de Santiago,Comuna de Colina,Rio Maipo,624,-33.06416539,-70.73464495
05731005-7,Asentamiento Chacabuco,Control de Nivel,Vigentes,Región Metropolitana de Santiago,Comuna de Colina,Rio Maipo,632,-33.07513822,-70.71791404
05731006-5,Cera Union Huechun,Control de Nivel,Vigentes,Región Metropolitana de Santiago,Comuna de Tiltil,Rio Maipo,606,-33.08929998,-70.75270878
05731007-3,Apr Chacabuco,Calidad de Aguas,Vigentes,Región Metropolitana de Santiago,Comuna de Colina,Rio Maipo,721,-33.02377065,-70.68464949
05731008-1,Apr Quilapilun,Calidad de Aguas,Vigentes,Región Metropolitana de Santiago,Comuna de Colina,Rio Maipo,674,-33.09189601,-70.69675838
05731009-K,Apr El Colorado,Calidad de Aguas,Vigentes,Región Metropolitana de Santiago,Comuna de Colina,Rio Maipo,0,-33.07285415,-70.71743046
05732001-K,Huechun Embalse,Meteorológicas,Vigentes,Región Metropolitana de Santiago,Comuna de Tiltil,Rio Maipo,556,-33.0856242,-70.80177676
05732002-8,Huechun Andina,Meteorológicas,Vigentes,Región Metropolitana de Santiago,Comuna de Tiltil,Rio Maipo,590,-33.07255052,-70.76754405
05732003-6,Chilectra Polpaico,Control de Nivel,Suspendidas,Región Metropolitana de Santiago,Comuna de Tiltil,Rio Maipo,548,-33.11848077,-70.82637859
05732004-4,Reserva Fundo Polpaico,Control de Nivel,Vigentes,Región Metropolitana de Santiago,Comuna de Tiltil,Rio Maipo,528,-33.14986299,-70.85454898
05732005-2,Parcela 5 Polpaico,Control de Nivel,Vigentes,Región Metropolitana de Santiago,Comuna de Tiltil,Rio Maipo,523,-33.14207175,-70.8605596
05732006-0,Fundo Santa Ana,Control de Nivel,Vigentes,Región Metropolitana de Santiago,Comuna de Tiltil,Rio Maipo,695,-33.12976572,-70.81197103
05732007-9,Huertos Fam. Cerro Blanco,Control de Nivel,Vigentes,Región Metropolitana de Santiago,Comuna de Tiltil,Rio Maipo,566,-33.14090991,-70.79470547
05732008-7,Fabrica Polpaico,Control de Nivel,Vigentes,Región Metropolitana de Santiago,Comuna de Tiltil,Rio Maipo,535,-33.1551262,-70.83652994
05732009-5,Asentamiento Venceremos (Ex Cora Union Huechun),Control de Nivel,Suspendidas,Región Metropolitana de Santiago,Comuna de Tiltil,Rio Maipo,0,-33.08522945,-70.75036754
05732010-9,Asentamiento Los Maitenes,Control de Nivel,Vigentes,Región Metropolitana de Santiago,Comuna de Tiltil,Rio Maipo,569,-33.10552897,-70.79419999
05732011-7,Fundo Montecarlo (Ex Venceremos),Control de Nivel,Vigentes,Región Metropolitana de Santiago,Comuna de Tiltil,Rio Maipo,590,-33.10155313,-70.76633514
05732012-5,Apr Huechun De Tiltil,Calidad de Aguas,Vigentes,Región Metropolitana de Santiago,Comuna de Tiltil,Rio Maipo,587,-33.07670153,-70.77181548
05732013-3,Apr Punta Peuco,Calidad de Aguas,Vigentes,Región Metropolitana de Santiago,Comuna de Tiltil,Rio Maipo,552,-33.11356714,-70.82259044
05732014-1,Apr Santa Matilde,Calidad de Aguas,Vigentes,Región Metropolitana de Santiago,Comuna de Tiltil,Rio Maipo,574,-33.10411596,-70.79149244
05733001-5,Rungue Embalse (Nivel Emb.),Calidad de Aguas,Vigentes,Región Metropolitana de Santiago,Comuna de Tiltil,Rio Maipo,707,-33.00051746,-70.86676458
05733002-3,Estero Tiltil En Tiltil (Ca),Calidad de Aguas,Vigentes,Región Metropolitana de Santiago,Comuna de Tiltil,Rio Maipo,580,-33.08384968,-70.9334419
05733003-1,Salida Embalse Rungue (Ca),Calidad de Aguas,Suspendidas,Región Metropolitana de Santiago,Comuna de Tiltil,Rio Maipo,640,-33.01717631,-70.90009632
05733004-K,Estero Caleu Antes Estero Rungue (Ca),Calidad de Aguas,Suspendidas,Región Metropolitana de Santiago,Comuna de Tiltil,Rio Maipo,650,-33.01694693,-70.91862078
05733005-8,Estero Rungue Despues Estero Caleu,Calidad de Aguas,Suspendidas,Región Metropolitana de Santiago,Comuna de Tiltil,Rio Maipo,650,-33.02154028,-70.91900935
05733006-6,Rincon De Los Valles,Meteorológicas,Vigentes,Región Metropolitana de Santiago,Comuna de Tiltil,Rio Maipo,955,-32.94760973,-70.75325464
05733007-4,Caleu,Meteorológicas,Vigentes,Región Metropolitana de Santiago,Comuna de Tiltil,Rio Maipo,1120,-33.00550018,-70.99357165
05733008-2,Rungue Embalse,Meteorológicas,Vigentes,Región Metropolitana de Santiago,Comuna de Tiltil,Rio Maipo,700,-33.01994234,-70.90794878
05733009-0,Til-Til,Meteorológicas,Suspendidas,Región Metropolitana de Santiago,Comuna de Tiltil,Rio Maipo,580,-33.087453,-70.92787507
05733010-4,Fundo Las Bateas,Meteorológicas,Vigentes,Región Metropolitana de Santiago,Comuna de Tiltil,Rio Maipo,810,-32.94752539,-70.80663856
05733011-2,Rincon De Los Molinos,Control de Nivel,Vigentes,Región Metropolitana de Santiago,Comuna de Tiltil,Rio Maipo,601,-33.06487319,-70.92834636
05733012-0,Escuela 293 Polpaico,Control de Nivel,Suspendidas,Región Metropolitana de Santiago,Comuna de Tiltil,Rio Maipo,532,-33.15261693,-70.88792784
05733013-9,R. Fundo San Manuel,Control de Nivel,Vigentes,Región Metropolitana de Santiago,Comuna de Tiltil,Rio Maipo,523,-33.15740511,-70.89922375
05733014-7,Apr Caleu,Calidad de Aguas,Vigentes,Región Metropolitana de Santiago,Comuna de Tiltil,Rio Maipo,1121,-32.99912198,-70.99428431
05733015-5,Apr Espinalillo,Calidad de Aguas,Vigentes,Región Metropolitana de Santiago,Comuna de Tiltil,Rio Maipo,894,-33.00238492,-70.94756635
05733016-3,Apr Estacion Polpaico,Calidad de Aguas,Vigentes,Región Metropolitana de Santiago,Comuna de Tiltil,Rio Maipo,525,-33.16697479,-70.8872706
05733017-1,Apr Rungue,Calidad de Aguas,Vigentes,Región Metropolitana de Santiago,Comuna de Tiltil,Rio Maipo,704,-33.0062394,-70.88686805
05734001-0,Estero Polpaico En Chicauma,Fluviométricas,Suspendidas,Región Metropolitana de Santiago,Comuna de Lampa,Rio Maipo,500,-33.19125839,-70.89394795
05734003-7,Fundo La Cadellada,Control de Nivel,Vigentes,Región Metropolitana de Santiago,Comuna de Lampa,Rio Maipo,487,-33.20750343,-70.78389825
05734004-5,Fundo Santa Rosa De Lampa,Control de Nivel,Vigentes,Región Metropolitana de Santiago,Comuna de Lampa,Rio Maipo,502,-33.24729459,-70.7730077
05734005-3,Entel Batuco,Control de Nivel,Vigentes,Región Metropolitana de Santiago,Comuna de Lampa,Rio Maipo,491,-33.23876509,-70.80671551
05734006-1,Fundo La Laguna,Control de Nivel,Vigentes,Región Metropolitana de Santiago,Comuna de Lampa,Rio Maipo,478,-33.20013206,-70.84169566
05734007-K,Asentamiento Laguna,Control de Nivel,Vigentes,Región Metropolitana de Santiago,Comuna de Lampa,Rio Maipo,494,-33.21293439,-70.81617262
05734008-8,Fdo. El Almendral,Control de Nivel,Vigentes,Región Metropolitana de Santiago,Comuna de Lampa,Rio Maipo,486,-33.25900554,-70.82989926
05734009-6,Asentamiento El Valle,Control de Nivel,Suspendidas,Región Metropolitana de Santiago,Comuna de Lampa,Rio Maipo,496,-33.2421809,-70.91120789
05734010-K,Asentamiento Lo Vargas,Control de Nivel,Vigentes,Región Metropolitana de Santiago,Comuna de Lampa,Rio Maipo,500,-33.27312624,-70.87239621
05734011-8,Fundo Santa Erminia,Control de Nivel,Suspendidas,Región Metropolitana de Santiago,Comuna de Lampa,Rio Maipo,497,-33.26192652,-70.88190393
05734012-6,Parcela 4 El Valle Chicauma,Control de Nivel,Vigentes,Región Metropolitana de Santiago,Comuna de Lampa,Rio Maipo,509,-33.23918194,-70.9162186
05734013-4,Apr Batuco-Santa Sara,Calidad de Aguas,Vigentes,Región Metropolitana de Santiago,Comuna de Lampa,Rio Maipo,515,-33.22328942,-70.77036644
05734014-2,Apr Ejemplo Campesino,Calidad de Aguas,Vigentes,Región Metropolitana de Santiago,Comuna de Colina,Rio Maipo,0,-33.21467792,-70.76203905
05734015-0,Apr El Lucero,Calidad de Aguas,Vigentes,Región Metropolitana de Santiago,Comuna de Lampa,Rio Maipo,0,-33.25412475,-70.8789996
05734016-9,Apr Nuevo Porvenir,Calidad de Aguas,Vigentes,Región Metropolitana de Santiago,Comuna de Lampa,Rio Maipo,496,-33.27219421,-70.84851097
05734017-7,Laguna Norte Batuco,Calidad de Aguas,Vigentes,Región Metropolitana de Santiago,Comuna de Lampa,Rio Maipo,0,-33.19743089,-70.83224263
05735001-6,Rio Colina En Peldehue,Fluviométricas,Vigentes,Región Metropolitana de Santiago,Comuna de Colina,Rio Maipo,860,-33.20199584,-70.58803177
05735002-4,Canal Colina En Compuerta Vargas,Calidad de Aguas,Vigentes,Región Metropolitana de Santiago,Comuna de Colina,Rio Maipo,500,-33.17779719,-70.64917605
05735006-7,Lo Arcaya,Control de Nivel,Vigentes,Región Metropolitana de Santiago,Comuna de Colina,Rio Maipo,538,-33.23818001,-70.69386994
05735007-5,La Copa,Control de Nivel,Suspendidas,Región Metropolitana de Santiago,Comuna de Lampa,Rio Maipo,521,-33.24940456,-70.95009941
05735008-3,Fundo Reina Sur 2,Control de Nivel,Suspendidas,Región Metropolitana de Santiago,Comuna de Colina,Rio Maipo,570,-33.19051082,-70.69897958
05735009-1,Fundo La Montaña,Control de Nivel,Vigentes,Región Metropolitana de Santiago,Comuna de Lampa,Rio Maipo,506,-33.31709804,-70.72416091
05735010-5,Asentamiento El Taqueral,Control de Nivel,Vigentes,Región Metropolitana de Santiago,Comuna de Lampa,Rio Maipo,482,-33.29750884,-70.77422721
05735011-3,Parcela 7 Liray,Control de Nivel,Vigentes,Región Metropolitana de Santiago,Comuna de Colina,Rio Maipo,519,-33.24001339,-70.74327269
05735012-1,Fundo Reina Sur 1,Control de Nivel,Suspendidas,Región Metropolitana de Santiago,Comuna de Colina,Rio Maipo,591,-33.20275509,-70.68326425
05735013-K,Sanitarios Colinas,Control de Nivel,Vigentes,Región Metropolitana de Santiago,Comuna de Colina,Rio Maipo,500,-33.28854298,-70.73281214
05735014-8,San Luis De Colina,Control de Nivel,Vigentes,Región Metropolitana de Santiago,Comuna de Colina,Rio Maipo,598,-33.2077801,-70.65693688
05735015-6,Fundo Reina Sur 3,Control de Nivel,Vigentes,Región Metropolitana de Santiago,Comuna de Colina,Rio Maipo,570,-33.19374585,-70.70312883
05735016-4,Apr Estacion Colina,Calidad de Aguas,Vigentes,Región Metropolitana de Santiago,Comuna de Colina,Rio Maipo,520,-33.26884988,-70.73648102
05735017-2,Apr Hermanos Carrera,Calidad de Aguas,Vigentes,Región Metropolitana de Santiago,Comuna de Colina,Rio Maipo,542,-33.26551762,-70.67703874
05735018-0,Apr Los Diecisiete,Calidad de Aguas,Vigentes,Región Metropolitana de Santiago,Comuna de Colina,Rio Maipo,517,-33.26274452,-70.72286653
05735019-9,Apr Manuel Rodriguez,Calidad de Aguas,Vigentes,Región Metropolitana de Santiago,Comuna de Colina,Rio Maipo,548,-33.24162621,-70.67982344
05735020-2,Apr Reina Norte,Calidad de Aguas,Vigentes,Región Metropolitana de Santiago,Comuna de Colina,Rio Maipo,592,-33.17601884,-70.68898362
05735021-0,Apr Santa Filomena-San Luis,Calidad de Aguas,Vigentes,Región Metropolitana de Santiago,Comuna de Colina,Rio Maipo,611,-33.20912624,-70.65675841
05735022-9,Apr Santa Luisa,Calidad de Aguas,Vigentes,Región Metropolitana de Santiago,Comuna de Colina,Rio Maipo,529,-33.27051027,-70.69260455
05735023-7,Apr Santa Marta De Liray,Calidad de Aguas,Vigentes,Región Metropolitana de Santiago,Comuna de Colina,Rio Maipo,532,-33.23856493,-70.73205064
05735024-5,Dmc Lo Pinto,Meteorológicas,Suspendidas,Región Metropolitana de Santiago,Comuna de Colina,Rio Maipo,511,-33.26806154,-70.73222492
05736001-1,Estero Lampa Antes  Rio Mapocho (Ca),Calidad de Aguas,Vigentes,Región Metropolitana de Santiago,Comuna de Pudahuel,Rio Maipo,450,-33.43660498,-70.82880085
05736002-K,Aeropuerto Pudahuel,Control de Nivel,Vigentes,Región Metropolitana de Santiago,Comuna de Pudahuel,Rio Maipo,482,-33.39326089,-70.76873131
05736003-8,Parcela 62 Noviciado,Control de Nivel,Vigentes,Región Metropolitana de Santiago,Comuna de Pudahuel,Rio Maipo,474,-33.3980291,-70.88938102
05736004-6,Fundo El Peral,Control de Nivel,Vigentes,Región Metropolitana de Santiago,Comuna de Pudahuel,Rio Maipo,464,-33.39581079,-70.81200203
05736005-4,Pozo Fundo El Algarrobal,Control de Nivel,Vigentes,Región Metropolitana de Santiago,Comuna de Colina,Rio Maipo,520,-33.27235352,-70.70619974
05736006-2,Pozo Asentamiento Central Lo Vargas,Calidad de Aguas,Vigentes,Región Metropolitana de Santiago,Comuna de Lampa,Rio Maipo,0,-33.27828901,-70.87269971
05736007-0,Pozo Crucero Peralillo,Control de Nivel,Vigentes,Región Metropolitana de Santiago,Comuna de Lampa,Rio Maipo,474,-33.36758229,-70.84882826
05736008-9,Apr Colina Las Canteras,Control de Nivel,Suspendidas,Región Metropolitana de Santiago,Comuna de Colina,Rio Maipo,0,-33.29023482,-70.69647531
05736009-7,Apr Colo Colo,Calidad de Aguas,Vigentes,Región Metropolitana de Santiago,Comuna de Quilicura,Rio Maipo,479,-33.36071458,-70.76555768
05736010-0,Apr Las Canteras,Calidad de Aguas,Vigentes,Región Metropolitana de Santiago,Comuna de Colina,Rio Maipo,516,-33.29107484,-70.69703923
05736011-9,Apr Noviciado-Peralito,Calidad de Aguas,Vigentes,Región Metropolitana de Santiago,Comuna de Pudahuel,Rio Maipo,481,-33.39747272,-70.88148851
05737002-5,Rio Mapocho Rinconada De Maipu,Fluviométricas,Suspendidas,Región Metropolitana de Santiago,Comuna de Maipú,Rio Maipo,440,-33.49997664,-70.81879847
05737003-3,Canal Las Mercedes En Bocatoma,Fluviométricas,Suspendidas,Región Metropolitana de Santiago,Comuna de Maipú,Rio Maipo,0,-33.50052051,-70.81676471
05737005-K,Rio Mapocho En El Monte,Calidad de Aguas,Vigentes,Región Metropolitana de Santiago,Comuna de El Monte,Rio Maipo,0,-33.68162697,-70.97463706
05737006-8,Peñaflor,Meteorológicas,Suspendidas,Región Metropolitana de Santiago,Comuna de Peñaflor,Rio Maipo,370,-33.61024109,-70.90009925
05737007-6,Talagante,Meteorológicas,Suspendidas,Región Metropolitana de Santiago,Comuna de Talagante,Rio Maipo,325,-33.6674632,-70.93342981
05737008-4,Fundo Marruecos,Meteorológicas,Vigentes,Región Metropolitana de Santiago,Comuna de Padre Hurtado,Rio Maipo,430,-33.55538149,-70.82252256
05737009-2,Fundo San Alberto Marruecos,Control de Nivel,Suspendidas,Región Metropolitana de Santiago,Comuna de Padre Hurtado,Rio Maipo,447,-33.55139143,-70.80434479
05737010-6,Chacra Andalucia,Control de Nivel,Vigentes,Región Metropolitana de Santiago,Comuna de Peñaflor,Rio Maipo,445,-33.59548874,-70.82338748
05737011-4,Asentamiento Malloco,Control de Nivel,Vigentes,Región Metropolitana de Santiago,Comuna de Peñaflor,Rio Maipo,412,-33.59186394,-70.84223244
05737012-2,Casas De San Luis,Control de Nivel,Vigentes,Región Metropolitana de Santiago,Comuna de Talagante,Rio Maipo,371,-33.65365931,-70.90076207
05737013-0,A.P. El Monte,Control de Nivel,Vigentes,Región Metropolitana de Santiago,Comuna de El Monte,Rio Maipo,336,-33.67539086,-70.97946646
05737014-9,Fundo Santa Lucia,Control de Nivel,Vigentes,Región Metropolitana de Santiago,Comuna de Padre Hurtado,Rio Maipo,520,-33.55668313,-70.82781684
05737015-7,A.P. Santa Rosa,Control de Nivel,Vigentes,Región Metropolitana de Santiago,Comuna de Padre Hurtado,Rio Maipo,472,-33.56807772,-70.7860881
05737016-5,Pozo Mision Corazon De Maria,Control de Nivel,Vigentes,Región Metropolitana de Santiago,Comuna de Talagante,Rio Maipo,340,-33.66827132,-70.92209181
05737017-3,Pozo Agricola Hermanos Poblete,Control de Nivel,Vigentes,Región Metropolitana de Santiago,Comuna de Padre Hurtado,Rio Maipo,439,-33.57130562,-70.8219954
05737018-1,Pozo Asentamiento Malloco,Calidad de Aguas,Vigentes,Región Metropolitana de Santiago,Comuna de Peñaflor,Rio Maipo,0,-33.59164052,-70.8427018
05737019-K,Rio Mapocho En El Trebal,Sedimentometricas,Vigentes,Región Metropolitana de Santiago,Comuna de Maipú,Rio Maipo,429,-33.54361139,-70.81528614
05737020-3,Rio Mapocho D/Junta Con Zanjon De La Aguada,Calidad de Aguas,Vigentes,Región Metropolitana de Santiago,Comuna de Maipú,Rio Maipo,414,-33.49251733,-70.80286402
05737021-1,Apr Pelvin,Calidad de Aguas,Vigentes,Región Metropolitana de Santiago,Comuna de Peñaflor,Rio Maipo,349,-33.60330347,-70.91316971
05737022-K,Apr Santa Mariana La Manresa,Calidad de Aguas,Vigentes,Región Metropolitana de Santiago,Comuna de Talagante,Rio Maipo,284,-33.69608548,-70.9878917
05737023-8,Apr El Curato,Calidad de Aguas,Vigentes,Región Metropolitana de Santiago,Comuna de Padre Hurtado,Rio Maipo,0,-33.59136263,-70.81760058
05737024-6,Apr El Trebal,Calidad de Aguas,Vigentes,Región Metropolitana de Santiago,Comuna de Padre Hurtado,Rio Maipo,0,-33.54246695,-70.82565438
05737025-4,Apr La Esperanza-Santa Monica,Calidad de Aguas,Vigentes,Región Metropolitana de Santiago,Comuna de Padre Hurtado,Rio Maipo,400,-33.55218838,-70.86315623
05737026-2,Apr Santa Margarita,Calidad de Aguas,Vigentes,Región Metropolitana de Santiago,Comuna de Talagante,Rio Maipo,0,-33.6511709,-70.89191965
05737027-0,Apr La Esperanza-Santa Monica-Los Aromos,Calidad de Aguas,Vigentes,Región Metropolitana de Santiago,Comuna de Padre Hurtado,Rio Maipo,0,-33.55446632,-70.86518691
05737028-9,Canal Las Mercedes,Fluviométricas,Vigentes,Región Metropolitana de Santiago,Comuna de Maipú,Rio Maipo,434,-33.51666756,-70.82500443
05740001-3,Rio Maipo En Chignigue (Juncal),Calidad de Aguas,Suspendidas,Región Metropolitana de Santiago,Comuna de Melipilla,Rio Maipo,200,-33.70234683,-71.11049576
05740003-K,Rio Maipo En Pte Melipilla (Pte Marambio),Calidad de Aguas,Suspendidas,Región Metropolitana de Santiago,Comuna de Melipilla,Rio Maipo,150,-33.70052122,-71.20010972
05740004-8,Carmen De Las Rosas,Meteorológicas,Vigentes,Región Metropolitana de Santiago,Comuna de Melipilla,Rio Maipo,165,-33.75997087,-71.15760474
05740005-6,Melipilla,Meteorológicas,Vigentes,Región Metropolitana de Santiago,Comuna de Melipilla,Rio Maipo,168,-33.68021962,-71.19987264
05740006-4,Parcela 7 Chiñihue,Control de Nivel,Vigentes,Región Metropolitana de Santiago,Comuna de El Monte,Rio Maipo,232,-33.70182205,-71.07387829
05740007-2,Pozo As. San Carlos Cholqui (1),Control de Nivel,Vigentes,Región Metropolitana de Santiago,Comuna de Melipilla,Rio Maipo,180,-33.77809346,-71.1254717
05740008-0,Pozo Industria Bata,Control de Nivel,Vigentes,Región Metropolitana de Santiago,Comuna de Melipilla,Rio Maipo,178,-33.67819045,-71.18363258
05740009-9,As. San Carlos Cholqui (2),Control de Nivel,Vigentes,Región Metropolitana de Santiago,Comuna de Melipilla,Rio Maipo,183,-33.78154059,-71.11061216
05740010-2,Rio Maipo Despues De Junta E.Cholqui,Calidad de Aguas,Vigentes,Región Metropolitana de Santiago,Comuna de Melipilla,Rio Maipo,122,-33.73764188,-71.26301638
05740011-0,Apr Chinique,Calidad de Aguas,Vigentes,Región Metropolitana de Santiago,Comuna de El Monte,Rio Maipo,231,-33.68775368,-71.08095057
05740012-9,Apr Cholqui Manantiales,Calidad de Aguas,Vigentes,Región Metropolitana de Santiago,Comuna de Melipilla,Rio Maipo,0,-33.77608327,-71.13483745
05740013-7,Apr Codigua El Esfuerzo,Calidad de Aguas,Vigentes,Región Metropolitana de Santiago,Comuna de Melipilla,Rio Maipo,100,-33.74748085,-71.32595244
05740014-5,Apr Huechun Bajo,Calidad de Aguas,Vigentes,Región Metropolitana de Santiago,Comuna de Melipilla,Rio Maipo,113,-33.72025275,-71.28872571
05740015-3,Apr La Viluma,Calidad de Aguas,Vigentes,Región Metropolitana de Santiago,Comuna de Melipilla,Rio Maipo,203,-33.77024699,-71.0790134
05740016-1,Apr San Antonio De Aguas,Calidad de Aguas,Vigentes,Región Metropolitana de Santiago,Comuna de Isla de Maipo,Rio Maipo,253,-33.71802033,-71.01760729
05740017-K,Apr La Vega,Calidad de Aguas,Vigentes,Región Metropolitana de Santiago,Comuna de Melipilla,Rio Maipo,0,-33.70464487,-71.17500247
05741001-9,Estero Puangue En Boqueron,Fluviométricas,Vigentes,Región de Valparaíso,Comuna de Quilpué,Rio Maipo,488,-33.17362463,-71.12853536
05741002-7,Colliguay,Meteorológicas,Vigentes,Región de Valparaíso,Comuna de Quilpué,Rio Maipo,490,-33.1684915,-71.14651038
05741003-5,Estero Puangue Antes De Junta Q.Las Lajas,Calidad de Aguas,Vigentes,Región Metropolitana de Santiago,Comuna de Curacaví,Rio Maipo,320,-33.25503329,-71.15220977
05741004-3,Apr Colliguay - Marga Marga,Calidad de Aguas,Vigentes,Región de Valparaíso,Comuna de Quilpué,Rio Maipo,0,-33.17107217,-71.14117987
05742001-4,Estero Puangue En Curacavi (Ca,Calidad de Aguas,Suspendidas,Región Metropolitana de Santiago,Comuna de Curacaví,Rio Maipo,195,-33.39274115,-71.15511533
05742002-2,Estero Puangue Antes Pte Curacavi Nueva,Calidad de Aguas,Vigentes,Región Metropolitana de Santiago,Comuna de Curacaví,Rio Maipo,575,-33.39274115,-71.15511533
05743000-1,Apr Las Rosas,Calidad de Aguas,Vigentes,Región Metropolitana de Santiago,Comuna de Curacaví,Rio Maipo,196,-33.40801449,-71.12649547
05743001-K,Dmc Curacavi Ad.,Meteorológicas,Suspendidas,Región Metropolitana de Santiago,Comuna de Curacaví,Rio Maipo,204,-33.41111395,-71.16778338
05744001-5,Estero Puangue En Maria Pinto (Ca),Calidad de Aguas,Suspendidas,Región Metropolitana de Santiago,Comuna de María Pinto,Rio Maipo,140,-33.51165668,-71.12504557
05744002-3,Los Panguiles,Meteorológicas,Vigentes,Región Metropolitana de Santiago,Comuna de Curacaví,Rio Maipo,190,-33.43879016,-71.0252832
05744003-1,Ibacache Alto,Meteorológicas,Vigentes,Región Metropolitana de Santiago,Comuna de María Pinto,Rio Maipo,169,-33.48054282,-71.2814518
05744004-K,Asentamiento Santa Emilia,Control de Nivel,Vigentes,Región Metropolitana de Santiago,Comuna de María Pinto,Rio Maipo,192,-33.47054669,-71.10818181
05744005-8,Fundo Santa Rita,Control de Nivel,Vigentes,Región Metropolitana de Santiago,Comuna de María Pinto,Rio Maipo,210,-33.47755315,-71.06805401
05744006-6,Fundo Lolenco,Control de Nivel,Vigentes,Región Metropolitana de Santiago,Comuna de Curacaví,Rio Maipo,189,-33.42855334,-71.03750974
05744007-4,Fundo El Parron,Control de Nivel,Vigentes,Región Metropolitana de Santiago,Comuna de María Pinto,Rio Maipo,173,-33.48890938,-71.08077542
05744008-2,Fundo Baracaldo,Control de Nivel,Vigentes,Región Metropolitana de Santiago,Comuna de María Pinto,Rio Maipo,200,-33.51301693,-71.12564936
05744009-0,Apr Cerrillos,Calidad de Aguas,Vigentes,Región Metropolitana de Santiago,Comuna de Curacaví,Rio Maipo,182,-33.44552438,-71.02539672
05744010-4,Apr Chorombo,Calidad de Aguas,Vigentes,Región Metropolitana de Santiago,Comuna de María Pinto,Rio Maipo,166,-33.49773898,-71.23790638
05744011-2,Apr El Rosario,Calidad de Aguas,Vigentes,Región Metropolitana de Santiago,Comuna de María Pinto,Rio Maipo,151,-33.50948713,-71.14627331
05744012-0,Apr Ibacache,Calidad de Aguas,Vigentes,Región Metropolitana de Santiago,Comuna de María Pinto,Rio Maipo,17,-33.48817547,-71.26844809
05744013-9,Apr La Palma,Calidad de Aguas,Vigentes,Región Metropolitana de Santiago,Comuna de María Pinto,Rio Maipo,190,-33.45746015,-71.28484847
05744014-7,Apr Las Mercedes,Calidad de Aguas,Vigentes,Región Metropolitana de Santiago,Comuna de María Pinto,Rio Maipo,170,-33.49139372,-71.18523657
05744015-5,Apr Lo Alvarado,Calidad de Aguas,Vigentes,Región Metropolitana de Santiago,Comuna de Curacaví,Rio Maipo,183,-33.46780215,-71.06986655
05744016-3,Apr Lo Ovalle,Calidad de Aguas,Vigentes,Región Metropolitana de Santiago,Comuna de María Pinto,Rio Maipo,167,-33.49191007,-71.07121508
05744017-1,Apr Los Rulos,Calidad de Aguas,Vigentes,Región Metropolitana de Santiago,Comuna de María Pinto,Rio Maipo,173,-33.46303037,-71.08234064
05744018-K,Apr Maria Pinto Pozo 3,Calidad de Aguas,Vigentes,Región Metropolitana de Santiago,Comuna de María Pinto,Rio Maipo,159,-33.50940883,-71.12151376
05744019-8,Apr Miraflores,Calidad de Aguas,Vigentes,Región Metropolitana de Santiago,Comuna de Curacaví,Rio Maipo,181,-33.42302967,-71.05039267
05744020-1,Apr Santa Ines De Pataguillas,Calidad de Aguas,Vigentes,Región Metropolitana de Santiago,Comuna de Curacaví,Rio Maipo,227,-33.50913652,-70.98399229
05744021-K,Apr Maria Pinto Pozo 4,Calidad de Aguas,Vigentes,Región Metropolitana de Santiago,Comuna de María Pinto,Rio Maipo,0,-33.50940883,-71.12151376
05745001-0,Mallarauco,Meteorológicas,Vigentes,Región Metropolitana de Santiago,Comuna de Melipilla,Rio Maipo,176,-33.5715973,-71.10160889
05745002-9,Fundo San Patricio,Control de Nivel,Vigentes,Región Metropolitana de Santiago,Comuna de Melipilla,Rio Maipo,192,-33.58846326,-71.08272146
05745003-7,A.P. Bollenal,Control de Nivel,Vigentes,Región Metropolitana de Santiago,Comuna de Melipilla,Rio Maipo,143,-33.5681485,-71.21152303
05745004-5,Apr El Bollenar,Calidad de Aguas,Vigentes,Región Metropolitana de Santiago,Comuna de Melipilla,Rio Maipo,159,-33.5685866,-71.17151854
05745005-3,Apr Mallarauco,Calidad de Aguas,Vigentes,Región Metropolitana de Santiago,Comuna de Melipilla,Rio Maipo,183,-33.58833236,-71.10907176
05745006-1,Apr Santa Elisa,Calidad de Aguas,Vigentes,Región Metropolitana de Santiago,Comuna de Melipilla,Rio Maipo,267,-33.58191212,-70.98538738
05746001-6,Estero Puangue En Ruta 78,Meteorológicas,Vigentes,Región Metropolitana de Santiago,Comuna de Melipilla,Rio Maipo,93,-33.66144323,-71.33706842
05746002-4,Estero Puangue En La Lumbrera (Ca),Calidad de Aguas,Suspendidas,Región Metropolitana de Santiago,Comuna de Melipilla,Rio Maipo,110,-33.63385162,-71.30011536
05746003-2,Matadero Pollos (Puangue,Control de Nivel,Suspendidas,Región Metropolitana de Santiago,Comuna de Melipilla,Rio Maipo,190,-33.6616302,-71.33290063
05746004-0,Apr El Paico Alto,Calidad de Aguas,Vigentes,Región Metropolitana de Santiago,Comuna de El Monte,Rio Maipo,0,-33.65886176,-71.0448324
05746005-9,Apr El Rosario Los Olmos,Calidad de Aguas,Vigentes,Región Metropolitana de Santiago,Comuna de El Monte,Rio Maipo,0,-33.65635197,-71.00206245
05746006-7,Apr La Lumbrera,Calidad de Aguas,Vigentes,Región Metropolitana de Santiago,Comuna de Melipilla,Rio Maipo,162,-33.65136058,-71.28316926
05746007-5,Apr Puangue,Calidad de Aguas,Vigentes,Región Metropolitana de Santiago,Comuna de Melipilla,Rio Maipo,157,-33.66385783,-71.31513669
05746008-3,Apr Rumay-Campo Lindo,Calidad de Aguas,Vigentes,Región Metropolitana de Santiago,Comuna de Melipilla,Rio Maipo,166,-33.79635572,-71.24734634
05746009-1,Apr San Jose De Melipilla,Calidad de Aguas,Vigentes,Región Metropolitana de Santiago,Comuna de Melipilla,Rio Maipo,172,-33.60942258,-71.23039025
05746010-5,Apr Rosa De Esmeralda,Calidad de Aguas,Vigentes,Región Metropolitana de Santiago,Comuna de Melipilla,Rio Maipo,152,-33.65858757,-71.25789225
05747001-1,Los Guindos,Meteorológicas,Vigentes,Región Metropolitana de Santiago,Comuna de Melipilla,Rio Maipo,125,-33.89080205,-71.23355
05747002-K,Asentamiento Popeta Las Mariposas,Control de Nivel,Vigentes,Región Metropolitana de Santiago,Comuna de Melipilla,Rio Maipo,109,-33.86666511,-71.26367133
05747003-8,As. San Miguel Popeta (1),Control de Nivel,Suspendidas,Región Metropolitana de Santiago,Comuna de Melipilla,Rio Maipo,115,-33.87619197,-71.2569831
05747004-6,As. San Miguel Popeta (2),Control de Nivel,Vigentes,Región Metropolitana de Santiago,Comuna de Melipilla,Rio Maipo,119,-33.88832524,-71.25369179
05747005-4,Asentamiento Tantehue,Control de Nivel,Vigentes,Región Metropolitana de Santiago,Comuna de Melipilla,Rio Maipo,130,-33.88508598,-71.21756287
05747006-2,As. Ignacio Serrano,Control de Nivel,Vigentes,Región Metropolitana de Santiago,Comuna de Melipilla,Rio Maipo,125,-33.88412883,-71.24748411
05747007-0,Apr Cuncumen,Calidad de Aguas,Vigentes,Región de Valparaíso,Comuna de San Antonio,Rio Maipo,0,-33.73352513,-71.41965554
05747008-9,Apr Culipran,Calidad de Aguas,Vigentes,Región Metropolitana de Santiago,Comuna de Melipilla,Rio Maipo,0,-33.78913318,-71.23346461
05747009-7,Apr Las Lomas De Culipran,Calidad de Aguas,Vigentes,Región Metropolitana de Santiago,Comuna de Melipilla,Rio Maipo,98,-33.7885849,-71.27040362
05747010-0,Apr Los Maitenes  De Ulmen,Calidad de Aguas,Vigentes,Región Metropolitana de Santiago,Comuna de Melipilla,Rio Maipo,81,-33.79858871,-71.29983837
05747011-9,Apr Popeta,Calidad de Aguas,Vigentes,Región Metropolitana de Santiago,Comuna de Melipilla,Rio Maipo,109,-33.82941312,-71.27178537
05747012-7,Apr San Manuel,Calidad de Aguas,Vigentes,Región Metropolitana de Santiago,Comuna de Melipilla,Rio Maipo,115,-33.76608215,-71.27955836
05747013-5,Apr San Valentin-La Union,Calidad de Aguas,Vigentes,Región Metropolitana de Santiago,Comuna de Melipilla,Rio Maipo,78,-33.77136631,-71.35347002
05748001-7,Rio Maipo En Cabimbao,Meteorológicas,Vigentes,Región de Valparaíso,Comuna de San Antonio,Rio Maipo,35,-33.76756426,-71.53048814
05748002-5,Rtio Maipo En Desembocadura (Ca),Calidad de Aguas,Suspendidas,Región de Valparaíso,Comuna de San Antonio,Rio Maipo,5,-33.62117896,-71.61888916
05748003-3,Cerrillos De Leyda,Meteorológicas,Vigentes,Región de Valparaíso,Comuna de San Antonio,Rio Maipo,182,-33.63442029,-71.51041705
05800001-9,Estero Yali En Bucalemu (Ca),Calidad de Aguas,Suspendidas,Región de Valparaíso,Comuna de Santo Domingo,Costeras entre  Maipo y Rapel,10,-33.82052414,-71.65222772
05800002-7,Fundo Las Dos Puertas,Meteorológicas,Vigentes,Región de Valparaíso,Comuna de Santo Domingo,Costeras entre  Maipo y Rapel,24,-33.86139268,-71.66302294
05800003-5,Pozo Escuela El Yali,Control de Nivel,Vigentes,Región Metropolitana de Santiago,Comuna de San Pedro,Costeras entre  Maipo y Rapel,125,-33.91920602,-71.46086422
05800004-3,Apr El Convento,Calidad de Aguas,Vigentes,Región de Valparaíso,Comuna de Santo Domingo,Costeras entre  Maipo y Rapel,0,-33.76746525,-71.61986856
05800005-1,Apr El Prado,Calidad de Aguas,Vigentes,Región Metropolitana de Santiago,Comuna de San Pedro,Costeras entre  Maipo y Rapel,132,-33.91609257,-71.50791347
05800006-K,Apr Loica,Calidad de Aguas,Vigentes,Región Metropolitana de Santiago,Comuna de San Pedro,Costeras entre  Maipo y Rapel,179,-33.96496991,-71.47930001
05800007-8,Apr San Pedro-El Yali,Calidad de Aguas,Vigentes,Región Metropolitana de Santiago,Comuna de San Pedro,Costeras entre  Maipo y Rapel,133,-33.91303853,-71.46540165
05800008-6,Pozo Yali,Control de Nivel,Vigentes,Región Metropolitana de Santiago,Comuna de San Pedro,Costeras entre  Maipo y Rapel,133,-33.91472671,-71.48278512
06000002-6,Las Leñas,Meteorológicas,Suspendidas,Región del Libertador General Bernardo O'Higgins,Comuna de Machalí,Rio Rapel,1240,-34.36359581,-70.32062807
06000003-4,Rio Las Leñas Ante Junta Rio Cachapoal,Meteorológicas,Vigentes,Región del Libertador General Bernardo O'Higgins,Comuna de Machalí,Rio Rapel,1296,-34.36256934,-70.30535574
06000004-2,Laguna El Yeso,Meteorológicas,Vigentes,Región del Libertador General Bernardo O'Higgins,Comuna de Machalí,Rio Rapel,2140,-34.40832109,-70.21006094
06001000-5,Glaciar Cortaderal,Glaciológicas,Vigentes,Región del Libertador General Bernardo O'Higgins,Comuna de Machalí,Rio Rapel,3156,-34.66610138,-70.2703516
06002001-9,Rio Cortaderal Ante Junta Rio Cachapoal,Fluviométricas,Vigentes,Región del Libertador General Bernardo O'Higgins,Comuna de Machalí,Rio Rapel,1200,-34.37715621,-70.32330975
06002002-7,Los Pejerreyes,Meteorológicas,Vigentes,Región del Libertador General Bernardo O'Higgins,Comuna de Machalí,Rio Rapel,1679,-34.45165594,-70.28034295
06003001-4,Rio Cachapoal 5 Km. Aguas Abajo Junta Cortaderal,Meteorológicas,Vigentes,Región del Libertador General Bernardo O'Higgins,Comuna de Machalí,Rio Rapel,1127,-34.35186837,-70.36057478
06003002-2,Rio Cachapoal Antes Rio Pangal (Ca),Calidad de Aguas,Suspendidas,Región del Libertador General Bernardo O'Higgins,Comuna de Machalí,Rio Rapel,850,-34.25388555,-70.4854686
06003003-0,Rio Cachapoal En Bocatoma Chacayes,Calidad de Aguas,Vigentes,Región del Libertador General Bernardo O'Higgins,Comuna de Machalí,Rio Rapel,0,-34.2098539,-70.52943563
06003004-9,Glaciar Cipreses,Glaciológicas,Vigentes,Región del Libertador General Bernardo O'Higgins,Comuna de Machalí,Rio Rapel,1880,-34.53276486,-70.41535406
06005001-5,Mina La Juanita (Ca),Calidad de Aguas,Suspendidas,Región del Libertador General Bernardo O'Higgins,Comuna de Machalí,Rio Rapel,1750,-34.18722187,-70.31877321
06005002-3,Rio Blanco Antes Rio Paredones (Ca),Calidad de Aguas,Suspendidas,Región del Libertador General Bernardo O'Higgins,Comuna de Machalí,Rio Rapel,1470,-34.23720695,-70.33544809
06005003-1,Las Callanas,Meteorológicas,Suspendidas,Región del Libertador General Bernardo O'Higgins,Comuna de Machalí,Rio Rapel,1500,-34.23664619,-70.3222905
06005004-K,Quebrada La Negra,Nivométricas,Vigentes,Región del Libertador General Bernardo O'Higgins,Comuna de Machalí,Rio Rapel,3511,-34.08556324,-70.23555924
06006001-0,Rio Pangal En Pangal,Fluviométricas,Vigentes,Región del Libertador General Bernardo O'Higgins,Comuna de Machalí,Rio Rapel,1500,-34.25087967,-70.33361163
06006002-9,Rio Pangal Despues Blanco Y Paredones (C,Calidad de Aguas,Suspendidas,Región del Libertador General Bernardo O'Higgins,Comuna de Machalí,Rio Rapel,1470,-34.25387815,-70.35212084
06006003-7,Quebrada Cerrillos Antes Rio Pangal,Calidad de Aguas,Suspendidas,Región del Libertador General Bernardo O'Higgins,Comuna de Machalí,Rio Rapel,1400,-34.23720903,-70.36878151
06006004-5,Rio Pangal Antes Rio Cachapoal (Ca),Calidad de Aguas,Suspendidas,Región del Libertador General Bernardo O'Higgins,Comuna de Machalí,Rio Rapel,870,-34.23579959,-70.46950533
06006005-3,Quebrada El Peumo Antes Rio Pangal (Ca),Calidad de Aguas,Suspendidas,Región del Libertador General Bernardo O'Higgins,Comuna de Machalí,Rio Rapel,1020,-34.25387729,-70.43545935
06007001-6,Estero El Teniente Antes Vertedero Mina,Calidad de Aguas,Suspendidas,Región del Libertador General Bernardo O'Higgins,Comuna de Machalí,Rio Rapel,2300,-34.07004036,-70.35230288
06007002-4,Vertedero Mina Antes Estero El Teniente,Calidad de Aguas,Suspendidas,Región del Libertador General Bernardo O'Higgins,Comuna de Machalí,Rio Rapel,2300,-34.07004036,-70.35230288
06007003-2,Estero El Teniente Despues Vertedero Mina,Calidad de Aguas,Suspendidas,Región del Libertador General Bernardo O'Higgins,Comuna de Machalí,Rio Rapel,2250,-34.07054325,-70.36878227
06007004-0,Estero El Teniente Antes Rio Coya (Ca),Calidad de Aguas,Suspendidas,Región del Libertador General Bernardo O'Higgins,Comuna de Machalí,Rio Rapel,2050,-34.08709379,-70.38542561
06007005-9,Rio Coya Antes Estero El Teniente (Ca),Calidad de Aguas,Suspendidas,Región del Libertador General Bernardo O'Higgins,Comuna de Machalí,Rio Rapel,2050,-34.08519866,-70.38634851
06007006-7,Rio Coya Despues Estero El Teniente,Calidad de Aguas,Suspendidas,Región del Libertador General Bernardo O'Higgins,Comuna de Machalí,Rio Rapel,2000,-34.08770678,-70.38784177
06007007-5,Vertedero Bocatoma Mala Pasada (Ca),Calidad de Aguas,Suspendidas,Región del Libertador General Bernardo O'Higgins,Comuna de Machalí,Rio Rapel,1800,-34.10388271,-70.41879567
06007008-3,Rio Coya Antes Estero Sapo (Ca),Calidad de Aguas,Suspendidas,Región del Libertador General Bernardo O'Higgins,Comuna de Machalí,Rio Rapel,1500,-34.1033713,-70.43564413
06007009-1,Estero Sapo Antes Rio Coya (Ca),Calidad de Aguas,Suspendidas,Región del Libertador General Bernardo O'Higgins,Comuna de Machalí,Rio Rapel,1500,-34.1033713,-70.43564413
06007010-5,Rio Coya Despues Estero Sapo (Ca),Calidad de Aguas,Suspendidas,Región del Libertador General Bernardo O'Higgins,Comuna de Machalí,Rio Rapel,1500,-34.1033713,-70.43564413
06007011-3,Rio Coya Antes Rio Cachapoal (Ca),Calidad de Aguas,Vigentes,Región del Libertador General Bernardo O'Higgins,Comuna de Machalí,Rio Rapel,792,-34.20415058,-70.53339169
06007012-1,Chapa Verde,Nivométricas,Vigentes,Región del Libertador General Bernardo O'Higgins,Comuna de Machalí,Rio Rapel,2370,-34.05470179,-70.42174597
06008002-K,Rio Cachapoal En Coya,Calidad de Aguas,Suspendidas,Región del Libertador General Bernardo O'Higgins,Comuna de Machalí,Rio Rapel,0,-34.20763219,-70.52971024
06008004-6,Rio Cachapoal En Bocatoma Sauzal (Ca),Calidad de Aguas,Suspendidas,Región del Libertador General Bernardo O'Higgins,Comuna de Machalí,Rio Rapel,750,-34.20053433,-70.53341302
06008005-4,Rio Cachapoal En Pte Termas De Cauquenes,Fluviométricas,Vigentes,Región del Libertador General Bernardo O'Higgins,Comuna de Machalí,Rio Rapel,700,-34.2488823,-70.56011218
06008006-2,Rio Cachapoal Despues Rio Pangal (Ca),Calidad de Aguas,Suspendidas,Región del Libertador General Bernardo O'Higgins,Comuna de Machalí,Rio Rapel,850,-34.23722132,-70.48546894
06008007-0,Estero Clonqui Antes Rio Cachapoal (Ca),Calidad de Aguas,Suspendidas,Región del Libertador General Bernardo O'Higgins,Comuna de Machalí,Rio Rapel,850,-34.22053914,-70.48545825
06008008-9,Termas De Cauquenes (Ca),Calidad de Aguas,Suspendidas,Región del Libertador General Bernardo O'Higgins,Comuna de Machalí,Rio Rapel,700,-34.24315765,-70.5543277
06008009-7,Canal Sauzal En Puente Termas,Fluviométricas,Vigentes,Región del Libertador General Bernardo O'Higgins,Comuna de Machalí,Rio Rapel,750,-34.24096887,-70.55555783
06008010-0,Dmc Portezuelo Codelco,Meteorológicas,Suspendidas,Región del Libertador General Bernardo O'Higgins,Comuna de Machalí,Rio Rapel,1171,-34.19833961,-70.57917053
06009002-5,Rio Claro Antes Rio Cachapoal (Ca),Calidad de Aguas,Suspendidas,Región del Libertador General Bernardo O'Higgins,Comuna de Requínoa,Rio Rapel,690,-34.27054097,-70.58547231
06010001-2,Canal Sauzal Antes Rio Cachapoal,Calidad de Aguas,Suspendidas,Región del Libertador General Bernardo O'Higgins,Comuna de Machalí,Rio Rapel,670,-34.25607037,-70.60402072
06010002-0,Canal Entrada Planta Las Rosas (Ca),Calidad de Aguas,Suspendidas,Región del Libertador General Bernardo O'Higgins,Comuna de Requínoa,Rio Rapel,570,-34.22002849,-70.70232408
06010003-9,Canal Salida Planta Las Rosas (Ca),Calidad de Aguas,Suspendidas,Región del Libertador General Bernardo O'Higgins,Comuna de Requínoa,Rio Rapel,570,-34.22002849,-70.70232408
06010004-7,Estero Cauquenes Antesd Rio Cachapoal (C,Calidad de Aguas,Suspendidas,Región del Libertador General Bernardo O'Higgins,Comuna de Requínoa,Rio Rapel,600,-34.22002849,-70.70232408
06010005-5,Rio Cachapoal En Bocatoma Canales (Ca),Calidad de Aguas,Vigentes,Región del Libertador General Bernardo O'Higgins,Comuna de Requínoa,Rio Rapel,550,-34.21201427,-70.73116439
06010006-3,Estero Cauquenes Antes Tranque Parron,Calidad de Aguas,Suspendidas,Región del Libertador General Bernardo O'Higgins,Comuna de Requínoa,Rio Rapel,770,-34.28721652,-70.65214118
06010007-1,Tranque Parron (Ca),Calidad de Aguas,Suspendidas,Región del Libertador General Bernardo O'Higgins,Comuna de Requínoa,Rio Rapel,700,-34.27054335,-70.66881317
06010008-K,Filtraciones Tranque Parron (Ca),Calidad de Aguas,Suspendidas,Región del Libertador General Bernardo O'Higgins,Comuna de Requínoa,Rio Rapel,700,-34.27054335,-70.66881317
06010009-8,Junta Salida Y Filtraciones Tranque Parron,Calidad de Aguas,Suspendidas,Región del Libertador General Bernardo O'Higgins,Comuna de Requínoa,Rio Rapel,690,-34.27054335,-70.66881317
06010010-1,Tranque Relave Colihues (Ca),Calidad de Aguas,Suspendidas,Región del Libertador General Bernardo O'Higgins,Comuna de Requínoa,Rio Rapel,680,-34.2538796,-70.66882065
06010011-K,Salida Tranque Colihues (Ca),Calidad de Aguas,Suspendidas,Región del Libertador General Bernardo O'Higgins,Comuna de Requínoa,Rio Rapel,650,-34.24496986,-70.6735092
06010012-8,Canal Salida Tranque Parron (Ca),Calidad de Aguas,Suspendidas,Región del Libertador General Bernardo O'Higgins,Comuna de Requínoa,Rio Rapel,650,-34.2538796,-70.66882065
06010013-6,Rio Cachapoal En Panamericana (Ca),Calidad de Aguas,Suspendidas,Región del Libertador General Bernardo O'Higgins,Comuna de Rancagua,Rio Rapel,500,-34.19301904,-70.75437775
06010014-4,Rancagua,Meteorológicas,Suspendidas,Región del Libertador General Bernardo O'Higgins,Comuna de Rancagua,Rio Rapel,510,-34.17192553,-70.72787168
06010015-2,Rancagua (Cachapoal - Dcp),Meteorológicas,Vigentes,Región del Libertador General Bernardo O'Higgins,Comuna de Rancagua,Rio Rapel,515,-34.19092198,-70.75094878
06010016-0,Sauzal,Meteorológicas,Suspendidas,Región del Libertador General Bernardo O'Higgins,Comuna de Machalí,Rio Rapel,700,-34.25886996,-70.61536837
06010017-9,Pueblo Yungay,Control de Nivel,Suspendidas,Región del Libertador General Bernardo O'Higgins,Comuna de Rancagua,Rio Rapel,0,-34.19275918,-70.75426386
06010018-7,Centro Fruticola O'Higgins,Control de Nivel,Suspendidas,Región del Libertador General Bernardo O'Higgins,Comuna de Olivar,Rio Rapel,0,-34.20886954,-70.76954276
06010019-5,A.P. Sauzal,Control de Nivel,Suspendidas,Región del Libertador General Bernardo O'Higgins,Comuna de Machalí,Rio Rapel,0,-34.19359013,-70.66953079
06010020-9,Pozo Minera Valle Central,Calidad de Aguas,Suspendidas,Región del Libertador General Bernardo O'Higgins,Comuna de Requínoa,Rio Rapel,0,-34.23776109,-70.68630834
06010021-7,Aguacoop Ltda,Control de Nivel,Vigentes,Región del Libertador General Bernardo O'Higgins,Comuna de Doñihue,Rio Rapel,524,-34.18852589,-70.92297868
06010022-5,Apr Angostura,Calidad de Aguas,Vigentes,Región del Libertador General Bernardo O'Higgins,Comuna de San Fernando,Rio Rapel,308,-34.53081713,-70.96621246
06010023-3,Apr Cabaña Blanca Santa Julia,Calidad de Aguas,Vigentes,Región del Libertador General Bernardo O'Higgins,Comuna de Las Cabras,Rio Rapel,132,-34.2849466,-71.33835159
06010024-1,Apr San Joaquin De Los Mayos Planta N°2,Calidad de Aguas,Vigentes,Región del Libertador General Bernardo O'Higgins,Comuna de Machalí,Rio Rapel,565,-34.19985247,-70.71560311
06010025-K,Apr Punta De Cortes,Calidad de Aguas,Vigentes,Región del Libertador General Bernardo O'Higgins,Comuna de Rancagua,Rio Rapel,0,-34.18136072,-70.83204849
06010026-8,Apr Olivar Bajo,Calidad de Aguas,Vigentes,Región del Libertador General Bernardo O'Higgins,Comuna de Olivar,Rio Rapel,0,-34.22142805,-70.86282065
06011001-8,Estero De La Cadena Antes Junta Rio Cachapoal,Calidad de Aguas,Vigentes,Región del Libertador General Bernardo O'Higgins,Comuna de Rancagua,Rio Rapel,440,-34.18714031,-70.84589924
06011002-6,Estero La Cadena En Puente Panamericana,Calidad de Aguas,Suspendidas,Región del Libertador General Bernardo O'Higgins,Comuna de Rancagua,Rio Rapel,470,-34.10623052,-70.72050743
06011003-4,Graneros,Meteorológicas,Suspendidas,Región del Libertador General Bernardo O'Higgins,Comuna de Graneros,Rio Rapel,500,-34.05609176,-70.70842119
06011004-2,Indura Graneros,Control de Nivel,Vigentes,Región del Libertador General Bernardo O'Higgins,Comuna de Graneros,Rio Rapel,480,-34.08174962,-70.71592641
06011005-0,Asentamiento C. Cortes,Control de Nivel,Vigentes,Región del Libertador General Bernardo O'Higgins,Comuna de Codegua,Rio Rapel,509,-34.08916996,-70.65888296
06011012-3,Fundo Santa Filomena,Control de Nivel,Vigentes,Región del Libertador General Bernardo O'Higgins,Comuna de Codegua,Rio Maipo,572,-34.05282471,-70.65055845
06011014-K,Parcela Las 2 Marias,Control de Nivel,Vigentes,Región del Libertador General Bernardo O'Higgins,Comuna de Codegua,Rio Maipo,514,-34.04736186,-70.69482414
06011020-4,Fiat Chilena,Control de Nivel,Suspendidas,Región del Libertador General Bernardo O'Higgins,Comuna de Rancagua,Rio Rapel,0,-34.1105323,-70.72175451
06011022-0,Barrio Industrial,Control de Nivel,Vigentes,Región del Libertador General Bernardo O'Higgins,Comuna de Rancagua,Rio Rapel,483,-34.14162205,-70.73850046
06011023-9,Fundo San Pedro,Control de Nivel,Vigentes,Región del Libertador General Bernardo O'Higgins,Comuna de Rancagua,Rio Rapel,480,-34.16254502,-70.78227565
06011024-7,Molinos Quemados,Control de Nivel,Vigentes,Región del Libertador General Bernardo O'Higgins,Comuna de Rancagua,Rio Rapel,503,-34.14359148,-70.69439043
06011025-5,Apr El Carmen Bajo,Calidad de Aguas,Vigentes,Región del Libertador General Bernardo O'Higgins,Comuna de Codegua,Rio Rapel,521,-34.07915338,-70.64870671
06011026-3,Apr La Palma,Calidad de Aguas,Vigentes,Región del Libertador General Bernardo O'Higgins,Comuna de Rancagua,Rio Rapel,476,-34.11414707,-70.71732863
06011027-1,Apr Tuniche,Calidad de Aguas,Vigentes,Región del Libertador General Bernardo O'Higgins,Comuna de Graneros,Rio Rapel,466,-34.10693458,-70.74981236
06011028-K,Dmc Portezuelo-Codelco,Meteorológicas,Suspendidas,Región del Libertador General Bernardo O'Higgins,Comuna de Machalí,Rio Rapel,1166,-34.19888967,-70.57916994
06011029-8,Apr Los Molinos Quemados,Calidad de Aguas,Vigentes,Región del Libertador General Bernardo O'Higgins,Comuna de Rancagua,Rio Rapel,0,-34.14353844,-70.69431346
06011030-1,Apr Las Mercedes-El Arrozal,Calidad de Aguas,Vigentes,Región Metropolitana de Santiago,Comuna de María Pinto,Rio Maipo,0,-33.49159001,-71.18586569
06011031-K,Apr La Leonera-San Joaquin,Calidad de Aguas,Vigentes,Región del Libertador General Bernardo O'Higgins,Comuna de Codegua,Rio Maipo,0,-34.03957586,-70.56382947
06012001-3,Rio Cachapoal En Puente Coinco (Ca),Calidad de Aguas,Vigentes,Región del Libertador General Bernardo O'Higgins,Comuna de Doñihue,Rio Rapel,340,-34.23814235,-70.95053178
06012002-1,Rio Cachapoal Antes Rio Claro De Rengo,Calidad de Aguas,Suspendidas,Región del Libertador General Bernardo O'Higgins,Comuna de Coltauco,Rio Rapel,180,-34.40386823,-71.13552007
06012003-K,Coltauco,Meteorológicas,Vigentes,Región del Libertador General Bernardo O'Higgins,Comuna de Coltauco,Rio Rapel,253,-34.28740652,-71.08001467
06012005-6,Pueblo El Abra,Control de Nivel,Vigentes,Región del Libertador General Bernardo O'Higgins,Comuna de Requínoa,Rio Rapel,410,-34.28120975,-70.83952462
06012007-2,Fundo El Bosque,Control de Nivel,Vigentes,Región del Libertador General Bernardo O'Higgins,Comuna de Doñihue,Rio Rapel,410,-34.20509915,-70.8787402
06012010-2,Alamos Quemados,Control de Nivel,Vigentes,Región del Libertador General Bernardo O'Higgins,Comuna de Olivar,Rio Rapel,424,-34.22160492,-70.86245549
06012011-0,Pozo Doñihue,Control de Nivel,Vigentes,Región del Libertador General Bernardo O'Higgins,Comuna de Doñihue,Rio Rapel,363,-34.22281211,-70.9449788
06012012-9,A.P. Coinco,Control de Nivel,Vigentes,Región del Libertador General Bernardo O'Higgins,Comuna de Coinco,Rio Rapel,340,-34.26343015,-70.94963862
06012014-5,Pueblo Copequen,Control de Nivel,Vigentes,Región del Libertador General Bernardo O'Higgins,Comuna de Coinco,Rio Rapel,372,-34.24510398,-70.91618687
06012016-1,Viña El Molino,Control de Nivel,Vigentes,Región del Libertador General Bernardo O'Higgins,Comuna de Coltauco,Rio Rapel,305,-34.26022598,-71.016144
06012017-K,A.P. Coinco,Control de Nivel,Suspendidas,Región del Libertador General Bernardo O'Higgins,Comuna de Coinco,Rio Rapel,0,-34.25387419,-70.95010219
06012019-6,Asentamiento Choapino,Control de Nivel,Vigentes,Región del Libertador General Bernardo O'Higgins,Comuna de Rengo,Rio Rapel,374,-34.3240294,-70.8371875
06012020-K,Apr Idahue,Control de Nivel,Vigentes,Región del Libertador General Bernardo O'Higgins,Comuna de Coltauco,Rio Rapel,237,-34.31792102,-71.13585013
06012021-8,Apr California,Calidad de Aguas,Vigentes,Región del Libertador General Bernardo O'Higgins,Comuna de Doñihue,Rio Rapel,366,-34.21775973,-70.93205481
06012022-6,Apr El Molino - El Álamo,Calidad de Aguas,Vigentes,Región del Libertador General Bernardo O'Higgins,Comuna de Coltauco,Rio Rapel,305,-34.26217506,-71.00561323
06012023-4,Apr El Rulo Millahue De Coico,Calidad de Aguas,Vigentes,Región del Libertador General Bernardo O'Higgins,Comuna de Coinco,Rio Rapel,301,-34.30896291,-71.05178525
06012024-2,Apr El Rulo Millahue,Calidad de Aguas,Vigentes,Región del Libertador General Bernardo O'Higgins,Comuna de Coinco,Rio Rapel,288,-34.30053724,-71.01677031
06012025-0,Apr Idahuillo,Calidad de Aguas,Vigentes,Región del Libertador General Bernardo O'Higgins,Comuna de Coltauco,Rio Rapel,261,-34.29276304,-71.10372026
06012026-9,Apr Lo De Cuevas,Calidad de Aguas,Vigentes,Región del Libertador General Bernardo O'Higgins,Comuna de Coltauco,Rio Rapel,307,-34.23932559,-71.00350761
06012027-7,Apr Monte Grande,Calidad de Aguas,Vigentes,Región del Libertador General Bernardo O'Higgins,Comuna de Coltauco,Rio Rapel,298,-34.27659392,-71.01869626
06012028-5,Apr Rinconada De Parral Pozo N°2,Calidad de Aguas,Vigentes,Región del Libertador General Bernardo O'Higgins,Comuna de Coltauco,Rio Rapel,286,-34.24672212,-71.07964253
06012029-3,Dmc Doñihue,Meteorológicas,Suspendidas,Región del Libertador General Bernardo O'Higgins,Comuna de Coltauco,Rio Rapel,330,-34.21500213,-70.99834042
06012030-7,Apr Union Polonia,Calidad de Aguas,Vigentes,Región del Libertador General Bernardo O'Higgins,Comuna de Doñihue,Rio Rapel,0,-34.19941312,-70.94046937
06012031-5,Rio Cachapoal Ante Junta Rio Claro,Fluviométricas,Vigentes,Región del Libertador General Bernardo O'Higgins,Comuna de Coltauco,Rio Rapel,215,-34.38417138,-71.14666683
06013001-9,Rio Claro En Hacienda Las Nieves,Fluviométricas,Vigentes,Región del Libertador General Bernardo O'Higgins,Comuna de Rengo,Rio Rapel,720,-34.49621062,-70.70473898
06013003-5,Rio Claro De Rengo En Panamericana (Ca),Calidad de Aguas,Suspendidas,Región del Libertador General Bernardo O'Higgins,Comuna de Rengo,Rio Rapel,310,-34.37630415,-70.85776177
06013004-3,Rio Claro De Rengo Despues Embalse Cristal,Calidad de Aguas,Suspendidas,Región del Libertador General Bernardo O'Higgins,Comuna de Rengo,Rio Rapel,650,-34.48721296,-70.718821
06013005-1,Popeta,Meteorológicas,Vigentes,Región del Libertador General Bernardo O'Higgins,Comuna de Rengo,Rio Rapel,480,-34.44021742,-70.78118741
06013006-K,Central Las Nieves,Meteorológicas,Suspendidas,Región del Libertador General Bernardo O'Higgins,Comuna de Rengo,Rio Rapel,700,-34.4927623,-70.70953669
06013007-8,A.P. Popeta,Control de Nivel,Vigentes,Región del Libertador General Bernardo O'Higgins,Comuna de Rengo,Rio Rapel,491,-34.44305709,-70.78184629
06013008-6,Laguna Los Cristales,Meteorológicas,Vigentes,Región del Libertador General Bernardo O'Higgins,Comuna de Rengo,Rio Rapel,2343,-34.56110112,-70.50979893
06013009-4,Apr Chanqueahue,Calidad de Aguas,Vigentes,Región del Libertador General Bernardo O'Higgins,Comuna de Rengo,Rio Rapel,469,-34.41434813,-70.78862441
06014001-4,Estero Tipaume En Puente Panamericana,Calidad de Aguas,Suspendidas,Región del Libertador General Bernardo O'Higgins,Comuna de Rengo,Rio Rapel,310,-34.36570362,-70.84683916
06014002-2,Estero Calabozo En Panamericana (Ca),Calidad de Aguas,Suspendidas,Región del Libertador General Bernardo O'Higgins,Comuna de Rengo,Rio Rapel,310,-34.3533668,-70.85234138
06014003-0,Asentamiento Santa Anita,Control de Nivel,Vigentes,Región del Libertador General Bernardo O'Higgins,Comuna de Requínoa,Rio Rapel,387,-34.3323724,-70.75465489
06014008-1,P. La Ariana,Control de Nivel,Vigentes,Región del Libertador General Bernardo O'Higgins,Comuna de Rengo,Rio Rapel,364,-34.38048246,-70.81122067
06014009-K,Apr Huilquio,Calidad de Aguas,Vigentes,Región del Libertador General Bernardo O'Higgins,Comuna de Rengo,Rio Rapel,390,-34.38775801,-70.77871571
06014010-3,Apr Totihue,Calidad de Aguas,Vigentes,Región del Libertador General Bernardo O'Higgins,Comuna de Requínoa,Rio Rapel,376,-34.33645712,-70.76468583
06014011-1,Apr Santa Amalia,Calidad de Aguas,Vigentes,Región del Libertador General Bernardo O'Higgins,Comuna de Requínoa,Rio Rapel,0,-34.30051649,-70.80547086
06014012-K,Apr Los Boldos,Calidad de Aguas,Vigentes,Región del Libertador General Bernardo O'Higgins,Comuna de Requínoa,Rio Rapel,0,-34.31896662,-70.76890568
06015001-K,Rio Claro En Tunca,Calidad de Aguas,Vigentes,Región del Libertador General Bernardo O'Higgins,Comuna de San Vicente,Rio Rapel,480,-34.38571447,-71.10194345
06015002-8,Rio Claro De Rengo Antes Rio Cachapoal,Calidad de Aguas,Suspendidas,Región del Libertador General Bernardo O'Higgins,Comuna de Coltauco,Rio Rapel,180,-34.40054146,-71.13344498
06015003-6,Rengo,Meteorológicas,Vigentes,Región del Libertador General Bernardo O'Higgins,Comuna de Rengo,Rio Rapel,310,-34.38158869,-70.84519776
06015011-7,Industria Ticino,Control de Nivel,Vigentes,Región del Libertador General Bernardo O'Higgins,Comuna de Rengo,Rio Rapel,347,-34.4037241,-70.841637
06015012-5,Pueblo Panquehue,Control de Nivel,Vigentes,Región del Libertador General Bernardo O'Higgins,Comuna de Malloa,Rio Rapel,287,-34.41008869,-70.91853916
06015013-3,A.P. Quinta De Tilcoco,Control de Nivel,Vigentes,Región del Libertador General Bernardo O'Higgins,Comuna de Quinta de Tilcoco,Rio Rapel,286,-34.35726894,-70.9640734
06015017-6,Pueblo Cartagena,Control de Nivel,Vigentes,Región del Libertador General Bernardo O'Higgins,Comuna de Rengo,Rio Rapel,317,-34.38280775,-70.86647539
06015018-4,Viña Santa Lucia,Control de Nivel,Suspendidas,Región del Libertador General Bernardo O'Higgins,Comuna de Rengo,Rio Rapel,316,-34.41083775,-70.8660536
06015019-2,Pueblo Toquihua,Control de Nivel,Vigentes,Región del Libertador General Bernardo O'Higgins,Comuna de San Vicente,Rio Rapel,217,-34.37256596,-71.12248133
06015020-6,Vinicola Rengo S.A.,Calidad de Aguas,Vigentes,Región del Libertador General Bernardo O'Higgins,Comuna de Rengo,Rio Rapel,312,-34.42164789,-70.86551042
06015021-4,Apr Colonia Esmeralda,Calidad de Aguas,Vigentes,Región del Libertador General Bernardo O'Higgins,Comuna de Rengo,Rio Rapel,324,-34.34683701,-70.90473665
06015022-2,Apr La Estacada Alto Del Río Planta N1,Calidad de Aguas,Vigentes,Región del Libertador General Bernardo O'Higgins,Comuna de Quinta de Tilcoco,Rio Rapel,244,-34.35887001,-71.02678874
06015023-0,Apr Las Vegas,Calidad de Aguas,Vigentes,Región del Libertador General Bernardo O'Higgins,Comuna de Rengo,Rio Rapel,281,-34.38942989,-70.9398201
06015024-9,Apr Panquehue De Malloa Ltda.Pozo 2,Calidad de Aguas,Vigentes,Región del Libertador General Bernardo O'Higgins,Comuna de Malloa,Rio Rapel,287,-34.41053221,-70.92130169
06015025-7,Apr Pueblo Hundido,Calidad de Aguas,Vigentes,Región del Libertador General Bernardo O'Higgins,Comuna de Rengo,Rio Rapel,312,-34.37921793,-70.87951105
06015026-5,Apr San Pedro La Puntilla,Calidad de Aguas,Vigentes,Región del Libertador General Bernardo O'Higgins,Comuna de Malloa,Rio Rapel,274,-34.41029959,-70.9513658
06015027-3,Apr Tunca,Calidad de Aguas,Vigentes,Región del Libertador General Bernardo O'Higgins,Comuna de San Vicente,Rio Rapel,210,-34.38609633,-71.09650441
06015028-1,Apr Guacarhue,Calidad de Aguas,Vigentes,Región del Libertador General Bernardo O'Higgins,Comuna de Quinta de Tilcoco,Rio Rapel,0,-34.34818235,-71.01223642
06016001-5,Estero Antivero En Panamericana (Ca),Calidad de Aguas,Suspendidas,Región del Libertador General Bernardo O'Higgins,Comuna de San Fernando,Rio Rapel,345,-34.59252567,-70.97168877
06016002-3,Estero Antivero Despues Estero Charquican,Calidad de Aguas,Suspendidas,Región del Libertador General Bernardo O'Higgins,Comuna de San Fernando,Rio Rapel,275,-34.52002454,-70.96901972
06016003-1,Estero Antivero En El Tambo (Ca),Calidad de Aguas,Suspendidas,Región del Libertador General Bernardo O'Higgins,Comuna de San Fernando,Rio Rapel,0,-34.5172125,-70.98344091
06016004-K,San Fernando,Meteorológicas,Vigentes,Región del Libertador General Bernardo O'Higgins,Comuna de San Fernando,Rio Rapel,350,-34.59984912,-70.96707522
06016009-0,A.P. San Fernando,Control de Nivel,Suspendidas,Región del Libertador General Bernardo O'Higgins,Comuna de San Fernando,Rio Rapel,0,-34.59777123,-70.96677544
06016010-4,A.P. San Fernando,Control de Nivel,Vigentes,Región del Libertador General Bernardo O'Higgins,Comuna de San Fernando,Rio Rapel,361,-34.59936741,-70.96731464
06016015-5,Enap San Fernando,Control de Nivel,Vigentes,Región del Libertador General Bernardo O'Higgins,Comuna de San Fernando,Rio Rapel,375,-34.61199396,-70.95922649
06016016-3,Apr La Paloma,Calidad de Aguas,Vigentes,Región del Libertador General Bernardo O'Higgins,Comuna de San Fernando,Rio Rapel,327,-34.55676505,-70.95165303
06016017-1,Apr La Ensenada,Calidad de Aguas,Vigentes,Región del Libertador General Bernardo O'Higgins,Comuna de Malloa,Rio Rapel,274,-34.501186,-70.9552136
06016018-K,Apr Union Polonia,Calidad de Aguas,Vigentes,Región del Libertador General Bernardo O'Higgins,Comuna de San Fernando,Rio Rapel,0,-34.58529378,-70.9795415
06016019-8,Apr Roma-San Jose De Los Lingues,Calidad de Aguas,Vigentes,Región del Libertador General Bernardo O'Higgins,Comuna de San Fernando,Rio Rapel,0,-34.5785715,-70.90972564
06016020-1,Apr Roma Arriba-La Marinana,Calidad de Aguas,Vigentes,Región del Libertador General Bernardo O'Higgins,Comuna de San Fernando,Rio Rapel,0,-34.6123278,-70.9252426
06017001-0,Estero Maqui En Panamericana (Ca),Calidad de Aguas,Suspendidas,Región del Libertador General Bernardo O'Higgins,Comuna de Malloa,Rio Rapel,275,-34.47054742,-70.90216568
06017002-9,A.P. Pelequen,Control de Nivel,Suspendidas,Región del Libertador General Bernardo O'Higgins,Comuna de Malloa,Rio Rapel,0,-34.4705376,-70.89815909
06017003-7,A.P. Pelequen,Control de Nivel,Vigentes,Región del Libertador General Bernardo O'Higgins,Comuna de Malloa,Rio Rapel,287,-34.47371551,-70.89789357
06017004-5,Pozo Viña Santa Lucia,Calidad de Aguas,Suspendidas,Región del Libertador General Bernardo O'Higgins,Comuna de San Fernando,Rio Rapel,0,-34.50137865,-70.86801506
06017005-3,Apr Rigolemu-Cuenca-Los Maquis,Calidad de Aguas,Vigentes,Región del Libertador General Bernardo O'Higgins,Comuna de San Fernando,Rio Rapel,0,-34.48056549,-70.90500627
06018001-6,Estero Zamorano En Puente El Niche,Fluviométricas,Vigentes,Región del Libertador General Bernardo O'Higgins,Comuna de San Vicente,Rio Rapel,900,-34.43446088,-71.16974822
06018005-9,Estero Zamorano En San Vicente De T-T (C,Calidad de Aguas,Suspendidas,Región del Libertador General Bernardo O'Higgins,Comuna de San Vicente,Rio Rapel,205,-34.44542182,-71.07274802
06018006-7,Estero Zamorano En Desembocadura (Ca),Calidad de Aguas,Suspendidas,Región del Libertador General Bernardo O'Higgins,Comuna de San Vicente,Rio Rapel,150,-34.4172958,-71.17880218
06018007-5,Estero Zamorano En Pencahue (Ca),Calidad de Aguas,Vigentes,Región del Libertador General Bernardo O'Higgins,Comuna de San Vicente,Rio Rapel,150,-34.42535473,-71.17938127
06018008-3,Estero Zamorano En El Tambo (Ca),Calidad de Aguas,Suspendidas,Región del Libertador General Bernardo O'Higgins,Comuna de Malloa,Rio Rapel,0,-34.46720731,-70.8667633
06018009-1,Viña Vieja,Meteorológicas,Suspendidas,Región del Libertador General Bernardo O'Higgins,Comuna de San Vicente,Rio Rapel,220,-34.45220476,-71.05066856
06018010-5,Millahue,Meteorológicas,Vigentes,Región del Libertador General Bernardo O'Higgins,Comuna de San Vicente,Rio Rapel,200,-34.52452957,-71.20696231
06018013-K,Asentamiento Millahue,Control de Nivel,Vigentes,Región del Libertador General Bernardo O'Higgins,Comuna de San Vicente,Rio Rapel,209,-34.51528381,-71.19722059
06018015-6,Pueblo Rastrojos,Control de Nivel,Vigentes,Región del Libertador General Bernardo O'Higgins,Comuna de San Vicente,Rio Rapel,235,-34.4644024,-71.02043241
06018017-2,A.P. San Vicente,Control de Nivel,Suspendidas,Región del Libertador General Bernardo O'Higgins,Comuna de San Vicente,Rio Rapel,0,-34.43803955,-71.06677628
06018018-0,San Vicente Ap 2,Control de Nivel,Vigentes,Región del Libertador General Bernardo O'Higgins,Comuna de San Vicente,Rio Rapel,218,-34.44012876,-71.06799218
06018019-9,Pozo Nogales En Fundo San Vicente En Quilamuta,Calidad de Aguas,Suspendidas,Región Metropolitana de Santiago,Comuna de Alhué,Rio Rapel,0,-34.06914481,-71.25874164
06018020-2,Apr El Niche,Control de Nivel,Vigentes,Región del Libertador General Bernardo O'Higgins,Comuna de San Vicente,Rio Rapel,188,-34.44229933,-71.16903681
06018021-0,Apr Idahue San Vicente,Calidad de Aguas,Vigentes,Región del Libertador General Bernardo O'Higgins,Comuna de San Vicente,Rio Rapel,204,-34.4791203,-71.20229228
06018022-9,Apr Los Maitenes De Tagua Tagua El Inca,Calidad de Aguas,Vigentes,Región del Libertador General Bernardo O'Higgins,Comuna de San Vicente,Rio Rapel,206,-34.45432678,-71.10771079
06018023-7,Apr Pencahue Bajo,Control de Nivel,Vigentes,Región del Libertador General Bernardo O'Higgins,Comuna de San Vicente,Rio Rapel,190,-34.43017093,-71.15845167
06018024-5,Apr Juan Nuñez Valenzuela Planta 2,Control de Nivel,Vigentes,Región del Libertador General Bernardo O'Higgins,Comuna de San Vicente,Rio Rapel,201,-34.44175573,-71.12919274
06018025-3,Apr Juan Nuñez Valenzuela Planta N1,Calidad de Aguas,Vigentes,Región del Libertador General Bernardo O'Higgins,Comuna de San Vicente,Rio Rapel,198,-34.44526647,-71.13622522
06018026-1,Apr La Puntilla Pueblo De Indios,Calidad de Aguas,Vigentes,Región del Libertador General Bernardo O'Higgins,Comuna de San Vicente,Rio Rapel,221,-34.43852704,-71.05604744
06018027-K,Apr Rastrojos,Calidad de Aguas,Vigentes,Región del Libertador General Bernardo O'Higgins,Comuna de San Vicente,Rio Rapel,235,-34.46512987,-71.01951376
06018028-8,Apr Requegua,Calidad de Aguas,Vigentes,Región del Libertador General Bernardo O'Higgins,Comuna de San Vicente,Rio Rapel,244,-34.44522882,-70.99107525
06019001-1,Rio Cachapoal Despues Rio Claro De Rengo,Calidad de Aguas,Suspendidas,Región del Libertador General Bernardo O'Higgins,Comuna de San Vicente,Rio Rapel,180,-34.42052986,-71.13551947
06019002-K,Rio Cachapoal En Puente Codao (Ca),Calidad de Aguas,Suspendidas,Región del Libertador General Bernardo O'Higgins,Comuna de Pichidegua,Rio Rapel,162,-34.38165456,-71.24173357
06019003-8,Rio Cachapoal En Puente Arqueado (Ca),Meteorológicas,Vigentes,Región del Libertador General Bernardo O'Higgins,Comuna de Las Cabras,Rio Rapel,115,-34.27421819,-71.36883239
06019004-6,Rio Cachapoal En El Carmen,Calidad de Aguas,Suspendidas,Región del Libertador General Bernardo O'Higgins,Comuna de Las Cabras,Rio Rapel,115,-34.26912066,-71.39083198
06019005-4,Pichidegua,Meteorológicas,Vigentes,Región del Libertador General Bernardo O'Higgins,Comuna de Pichidegua,Rio Rapel,110,-34.28760839,-71.41123297
06019007-0,Pozo Estadio Peumo,Control de Nivel,Vigentes,Región del Libertador General Bernardo O'Higgins,Comuna de Peumo,Rio Rapel,185,-34.39517571,-71.16226193
06019013-5,A.P. Las Cabras,Control de Nivel,Vigentes,Región del Libertador General Bernardo O'Higgins,Comuna de Peumo,Rio Rapel,142,-34.30165874,-71.29995469
06019014-3,Fundo Las Juntas,Control de Nivel,Vigentes,Región del Libertador General Bernardo O'Higgins,Comuna de Pichidegua,Rio Rapel,116,-34.28774827,-71.40870616
06019017-8,Embalse Rapel En Sector Las Balsas,Lagos y Embalses,Vigentes,Región del Libertador General Bernardo O'Higgins,Comuna de Las Cabras,Rio Rapel,0,-34.17968462,-71.47582571
06019018-6,Apr El Patagual 1,Calidad de Aguas,Vigentes,Región del Libertador General Bernardo O'Higgins,Comuna de Pichidegua,Rio Rapel,127,-34.29831207,-71.39458144
06019019-4,Apr El Patagual 2,Calidad de Aguas,Vigentes,Región del Libertador General Bernardo O'Higgins,Comuna de Pichidegua,Rio Rapel,127,-34.30776023,-71.36956803
06019020-8,Apr La Esperanza,Calidad de Aguas,Vigentes,Región del Libertador General Bernardo O'Higgins,Comuna de Peumo,Rio Rapel,148,-34.30220512,-71.27068003
06019021-6,Apr Los Romos La Pedrina,Calidad de Aguas,Vigentes,Región del Libertador General Bernardo O'Higgins,Comuna de Pichidegua,Rio Rapel,139,-34.34118387,-71.33707543
06019022-4,Apr Pataguas Orilla,Calidad de Aguas,Vigentes,Región del Libertador General Bernardo O'Higgins,Comuna de Pichidegua,Rio Rapel,134,-34.30747901,-71.34012801
06020001-7,Termas Del Flaco,Nivométricas,Vigentes,Región del Libertador General Bernardo O'Higgins,Comuna de San Fernando,Rio Rapel,2650,-34.89166568,-70.32980035
06021001-2,El Flaco,Meteorológicas,Suspendidas,Región del Libertador General Bernardo O'Higgins,Comuna de San Fernando,Rio Rapel,1747,-34.95666865,-70.43730138
06023000-5,Glaciar Universidad En Rio San Andres,Glaciológicas,Vigentes,Región del Libertador General Bernardo O'Higgins,Comuna de San Fernando,Rio Rapel,2429,-34.7202725,-70.3592438
06025001-4,Rio Tinguiririca Aguas Abajo Junta Rio Azufre,Fluviométricas,Suspendidas,Región del Libertador General Bernardo O'Higgins,Comuna de San Fernando,Rio Rapel,1024,-34.8169318,-70.56425199
06027001-5,Rio Claro En El Valle,Meteorológicas,Vigentes,Región del Libertador General Bernardo O'Higgins,Comuna de San Fernando,Rio Rapel,476,-34.69198122,-70.87639273
06027002-3,Rio Claro En Puente Negro,Calidad de Aguas,Suspendidas,Región del Libertador General Bernardo O'Higgins,Comuna de San Fernando,Rio Rapel,0,-34.68573535,-70.87916607
06027003-1,La Rufina,Meteorológicas,Vigentes,Región del Libertador General Bernardo O'Higgins,Comuna de San Fernando,Rio Rapel,743,-34.74301114,-70.75183658
06028001-0,Rio Tinguiririca Bajo Los Briones,Calidad de Aguas,Vigentes,Región del Libertador General Bernardo O'Higgins,Comuna de San Fernando,Rio Rapel,560,-34.71821305,-70.82631939
06028002-9,Rio Tinguiririca Antes Rio Claro (Pte Negro),Calidad de Aguas,Suspendidas,Región del Libertador General Bernardo O'Higgins,Comuna de San Fernando,Rio Rapel,480,-34.66721731,-70.86676563
06030001-1,Rio Tinguiririca En Panamericana,Calidad de Aguas,Suspendidas,Región del Libertador General Bernardo O'Higgins,Comuna de San Fernando,Rio Rapel,350,-34.61500407,-70.98827328
06030002-K,Pozo Pueblo Tres Puentes,Control de Nivel,Vigentes,Región del Libertador General Bernardo O'Higgins,Comuna de Chimbarongo,Rio Rapel,422,-34.65460942,-70.93745826
06030003-8,Pueblo Tinguiririca,Control de Nivel,Suspendidas,Región del Libertador General Bernardo O'Higgins,Comuna de Chimbarongo,Rio Rapel,0,-34.65887971,-70.95010575
06030004-6,Fundo La Macarena,Control de Nivel,Vigentes,Región del Libertador General Bernardo O'Higgins,Comuna de Chimbarongo,Rio Rapel,405,-34.67574734,-70.9541354
06030006-2,Vigna Santa Elisa,Control de Nivel,Suspendidas,Región del Libertador General Bernardo O'Higgins,Comuna de Chimbarongo,Rio Rapel,0,-34.7122181,-71.03177038
06030007-0,Asentamiento La Tuna,Control de Nivel,Vigentes,Región del Libertador General Bernardo O'Higgins,Comuna de Placilla,Rio Rapel,285,-34.62943733,-71.05737745
06030008-9,Pueblo Cuesta Gonzalez,Control de Nivel,Vigentes,Región del Libertador General Bernardo O'Higgins,Comuna de Chimbarongo,Rio Rapel,361,-34.65360214,-70.99817425
06030009-7,Inacap San Fernando,Control de Nivel,Vigentes,Región del Libertador General Bernardo O'Higgins,Comuna de San Fernando,Rio Rapel,356,-34.60324305,-70.98131958
06030010-0,A.P. Peñuelas,Control de Nivel,Vigentes,Región del Libertador General Bernardo O'Higgins,Comuna de Placilla,Rio Rapel,320,-34.60776554,-71.02761862
06030011-9,Aprsan José De Peñuelas,Calidad de Aguas,Vigentes,Región del Libertador General Bernardo O'Higgins,Comuna de Placilla,Rio Rapel,320,-34.60772731,-71.02774855
06030012-7,Apr Villa Alegre San Luis Taulemu,Calidad de Aguas,Vigentes,Región del Libertador General Bernardo O'Higgins,Comuna de Placilla,Rio Rapel,283,-34.6140186,-71.06918882
06030013-5,Apr Quicharco,Calidad de Aguas,Vigentes,Región del Libertador General Bernardo O'Higgins,Comuna de Chimbarongo,Rio Rapel,0,-34.67528656,-70.91501042
06030014-3,Rio Tinguiririca En Puente Ruta 90,Fluviométricas,Vigentes,Región del Libertador General Bernardo O'Higgins,Comuna de San Fernando,Rio Rapel,350,-34.61472783,-70.9902842
06031001-7,A.P. Nancagua,Control de Nivel,Vigentes,Región del Libertador General Bernardo O'Higgins,Comuna de Nancagua,Rio Rapel,225,-34.64796596,-71.18578198
06031003-3,Fundo Santa Eugenia,Control de Nivel,Suspendidas,Región del Libertador General Bernardo O'Higgins,Comuna de Nancagua,Rio Rapel,0,-34.64999138,-71.23122983
06031006-8,Apr Yaquil,Calidad de Aguas,Vigentes,Región del Libertador General Bernardo O'Higgins,Comuna de Nancagua,Rio Rapel,240,-34.62359895,-71.16290485
06032001-2,Estero Chimbarongo En Puente Huemul (Ca),Calidad de Aguas,Vigentes,Región del Libertador General Bernardo O'Higgins,Comuna de Chimbarongo,Rio Rapel,0,-34.85751426,-70.97110222
06032002-0,Pueblo Codegua,Control de Nivel,Vigentes,Región del Libertador General Bernardo O'Higgins,Comuna de Chimbarongo,Rio Rapel,335,-34.77724957,-70.94793782
06032003-9,Apr Las Liras,Calidad de Aguas,Vigentes,Región del Maule,Comuna de Teno,Rio Rapel,0,-34.86500005,-71.01873188
06033001-8,Estero Chimbarongo En Convento Viejo,Calidad de Aguas,Suspendidas,Región del Libertador General Bernardo O'Higgins,Comuna de Chimbarongo,Rio Rapel,245,-34.77223061,-71.11985099
06033002-6,Estero Chimbarongo En Panamericana (Ca),Calidad de Aguas,Suspendidas,Región del Maule,Comuna de Teno,Rio Rapel,275,-34.79392756,-71.04580617
06033003-4,Estero Chimbarongo En Quinta (Ca),Calidad de Aguas,Suspendidas,Región del Libertador General Bernardo O'Higgins,Comuna de Chimbarongo,Rio Rapel,255,-34.78667948,-71.10236474
06033005-0,A.P. Chimbarongo,Control de Nivel,Vigentes,Región del Libertador General Bernardo O'Higgins,Comuna de Chimbarongo,Rio Rapel,342,-34.67929886,-71.01562079
06033007-7,Fundo San Enrique,Control de Nivel,Suspendidas,Región del Libertador General Bernardo O'Higgins,Comuna de Chimbarongo,Rio Rapel,0,-34.75224241,-70.98569208
06033008-5,A.P. San Enrique,Control de Nivel,Vigentes,Región del Libertador General Bernardo O'Higgins,Comuna de Chimbarongo,Rio Rapel,347,-34.73528599,-70.97778327
06033009-3,Canal Teno En Km. 13.465,Fluviométricas,Vigentes,Región del Libertador General Bernardo O'Higgins,Comuna de Chimbarongo,Rio Mataquito,285,-34.81760283,-71.10237419
06033010-7,Pozo San Enrique,Calidad de Aguas,Vigentes,Región del Libertador General Bernardo O'Higgins,Comuna de Chimbarongo,Rio Rapel,0,-34.73470492,-70.98080553
06033011-5,Estero Chimbarongo En Ruta 5,Fluviométricas,Vigentes,Región del Maule,Comuna de Teno,Rio Rapel,275,-34.79274353,-71.0481266
06033012-3,Apr Colonia De Quinta,Calidad de Aguas,Suspendidas,Región del Libertador General Bernardo O'Higgins,Comuna de Chimbarongo,Rio Rapel,275,-34.8010401,-71.06878158
06033013-1,Apr Union Peor Es Nada El Rincon,Calidad de Aguas,Vigentes,Región del Libertador General Bernardo O'Higgins,Comuna de Chimbarongo,Rio Rapel,284,-34.79167252,-71.04479967
06033014-K,Apr El Quelmen-Ran Rafael,Calidad de Aguas,Vigentes,Región del Maule,Comuna de Teno,Rio Mataquito,0,-34.83372001,-71.09783086
06033015-8,Apr El Cisne,Calidad de Aguas,Vigentes,Región Metropolitana de Santiago,Comuna de Alhué,Rio Rapel,0,-34.08830906,-71.06484646
06033016-6,Apr San Juan De La Sierra,Calidad de Aguas,Vigentes,Región del Libertador General Bernardo O'Higgins,Comuna de Chimbarongo,Rio Rapel,0,-34.69472713,-70.92861221
06033017-4,Embalse Convento Viejo (Lm),Lagos y Embalses,Vigentes,Región del Libertador General Bernardo O'Higgins,Comuna de Chimbarongo,Rio Rapel,0,-34.75639738,-71.13028246
06034001-3,Estero Chimbarongo En Santa Cruz,Calidad de Aguas,Suspendidas,Región del Libertador General Bernardo O'Higgins,Comuna de Santa Cruz,Rio Rapel,225,-34.62720282,-71.3514834
06034002-1,Estero Chimbarongo En Pte. Maquis (Ca),Calidad de Aguas,Vigentes,Región del Libertador General Bernardo O'Higgins,Comuna de Palmilla,Rio Rapel,0,-34.5637086,-71.37611021
06034003-K,Convento Viejo,Meteorológicas,Vigentes,Región del Libertador General Bernardo O'Higgins,Comuna de Chépica,Rio Rapel,239,-34.76951003,-71.13314328
06034004-8,Paniahue,Meteorológicas,Suspendidas,Región del Libertador General Bernardo O'Higgins,Comuna de Santa Cruz,Rio Rapel,170,-34.61749261,-71.35011887
06034005-6,Pueblo Convento Viejo,Control de Nivel,Vigentes,Región del Libertador General Bernardo O'Higgins,Comuna de Chépica,Rio Rapel,251,-34.76897816,-71.13314051
06034010-2,Pueblo Cunaco,Control de Nivel,Vigentes,Región del Libertador General Bernardo O'Higgins,Comuna de Nancagua,Rio Rapel,191,-34.65182646,-71.28545641
06034017-K,Pozo Asentamiento La Puerta,Control de Nivel,Vigentes,Región del Libertador General Bernardo O'Higgins,Comuna de Santa Cruz,Rio Rapel,165,-34.60945993,-71.38079379
06034018-8,Asentamiento La Palma,Control de Nivel,Suspendidas,Región del Libertador General Bernardo O'Higgins,Comuna de Chépica,Rio Rapel,0,-34.71721767,-71.20511664
06034019-6,Apr Cooperativa Pueblo Auquinco,Control de Nivel,Vigentes,Región del Libertador General Bernardo O'Higgins,Comuna de Chépica,Rio Rapel,228,-34.76326353,-71.19742658
06034020-K,Isla Del Guindo,Control de Nivel,Vigentes,Región del Libertador General Bernardo O'Higgins,Comuna de Nancagua,Rio Rapel,184,-34.65719097,-71.2883204
06034021-8,La Palma A.P.R.,Control de Nivel,Vigentes,Región del Libertador General Bernardo O'Higgins,Comuna de Chépica,Rio Rapel,216,-34.72378514,-71.20588073
06034022-6,Estero Chimbarongo Bajo Embalse Convento Viejo,Fluviométricas,Vigentes,Región del Libertador General Bernardo O'Higgins,Comuna de Chimbarongo,Rio Rapel,245,-34.76780802,-71.14431969
06034023-4,Estero Chimbarongo En Puente El Huape,Fluviométricas,Vigentes,Región del Libertador General Bernardo O'Higgins,Comuna de Nancagua,Rio Rapel,184,-34.65806574,-71.30170968
06034024-2,Apr Paredones De Auquinco,Calidad de Aguas,Suspendidas,Región del Libertador General Bernardo O'Higgins,Comuna de Chépica,Rio Rapel,0,-34.77473603,-71.16597973
06034025-0,Apr San Gregorio,Calidad de Aguas,Vigentes,Región del Libertador General Bernardo O'Higgins,Comuna de Nancagua,Rio Rapel,204,-34.65341218,-71.25014114
06035001-9,Rio Tinguiririca En Los Olmos (Ca),Fluviométricas,Vigentes,Región del Libertador General Bernardo O'Higgins,Comuna de Palmilla,Rio Rapel,223,-34.49894575,-71.3759363
06035003-5,Asentamiento El Triunfo,Control de Nivel,Suspendidas,Región del Libertador General Bernardo O'Higgins,Comuna de Palmilla,Rio Rapel,0,-34.49998391,-71.3356745
06035005-1,Asentamiento Las Garzas,Control de Nivel,Vigentes,Región del Libertador General Bernardo O'Higgins,Comuna de Palmilla,Rio Rapel,151,-34.53151513,-71.38902966
06035007-8,Apr La Arboleda Valle Hermoso,Control de Nivel,Vigentes,Región del Libertador General Bernardo O'Higgins,Comuna de Palmilla,Rio Rapel,150,-34.51540793,-71.33197715
06035008-6,Apr El Barco,Calidad de Aguas,Vigentes,Región del Libertador General Bernardo O'Higgins,Comuna de Peralillo,Rio Rapel,140,-34.46470582,-71.39989151
06035009-4,Apr San José De Huique,Calidad de Aguas,Vigentes,Región del Libertador General Bernardo O'Higgins,Comuna de Palmilla,Rio Rapel,152,-34.51915372,-71.37013839
06036001-4,La Candelaria,Meteorológicas,Vigentes,Región del Libertador General Bernardo O'Higgins,Comuna de Chépica,Rio Rapel,213,-34.78072788,-71.41426749
06036002-2,A.P. Chepica,Control de Nivel,Vigentes,Región del Libertador General Bernardo O'Higgins,Comuna de Chépica,Rio Rapel,205,-34.73475676,-71.26772105
06036003-0,Apr Rinconada  De Jauregui,Calidad de Aguas,Vigentes,Región del Libertador General Bernardo O'Higgins,Comuna de Chépica,Rio Rapel,207,-34.76633722,-71.26094849
06036004-9,Apr San Antonio El Cuadro,Calidad de Aguas,Vigentes,Región del Libertador General Bernardo O'Higgins,Comuna de Chépica,Rio Rapel,214,-34.74986066,-71.23685174
06037003-6,Pueblo Quinahue,Control de Nivel,Vigentes,Región del Libertador General Bernardo O'Higgins,Comuna de Santa Cruz,Rio Rapel,188,-34.69390058,-71.31745898
06037004-4,Asentamiento La Patagua,Control de Nivel,Vigentes,Región del Libertador General Bernardo O'Higgins,Comuna de Santa Cruz,Rio Rapel,178,-34.67759104,-71.35558118
06037005-2,Pueblo La Finca,Control de Nivel,Vigentes,Región del Libertador General Bernardo O'Higgins,Comuna de Santa Cruz,Rio Rapel,157,-34.57995735,-71.4258728
06037009-5,Comite Camp. San Carlos,Control de Nivel,Vigentes,Región del Libertador General Bernardo O'Higgins,Comuna de Peralillo,Rio Rapel,140,-34.46888796,-71.42186901
06037010-9,Asentamiento San Corazon,Control de Nivel,Vigentes,Región del Libertador General Bernardo O'Higgins,Comuna de Peralillo,Rio Rapel,142,-34.51116811,-71.44141057
06037011-7,Apr Nenquen El Tambo La Puerta,Control de Nivel,Vigentes,Región del Libertador General Bernardo O'Higgins,Comuna de Santa Cruz,Rio Rapel,166,-34.61386412,-71.37361367
06037012-5,Apr La Finca Isla De Yaquil,Calidad de Aguas,Vigentes,Región del Libertador General Bernardo O'Higgins,Comuna de Santa Cruz,Rio Rapel,157,-34.57665493,-71.42374952
06037013-3,Apr La Mina,Calidad de Aguas,Vigentes,Región del Libertador General Bernardo O'Higgins,Comuna de Santa Cruz,Rio Rapel,194,-34.69850853,-71.28350873
06037014-1,Apr Las Arañas,Calidad de Aguas,Vigentes,Región del Libertador General Bernardo O'Higgins,Comuna de Chépica,Rio Rapel,205,-34.71573137,-71.25038748
06037015-K,Apr Lihueimo,Calidad de Aguas,Vigentes,Región del Libertador General Bernardo O'Higgins,Comuna de Palmilla,Rio Rapel,145,-34.51061284,-71.42902254
06038001-5,Rio Tinguiririca En Desembocadura  (Ca,Calidad de Aguas,Suspendidas,Región del Libertador General Bernardo O'Higgins,Comuna de Pichidegua,Rio Rapel,120,-34.28719948,-71.43554075
06040001-6,Villa Alhue,Meteorológicas,Vigentes,Región Metropolitana de Santiago,Comuna de Alhué,Rio Rapel,197,-34.03508454,-71.09411885
06040002-4,Apr El Asiento,Calidad de Aguas,Vigentes,Región Metropolitana de Santiago,Comuna de Alhué,Rio Rapel,337,-34.02331019,-70.99593547
06041001-1,Estero Alhue Antes Caren (Ca),Calidad de Aguas,Vigentes,Región Metropolitana de Santiago,Comuna de Alhué,Rio Rapel,0,-34.05841628,-71.22560058
06041002-K,Hacienda Polulo,Control de Nivel,Suspendidas,Región Metropolitana de Santiago,Comuna de Alhué,Rio Rapel,0,-34.02552884,-71.13177499
06041003-8,Fundo San Alfonso,Control de Nivel,Suspendidas,Región Metropolitana de Santiago,Comuna de Alhué,Rio Rapel,0,-34.06108888,-71.24817121
06041004-6,Fundo San Alfonso,Control de Nivel,Vigentes,Región Metropolitana de Santiago,Comuna de Alhué,Rio Rapel,136,-34.06409083,-71.24721049
06041005-4,Fundo San Alfonso,Control de Nivel,Suspendidas,Región Metropolitana de Santiago,Comuna de Alhué,Rio Rapel,0,-34.06080546,-71.24789289
06041006-2,Apr Barrancas E Pichi,Calidad de Aguas,Vigentes,Región Metropolitana de Santiago,Comuna de Alhué,Rio Rapel,285,-33.97274926,-71.06067336
06041007-0,Apr La Linea,Calidad de Aguas,Vigentes,Región Metropolitana de Santiago,Comuna de Alhué,Rio Rapel,147,-34.03193499,-71.21714369
06041008-9,Apr Las Hijuelas De Loncha,Calidad de Aguas,Vigentes,Región Metropolitana de Santiago,Comuna de Alhué,Rio Rapel,140,-34.0455898,-71.23384368
06041009-7,Apr Villa Alhue,Calidad de Aguas,Vigentes,Región de Valparaíso,Comuna de Olmué,Rio Aconcagua,180,-33.02439512,-71.09900216
06042001-7,Estero Caren Antes Alhue (Ca),Calidad de Aguas,Suspendidas,Región Metropolitana de Santiago,Comuna de Alhué,Rio Rapel,0,-34.0622264,-71.23028277
06042002-5,Efluente Tranque Caren (Ca),Calidad de Aguas,Suspendidas,Región Metropolitana de Santiago,Comuna de Alhué,Rio Rapel,0,-34.03386786,-70.88343637
06042003-3,Loncha,Meteorológicas,Suspendidas,Región Metropolitana de Santiago,Comuna de Alhué,Rio Rapel,210,-34.11720411,-71.10010942
06042004-1,Barrera Loncha,Meteorológicas,Vigentes,Región Metropolitana de Santiago,Comuna de Alhué,Rio Rapel,144,-34.07840324,-71.19515545
06042005-K,Fundo Santa Lucia,Control de Nivel,Vigentes,Región del Libertador General Bernardo O'Higgins,Comuna de Las Cabras,Rio Rapel,127,-34.07180708,-71.31765455
06042006-8,San Vicente De Quilamuta,Control de Nivel,Vigentes,Región Metropolitana de Santiago,Comuna de Alhué,Rio Rapel,133,-34.07207905,-71.26097564
06043001-2,Estero Alhue En Quilamuta,Calidad de Aguas,Vigentes,Región Metropolitana de Santiago,Comuna de Alhué,Rio Rapel,130,-34.06522064,-71.25001378
06043003-9,Fundo Santa Lucia,Control de Nivel,Suspendidas,Región del Libertador General Bernardo O'Higgins,Comuna de Las Cabras,Rio Rapel,0,-34.0741473,-71.31595226
06043004-7,Apr Santa Inés Santa Clarisa,Calidad de Aguas,Vigentes,Región del Libertador General Bernardo O'Higgins,Comuna de Las Cabras,Rio Rapel,115,-34.09552886,-71.36958376
06043005-5,Apr Valdebenito,Calidad de Aguas,Vigentes,Región del Libertador General Bernardo O'Higgins,Comuna de Las Cabras,Rio Rapel,119,-34.10081497,-71.34596341
06043006-3,Alhue Quilamuta,Meteorológicas,Vigentes,Región Metropolitana de Santiago,Comuna de Alhué,Rio Rapel,146,-34.06972319,-71.26111888
06044001-8,Cocalan,Meteorológicas,Vigentes,Región del Libertador General Bernardo O'Higgins,Comuna de Las Cabras,Rio Rapel,120,-34.2067802,-71.27895755
06044002-6,Apr San Vicente-Llaveria,Calidad de Aguas,Vigentes,Región del Libertador General Bernardo O'Higgins,Comuna de Las Cabras,Rio Rapel,0,-34.15957297,-71.3131316
06045001-3,Embalse Rapel En Sector Brazo Alhue,Lagos y Embalses,Vigentes,Región del Libertador General Bernardo O'Higgins,Comuna de Las Cabras,Rio Rapel,0,-34.13608185,-71.40942313
06051005-9,A.P. Poblacion,Control de Nivel,Vigentes,Región del Libertador General Bernardo O'Higgins,Comuna de Peralillo,Rio Rapel,141,-34.44850351,-71.55083575
06051006-7,Matadero Marchigue,Control de Nivel,Vigentes,Región del Libertador General Bernardo O'Higgins,Comuna de Marchihue,Rio Rapel,140,-34.39412072,-71.61925186
06051007-5,Criadero De Aves,Control de Nivel,Vigentes,Región del Libertador General Bernardo O'Higgins,Comuna de Marchihue,Rio Rapel,154,-34.35826843,-71.59343771
06051008-3,Asentamiento San Isidro,Control de Nivel,Vigentes,Región del Libertador General Bernardo O'Higgins,Comuna de Peralillo,Rio Rapel,136,-34.47113177,-71.49978677
06052004-6,La Estrella A.P.R.,Control de Nivel,Vigentes,Región del Libertador General Bernardo O'Higgins,Comuna de La Estrella,Rio Rapel,187,-34.21662957,-71.64419385
06052005-4,Apr Guadalao,Calidad de Aguas,Vigentes,Región del Libertador General Bernardo O'Higgins,Comuna de La Estrella,Rio Rapel,133,-34.26609496,-71.55153382
06053001-7,Lago Rapel En Llallauquen,Lagos y Embalses,Vigentes,Región del Libertador General Bernardo O'Higgins,Comuna de Las Cabras,Rio Rapel,120,-34.22886107,-71.45221347
06053002-5,Apr Llallanquen,Calidad de Aguas,Vigentes,Región del Libertador General Bernardo O'Higgins,Comuna de Las Cabras,Rio Rapel,127,-34.22154669,-71.44874542
06054001-2,Embalse Rapel En El Muro (Ca),Lagos y Embalses,Vigentes,Región del Libertador General Bernardo O'Higgins,Comuna de Litueche,Rio Rapel,125,-34.03718702,-71.5855464
06055001-8,Rio Rapel Despues Del Muro,Calidad de Aguas,Suspendidas,Región del Libertador General Bernardo O'Higgins,Comuna de Litueche,Rio Rapel,50,-34.03719153,-71.58832964
06055002-6,Rio Rapel En Corneche (Ca),Calidad de Aguas,Suspendidas,Región Metropolitana de Santiago,Comuna de San Pedro,Rio Rapel,16,-33.97051128,-71.6855524
06055003-4,Litueche,Meteorológicas,Vigentes,Región del Libertador General Bernardo O'Higgins,Comuna de Litueche,Rio Rapel,250,-34.11673147,-71.72951425
06055004-2,Inia Litueche,Control de Nivel,Vigentes,Región del Libertador General Bernardo O'Higgins,Comuna de Litueche,Costeras Rapel-E.Nilahue,292,-34.11488015,-71.798507
06055005-0,Litueche A.P.R.,Control de Nivel,Vigentes,Región del Libertador General Bernardo O'Higgins,Comuna de Litueche,Rio Rapel,238,-34.11226023,-71.72991243
06055006-9,Apr Caserío De Talca,Calidad de Aguas,Vigentes,Región del Libertador General Bernardo O'Higgins,Comuna de Litueche,Rio Rapel,236,-34.09914816,-71.70485925
06055007-7,Apr Quelentaro,Calidad de Aguas,Vigentes,Región del Libertador General Bernardo O'Higgins,Comuna de Litueche,Rio Rapel,0,-34.02561446,-71.54043303
06056001-3,Rio Rapel En Rapel,Calidad de Aguas,Suspendidas,Región del Libertador General Bernardo O'Higgins,Comuna de Navidad,Rio Rapel,7,-33.94029555,-71.75230269
06056002-1,Rio Rapel En Navidad (Ca),Calidad de Aguas,Vigentes,Región de Valparaíso,Comuna de Santo Domingo,Rio Rapel,0,-33.90733489,-71.80745394
06056003-K,Rapel,Meteorológicas,Vigentes,Región del Libertador General Bernardo O'Higgins,Comuna de Navidad,Rio Rapel,16,-33.94817081,-71.73428584
06056004-8,Pueblo De Rapel,Control de Nivel,Vigentes,Región del Libertador General Bernardo O'Higgins,Comuna de Navidad,Rio Rapel,24,-33.94296963,-71.73750505
06100000-3,Apr Pupuya,Calidad de Aguas,Vigentes,Región del Libertador General Bernardo O'Higgins,Comuna de Navidad,Costeras Rapel-E.Nilahue,35,-33.99914001,-71.84987054
06110000-8,Apr Garzas,Calidad de Aguas,Vigentes,Región del Libertador General Bernardo O'Higgins,Comuna de Marchihue,Costeras Rapel-E.Nilahue,213,-34.29762093,-71.78523449
06110001-6,Apr Paso El Soldado,Calidad de Aguas,Vigentes,Región del Libertador General Bernardo O'Higgins,Comuna de Litueche,Costeras Rapel-E.Nilahue,284,-34.11747797,-71.89099155
06120001-0,Pichilemu,Meteorológicas,Vigentes,Región del Libertador General Bernardo O'Higgins,Comuna de Pichilemu,Costeras Rapel-E.Nilahue,5,-34.38536638,-72.00752558
06120002-9,San Antonio De Petrel,Control de Nivel,Vigentes,Región del Libertador General Bernardo O'Higgins,Comuna de Pichilemu,Costeras Rapel-E.Nilahue,14,-34.39360588,-71.95911376
06120003-7,Pozo El Puesto O San Antonio De Petrel,Calidad de Aguas,Vigentes,Región del Libertador General Bernardo O'Higgins,Comuna de Pichilemu,Costeras Rapel-E.Nilahue,0,-34.39940846,-71.95586009
06120004-5,Laguna El Petrel-Zmax,Calidad de Aguas,Vigentes,Región del Libertador General Bernardo O'Higgins,Comuna de Pichilemu,Costeras Rapel-E.Nilahue,0,-34.37971276,-71.9918165
06120005-3,Laguna El Ancho-Zmax,Calidad de Aguas,Vigentes,Región del Libertador General Bernardo O'Higgins,Comuna de Pichilemu,Costeras Rapel-E.Nilahue,0,-34.39752311,-71.98706804
06120006-1,Laguna Los Perros-Zmax,Calidad de Aguas,Vigentes,Región del Libertador General Bernardo O'Higgins,Comuna de Pichilemu,Costeras Rapel-E.Nilahue,0,-34.44849338,-72.02796053
06130001-5,El Membrillo,Meteorológicas,Vigentes,Región del Libertador General Bernardo O'Higgins,Comuna de Lolol,Costeras Rapel-E.Nilahue,110,-34.80863503,-71.61244857
06130002-3,Ranguili,Meteorológicas,Vigentes,Región del Libertador General Bernardo O'Higgins,Comuna de Lolol,Costeras Rapel-E.Nilahue,120,-34.86645665,-71.74957598
06130003-1,La Palma,Meteorológicas,Vigentes,Región del Maule,Comuna de Hualañé,Costeras Rapel-E.Nilahue,120,-34.95194126,-71.58568862
06130004-K,Casa Silva 1,Control de Nivel,Vigentes,Región del Libertador General Bernardo O'Higgins,Comuna de Lolol,Costeras Rapel-E.Nilahue,97,-34.78199751,-71.70361293
06130005-8,Casa Silva 2,Control de Nivel,Vigentes,Región del Libertador General Bernardo O'Higgins,Comuna de Lolol,Costeras Rapel-E.Nilahue,103,-34.80052584,-71.7009944
06130006-6,Culenco,Control de Nivel,Vigentes,Región del Libertador General Bernardo O'Higgins,Comuna de Lolol,Costeras Rapel-E.Nilahue,124,-34.81184472,-71.69991034
06130007-4,Dmc Nilahue-La Quebrada,Meteorológicas,Suspendidas,Región del Libertador General Bernardo O'Higgins,Comuna de Pumanque,Costeras Rapel-E.Nilahue,100,-34.66194821,-71.73416851
06130008-2,Apr Ranguil,Calidad de Aguas,Vigentes,Región del Libertador General Bernardo O'Higgins,Comuna de Lolol,Costeras Rapel-E.Nilahue,0,-34.8130588,-71.60751681
06130009-0,Apr El Membrillo-Los Tricahues,Calidad de Aguas,Vigentes,Región del Libertador General Bernardo O'Higgins,Comuna de Lolol,Costeras Rapel-E.Nilahue,0,-34.81305588,-71.60723254
06130010-4,Pozo Nilahue Alto,Control de Nivel,Vigentes,Región del Maule,Comuna de Rauco,Costeras Rapel-E.Nilahue,180,-34.92416643,-71.51972749
06131001-0,Hacienda Lolol A.P.R.,Control de Nivel,Vigentes,Región del Libertador General Bernardo O'Higgins,Comuna de Lolol,Costeras Rapel-E.Nilahue,108,-34.71076412,-71.6002611
06131002-9,Apr Hacienda Lolol,Calidad de Aguas,Vigentes,Región del Libertador General Bernardo O'Higgins,Comuna de Lolol,Costeras Rapel-E.Nilahue,0,-34.70668221,-71.59807017
06131003-7,Apr La Lajuela-Panama-Los Maitenes-La Zona,Calidad de Aguas,Vigentes,Región del Libertador General Bernardo O'Higgins,Comuna de Santa Cruz,Costeras Rapel-E.Nilahue,0,-34.67445453,-71.46446174
06131004-5,Lolol,Meteorológicas,Vigentes,Región del Libertador General Bernardo O'Higgins,Comuna de Lolol,Costeras Rapel-E.Nilahue,429,-34.70667343,-71.59805898
06132001-6,Estero Nilahue En Santa Teresa,Fluviométricas,Vigentes,Región del Libertador General Bernardo O'Higgins,Comuna de Pumanque,Costeras Rapel-E.Nilahue,50,-34.57362494,-71.79386911
06132002-4,Nilahue Barahona,Meteorológicas,Vigentes,Región del Libertador General Bernardo O'Higgins,Comuna de Pumanque,Costeras Rapel-E.Nilahue,90,-34.57359968,-71.76650376
06132003-2,Pueblo Chico A.P.R.,Control de Nivel,Vigentes,Región del Libertador General Bernardo O'Higgins,Comuna de Pumanque,Costeras Rapel-E.Nilahue,97,-34.65922881,-71.74005738
06132004-0,Pumanque 1 Apr,Control de Nivel,Vigentes,Región del Libertador General Bernardo O'Higgins,Comuna de Pumanque,Costeras Rapel-E.Nilahue,112,-34.60568543,-71.65441355
06132005-9,Apr Ciruelos,Calidad de Aguas,Vigentes,Región del Libertador General Bernardo O'Higgins,Comuna de Pichilemu,Costeras Rapel-E.Nilahue,155,-34.47776866,-71.97321958
06132006-7,Cahuil,Lagos y Embalses,Vigentes,Región del Libertador General Bernardo O'Higgins,Comuna de Pichilemu,Costeras Rapel-E.Nilahue,8,-34.53306191,-71.98750413
06140000-1,Apr Paredones,Calidad de Aguas,Vigentes,Región del Libertador General Bernardo O'Higgins,Comuna de Paredones,Costeras Rapel-E.Nilahue,50,-34.64332704,-71.90432543
06140001-K,Apr Cutemu-La Quebrada,Calidad de Aguas,Vigentes,Región del Libertador General Bernardo O'Higgins,Comuna de Paredones,Costeras Rapel-E.Nilahue,0,-34.77417947,-71.8544618
07000001-6,Estero Pichibudi En Duao  (P.Pichibudi,Calidad de Aguas,Suspendidas,Región del Maule,Comuna de Licantén,Costeras entre limite Region y R.  Mataquito,5,-34.90386807,-72.16896524
07000002-4,Pozo 576 Duao (N Postes Electricos),Calidad de Aguas,Suspendidas,Región del Maule,Comuna de Licantén,Costeras entre limite Region y R.  Mataquito,10,-34.88719244,-72.168958
07000005-9,Pozo Sector Lago Vichuquen,Calidad de Aguas,Suspendidas,Región del Maule,Comuna de Vichuquén,Costeras entre limite Region y R.  Mataquito,0,-34.84968928,-72.02311851
07000006-7,Lago Vichuquen Estero Llico,Calidad de Aguas,Vigentes,Región del Maule,Comuna de Vichuquén,Costeras entre limite Region y R.  Mataquito,0,-34.82925358,-72.06789556
07000007-5,Lago Vichuquen Sector Bahia Vichuquen,Calidad de Aguas,Vigentes,Región del Maule,Comuna de Vichuquén,Costeras entre limite Region y R.  Mataquito,0,-34.83226226,-72.05291119
07000008-3,Lago Vichuquen En Estero Vichuquen,Calidad de Aguas,Vigentes,Región del Maule,Comuna de Vichuquén,Costeras entre limite Region y R.  Mataquito,0,-34.84402768,-72.02896391
07000009-1,Lago Vichuquen En Sector Centro,Calidad de Aguas,Vigentes,Región del Maule,Comuna de Vichuquén,Costeras entre limite Region y R.  Mataquito,0,-34.82010842,-72.06058
07000010-5,Laguna Torca Sector Centro,Calidad de Aguas,Vigentes,Región del Maule,Comuna de Vichuquén,Costeras entre limite Region y R.  Mataquito,0,-34.77312642,-72.03815111
07000011-3,Lago Vichuquen Z Max,Calidad de Aguas,Vigentes,Región del Maule,Comuna de Vichuquén,Costeras entre limite Region y R.  Mataquito,0,-34.80175549,-72.06687072
07000012-1,Pozo Sector Vichuquen,Calidad de Aguas,Vigentes,Región del Maule,Comuna de Vichuquén,Costeras entre limite Region y R.  Mataquito,19,-34.8824693,-71.99783978
07000013-K,Lago Tilicura - Z Max,Calidad de Aguas,Vigentes,Región del Maule,Comuna de Vichuquén,Costeras entre limite Region y R.  Mataquito,0,-34.84606987,-72.00128444
07000014-8,Lago Tilicura - Punto Laguna 1,Calidad de Aguas,Vigentes,Región del Maule,Comuna de Vichuquén,Costeras entre limite Region y R.  Mataquito,0,-34.83906233,-71.99742263
07000015-6,Lago Tilicura - Punto Laguna 2,Calidad de Aguas,Vigentes,Región del Maule,Comuna de Vichuquén,Costeras entre limite Region y R.  Mataquito,0,-34.84696691,-71.9963319
07000016-4,Apr Duao-Lipimavida,Calidad de Aguas,Vigentes,Región del Maule,Comuna de Vichuquén,Costeras entre limite Region y R.  Mataquito,0,-34.84068302,-72.14092466
07000017-2,Apr Llico,Calidad de Aguas,Vigentes,Región del Maule,Comuna de Vichuquén,Costeras entre limite Region y R.  Mataquito,0,-34.76553598,-72.07011971
07000018-0,Apr Vichuquen,Calidad de Aguas,Vigentes,Región del Maule,Comuna de Vichuquén,Costeras entre limite Region y R.  Mataquito,0,-34.87650551,-71.99369665
07000019-9,Pozo Vichuquen,Control de Nivel,Vigentes,Región del Maule,Comuna de Vichuquén,Costeras entre limite Region y R.  Mataquito,195,-34.90500515,-71.99444708
07100002-8,Rio Teno Antes Rio Del Pellejo (Ca),Calidad de Aguas,Suspendidas,Región del Maule,Comuna de Romeral,Rio Mataquito,1500,-35.12055578,-70.48549572
07100003-6,Rio Teno Antes Rio Malo (Ca),Calidad de Aguas,Suspendidas,Región del Maule,Comuna de Romeral,Rio Mataquito,1600,-35.12055578,-70.48549572
07100004-4,Rio Malo Antes Rio Teno (Ca),Calidad de Aguas,Suspendidas,Región del Maule,Comuna de Romeral,Rio Mataquito,1550,-35.05389139,-70.51882575
07100005-2,Embalse Planchon,Lagos y Embalses,Vigentes,Región del Maule,Comuna de Romeral,Rio Mataquito,2420,-35.15889062,-70.53341175
07100006-0,Paso Vergara,Nivométricas,Vigentes,Región del Maule,Comuna de Romeral,Rio Mataquito,2609,-35.19528497,-70.51146938
07100007-9,Rio Malo Antes Junta Rio Teno,Fluviométricas,Vigentes,Región del Maule,Comuna de Romeral,Rio Mataquito,1568,-35.11666174,-70.48909002
07101001-5,Rio Teno Antes Rio Infiernillo (Ca),Calidad de Aguas,Vigentes,Región del Maule,Comuna de Romeral,Rio Mataquito,1100,-35.04767779,-70.60096018
07101002-3,Rio Teno Antes Rio Los Maitenes (Ca),Calidad de Aguas,Suspendidas,Región del Maule,Comuna de Romeral,Rio Mataquito,1360,-35.053883,-70.60216678
07101003-1,Rio Infiernillo Antes Rio Teno (Ca),Calidad de Aguas,Suspendidas,Región del Maule,Comuna de Romeral,Rio Mataquito,1150,-35.05389139,-70.51882575
07101004-K,Rio Los Maitenes Antes Rio Teno (Ca),Calidad de Aguas,Suspendidas,Región del Maule,Comuna de Romeral,Rio Mataquito,1300,-35.05388401,-70.5521688
07101005-8,Quebrada Santa Rita Antes Rio Teno (Ca),Calidad de Aguas,Suspendidas,Región del Maule,Comuna de Romeral,Rio Mataquito,1270,-35.08721591,-70.50214521
07101006-6,Estero Pichuante Antes Rio Teno (Ca),Calidad de Aguas,Suspendidas,Región del Maule,Comuna de Romeral,Rio Mataquito,1450,-35.00388669,-70.80218569
07101007-4,Corral De Mora,Meteorológicas,Suspendidas,Región del Maule,Comuna de Romeral,Rio Mataquito,1640,-35.05027837,-70.49174326
07102001-0,Rio Teno En Los Queñes,Calidad de Aguas,Vigentes,Región del Maule,Comuna de Teno,Rio Mataquito,900,-34.99684521,-70.81368887
07102002-9,Rio Teno Antes Rio Claro (Ca),Calidad de Aguas,Suspendidas,Región del Maule,Comuna de Romeral,Rio Mataquito,900,-35.02055924,-70.75218109
07102003-7,Rio Teno Antes Rio Pejerreyes (Ca),Calidad de Aguas,Suspendidas,Región del Maule,Comuna de Romeral,Rio Mataquito,720,-35.00387977,-70.75217594
07102004-5,Rio Pejerreyes Antes Rio Teno (Ca),Calidad de Aguas,Suspendidas,Región del Maule,Comuna de Licantén,Rio Mataquito,880,-34.97053624,-71.93561219
07102005-3,Rio Teno Bajo Quebrada Infiernillo,Fluviométricas,Vigentes,Región del Maule,Comuna de Romeral,Rio Mataquito,990,-35.0486905,-70.63788376
07102006-1,Quebrada Favio,Meteorológicas,Suspendidas,Región del Maule,Comuna de Romeral,Rio Mataquito,920,-35.04250185,-70.67119677
07102007-K,La Dormida,Nivométricas,Vigentes,Región del Maule,Comuna de Romeral,Rio Mataquito,1800,-35.10861115,-70.73759601
07103001-6,Rio Claro En Los Queñes,Calidad de Aguas,Vigentes,Región del Maule,Comuna de Romeral,Rio Mataquito,900,-35.00110108,-70.81245702
07103002-4,Los Mineros,Meteorológicas,Suspendidas,Región del Maule,Comuna de Romeral,Rio Mataquito,1080,-35.1372226,-70.75482055
07103003-2,Los Queñes,Meteorológicas,Vigentes,Región del Maule,Comuna de Romeral,Rio Mataquito,663,-34.99990597,-70.81279223
07104002-K,Rio Teno Despues De Junta Con Claro,Sedimentometricas,Vigentes,Región del Maule,Comuna de Romeral,Rio Mataquito,647,-35.00100925,-70.82580054
07104003-8,Estero El Manzano En La Montagna (Ca),Calidad de Aguas,Suspendidas,Región del Maule,Comuna de Romeral,Rio Mataquito,690,-34.98720899,-70.86884306
07104004-6,Rio Teno En La Vuelta Los Militares (Ca),Calidad de Aguas,Suspendidas,Región del Maule,Comuna de Curicó,Rio Mataquito,600,-34.97054533,-71.35223405
07104005-4,El Manzano,Meteorológicas,Vigentes,Región del Maule,Comuna de Teno,Rio Mataquito,574,-34.96321818,-70.91796411
07105001-7,Estero Comalle Antes Junta Rio Teno (Ca),Calidad de Aguas,Suspendidas,Región del Maule,Comuna de Romeral,Rio Mataquito,150,-34.92054951,-71.13553532
07105002-5,Prueba Gprs5,Meteorológicas,Suspendidas,Región del Maule,Comuna de Teno,Rio Mataquito,0,-34.86361056,-71.18761355
07105003-3,Pozo Rauco,Calidad de Aguas,Vigentes,Región del Maule,Comuna de Rauco,Rio Mataquito,0,-34.92221158,-71.30500376
07105004-1,Apr Comalle,Calidad de Aguas,Vigentes,Región del Maule,Comuna de Teno,Rio Mataquito,0,-34.84911788,-71.26468785
07105005-K,Apr Hacienda Teno-Rincon De Morales,Calidad de Aguas,Vigentes,Región del Maule,Comuna de Teno,Rio Mataquito,0,-34.87153779,-71.22323251
07105006-8,Apr La Palmilla-Curico,Calidad de Aguas,Vigentes,Región del Maule,Comuna de Rauco,Rio Mataquito,0,-34.88056034,-71.29795411
07105007-6,Apr Las Arboledas,Calidad de Aguas,Vigentes,Región del Maule,Comuna de Teno,Rio Mataquito,0,-34.85666847,-71.18512199
07106002-0,Rio Teno En Captacion (Ca),Calidad de Aguas,Suspendidas,Región del Maule,Comuna de Romeral,Rio Mataquito,305,-34.91722348,-71.13344619
07106003-9,Rio Teno En Panamericana (Ca),Calidad de Aguas,Suspendidas,Región del Maule,Comuna de Curicó,Rio Mataquito,300,-34.95387641,-71.26889182
07106004-7,Rio Teno En Puente Rauco (Quete=Quete),Calidad de Aguas,Suspendidas,Región del Maule,Comuna de Curicó,Rio Mataquito,200,-34.98720487,-71.35222878
07106005-5,Rio Teno Antes Junta Rio Lontue (Ca),Calidad de Aguas,Suspendidas,Región del Maule,Comuna de Curicó,Rio Mataquito,145,-35.27399433,-71.01436513
07106006-3,Rio Teno Antes Junta Mataquito (Ca),Calidad de Aguas,Vigentes,Región del Maule,Comuna de Rauco,Rio Mataquito,0,-34.97668906,-71.38387595
07106007-1,Santa Susana,Meteorológicas,Vigentes,Región del Maule,Comuna de Teno,Rio Mataquito,410,-34.9143704,-71.03759446
07106016-0,Pozo La Laguna Teno,Calidad de Aguas,Vigentes,Región del Maule,Comuna de Romeral,Rio Mataquito,470,-34.96443093,-70.98553194
07106017-9,Apr Domingo Mansilla,Calidad de Aguas,Vigentes,Región del Maule,Comuna de Teno,Rio Mataquito,0,-34.89195083,-71.10983661
07106018-7,Apr El Molino-Ventana Del Alto,Calidad de Aguas,Vigentes,Región del Maule,Comuna de Teno,Rio Mataquito,0,-34.92000131,-71.0634559
07106019-5,Apr La Laguna,Calidad de Aguas,Vigentes,Región del Maule,Comuna de Teno,Rio Mataquito,0,-34.9575097,-70.98149931
07106020-9,Apr Los Niches-Santa Elena,Calidad de Aguas,Vigentes,Región del Maule,Comuna de Rauco,Rio Mataquito,0,-34.93388705,-71.27290585
07106021-7,Apr Piedra Blanca,Calidad de Aguas,Vigentes,Región del Maule,Comuna de Teno,Rio Mataquito,0,-34.88672907,-71.1799113
07106022-5,Apr Quilvo,Calidad de Aguas,Vigentes,Región del Maule,Comuna de Romeral,Rio Mataquito,0,-34.92155883,-71.12270035
07106023-3,Apr Rincon De Sarmiento,Calidad de Aguas,Vigentes,Región del Maule,Comuna de Hualañé,Costeras Rapel-E.Nilahue,0,-34.88695328,-71.64654218
07106024-1,Apr Santa Rebeca-Purisima,Calidad de Aguas,Vigentes,Región del Maule,Comuna de Teno,Rio Mataquito,0,-34.86916389,-71.08346053
07106025-K,Apr Ventana Del Bajo,Calidad de Aguas,Vigentes,Región del Maule,Comuna de Teno,Rio Mataquito,0,-34.91277626,-71.07372713
07106026-8,Apr Vista Hermosa,Calidad de Aguas,Vigentes,Región del Maule,Comuna de Curicó,Rio Mataquito,0,-34.91611745,-71.16234485
07106027-6,Apr Los Guaicos (Guaico-Socavon),Calidad de Aguas,Vigentes,Región del Maule,Comuna de Teno,Rio Mataquito,0,-34.95249597,-70.98983208
07106028-4,Apr Vista Hermosa (Vaqueria-Alquihue),Calidad de Aguas,Vigentes,Región del Maule,Comuna de San Javier,Rio Maule,0,-35.60057858,-71.73291846
07111001-K,Volcan Azufre,Glaciológicas,Vigentes,Región del Maule,Comuna de Curicó,Rio Mataquito,3321,-35.31111152,-70.58417004
07112001-5,Rio Colorado En Junta Con Palos,Fluviométricas,Vigentes,Región del Maule,Comuna de Molina,Rio Mataquito,600,-35.27495764,-71.01714832
07115001-1,Rio Palos En Junta Con Colorado,Fluviométricas,Vigentes,Región del Maule,Comuna de Curicó,Rio Mataquito,600,-35.17725626,-71.09382016
07116001-7,Estero Upeo En Upeo,Fluviométricas,Vigentes,Región del Maule,Comuna de Curicó,Rio Mataquito,450,-35.00386875,-71.25222684
07116002-5,Estero Potrero Grande Antes Rio Lontue (,Calidad de Aguas,Suspendidas,Región del Maule,Comuna de Curicó,Rio Mataquito,425,-35.17951836,-71.10322239
07116004-1,Monte Oscuro,Meteorológicas,Vigentes,Región del Maule,Comuna de Curicó,Rio Mataquito,632,-35.12492044,-70.97865585
07116005-K,Potrero Grande,Meteorológicas,Vigentes,Región del Maule,Comuna de Curicó,Rio Mataquito,445,-35.18329873,-71.0978514
07116006-8,Apr Potrero Grande,Calidad de Aguas,Vigentes,Región del Maule,Comuna de Curicó,Rio Mataquito,0,-35.20167496,-71.07095374
07117001-2,Rio Lontue En Longitudinal,Calidad de Aguas,Vigentes,Región del Maule,Comuna de Sagrada Familia,Rio Mataquito,0,-35.02720165,-71.24968873
07117002-0,Rio Lontue Desp.Junta Palos Y Colorado,Calidad de Aguas,Vigentes,Región del Maule,Comuna de Molina,Rio Mataquito,0,-35.26460823,-71.03865565
07117008-K,Rio Lontue En Puente El Yacal,Fluviométricas,Vigentes,Región del Maule,Comuna de Molina,Rio Mataquito,426,-35.18414846,-71.11636501
07117009-8,Apr Bajo L.Romeros (B.L.Romeros-Buena Unión-3 Esq),Calidad de Aguas,Vigentes,Región del Maule,Comuna de Molina,Rio Mataquito,0,-35.16527786,-71.21033202
07117010-1,Apr Cordillerilla,Calidad de Aguas,Vigentes,Región del Maule,Comuna de Curicó,Rio Mataquito,0,-35.12155746,-71.14654207
07117011-K,Apr El Maiten-San Salvador,Calidad de Aguas,Vigentes,Región del Maule,Comuna de Curicó,Rio Mataquito,0,-35.0611131,-71.20122612
07117012-8,Apr La Cuesta (Quebrada De Cordillerilla),Calidad de Aguas,Vigentes,Región del Maule,Comuna de Curicó,Rio Mataquito,0,-35.17591255,-71.12283808
07117013-6,Apr Los Castanos,Calidad de Aguas,Vigentes,Región del Maule,Comuna de Curicó,Rio Mataquito,0,-35.07388991,-71.20456301
07117014-4,Apr Pichingal,Calidad de Aguas,Vigentes,Región del Maule,Comuna de Molina,Rio Mataquito,0,-35.11968955,-71.21179842
07117015-2,Apr Pirihuin-Los Canales,Calidad de Aguas,Vigentes,Región del Maule,Comuna de Molina,Rio Mataquito,0,-35.0522198,-71.23595886
07117016-0,Apr San Jorge De Romeral,Calidad de Aguas,Vigentes,Región del Maule,Comuna de Molina,Rio Mataquito,0,-35.15146305,-71.19518419
07118003-4,Curico,Meteorológicas,Vigentes,Región del Maule,Comuna de Curicó,Rio Mataquito,195,-34.97505789,-71.24972886
07118004-2,Prueba Gprs4,Fluviométricas,Suspendidas,Región del Maule,Comuna de Curicó,Rio Mataquito,0,-34.97916695,-71.22734375
07118005-0,Apr El Peumal-San Ramon,Calidad de Aguas,Vigentes,Región del Maule,Comuna de Romeral,Rio Mataquito,0,-35.01055729,-71.05734588
07118006-9,Apr La Obra,Calidad de Aguas,Vigentes,Región del Maule,Comuna de Curicó,Rio Mataquito,0,-35.02172012,-71.21641023
07118007-7,Apr Los Cristales (Longavi),Calidad de Aguas,Vigentes,Región del Maule,Comuna de Longaví,Rio Maule,0,-36.00502105,-71.65376492
07119003-K,Rio Lontue En Sagrada Familia (Ca),Calidad de Aguas,Vigentes,Región del Maule,Comuna de Sagrada Familia,Rio Mataquito,145,-34.98633654,-71.38241411
07119006-4,Rio Seco En Puente Hualemo (Ca),Calidad de Aguas,Suspendidas,Región del Maule,Comuna de Sagrada Familia,Rio Mataquito,190,-35.05144403,-71.28434875
07119007-2,Lontue,Meteorológicas,Vigentes,Región del Maule,Comuna de Sagrada Familia,Rio Mataquito,199,-35.04397598,-71.28932556
07119009-9,Estadio De Molina,Control de Nivel,Vigentes,Región del Maule,Comuna de Molina,Rio Mataquito,279,-35.10998318,-71.28930602
07119010-2,Apr Casablanca,Calidad de Aguas,Vigentes,Región del Maule,Comuna de Constitución,Costeras Mataquito-Maule,0,-35.25886874,-72.22659835
07119011-0,Apr El Crucero (Santa Rosa),Calidad de Aguas,Vigentes,Región del Maule,Comuna de Sagrada Familia,Rio Mataquito,0,-35.03098918,-71.29866263
07119012-9,Apr Hualemu (Lo Valdivia),Calidad de Aguas,Vigentes,Región del Maule,Comuna de Romeral,Rio Mataquito,0,-34.99277512,-71.03511048
07119013-7,Apr Tutuquen,Calidad de Aguas,Vigentes,Región del Maule,Comuna de Curicó,Rio Mataquito,0,-34.97007399,-71.27480349
07119014-5,Apr Tutuquen Bajo,Calidad de Aguas,Vigentes,Región del Maule,Comuna de Curicó,Rio Mataquito,0,-34.97694178,-71.33985456
07120002-7,Laguna De Torca,Meteorológicas,Vigentes,Región del Maule,Comuna de Vichuquén,Costeras entre limite Region y R.  Mataquito,28,-34.76805002,-72.06485334
07120003-5,Apr Santa Ana De Peteroa,Calidad de Aguas,Vigentes,Región del Maule,Comuna de Sagrada Familia,Rio Mataquito,0,-35.03916271,-71.45696668
07121002-2,Rio Mataquito En La Huerta (Ca),Calidad de Aguas,Suspendidas,Región del Maule,Comuna de Hualañé,Rio Mataquito,50,-35.09093737,-71.64969851
07121003-0,Villa Prat,Meteorológicas,Vigentes,Región del Maule,Comuna de Sagrada Familia,Rio Mataquito,90,-35.09531899,-71.61188186
07121005-7,Estadio De Huaquén,Control de Nivel,Vigentes,Región del Maule,Comuna de Curepto,Rio Mataquito,64,-35.10978191,-71.70088822
07121006-5,Rio Mataquito En Puente La Huerta,Fluviométricas,Vigentes,Región del Maule,Comuna de Hualañé,Rio Mataquito,0,-35.09052504,-71.64918069
07121007-3,Apr Huaquen,Calidad de Aguas,Vigentes,Región del Maule,Comuna de Curepto,Rio Mataquito,0,-35.11344972,-71.69444944
07121008-1,Apr La Huerta (La Huerta De Mataquito),Calidad de Aguas,Vigentes,Región del Maule,Comuna de Hualañé,Rio Mataquito,0,-35.08867731,-71.65863985
07121009-K,Apr Orilla De Navarro,Calidad de Aguas,Vigentes,Región del Maule,Comuna de Hualañé,Rio Mataquito,0,-35.05201891,-71.60164448
07121010-3,Apr Villa Prat,Calidad de Aguas,Vigentes,Región del Maule,Comuna de Sagrada Familia,Rio Mataquito,0,-35.089745,-71.60910488
07121011-1,Estero Culenar En Villa Prat,Fluviométricas,Vigentes,Región del Maule,Comuna de Sagrada Familia,Rio Mataquito,0,-35.10750769,-71.62972287
07122002-8,Apr Peralillo,Calidad de Aguas,Vigentes,Región del Maule,Comuna de Hualañé,Rio Mataquito,0,-35.02525313,-71.72208982
07123001-5,Rio Mataquito En Licanten,Meteorológicas,Vigentes,Región del Maule,Comuna de Licantén,Rio Mataquito,20,-34.98420124,-72.00979909
07123002-3,Rio Mataquito En Hualagne (Ca),Calidad de Aguas,Suspendidas,Región del Maule,Comuna de Hualañé,Rio Mataquito,30,-34.97076112,-71.81893662
07123003-1,Rio Mataquito En Puente Lautaro (Ca),Calidad de Aguas,Vigentes,Región del Maule,Comuna de Hualañé,Rio Mataquito,0,-34.98745125,-71.80897281
07123007-4,Pozo Sector Lora,Calidad de Aguas,Suspendidas,Región del Maule,Comuna de Licantén,Rio Mataquito,0,-35.03775567,-72.06951234
07123008-2,Rio Mataquito A. Abajo Planta Celulosa Licancel,Calidad de Aguas,Vigentes,Región del Maule,Comuna de Licantén,Rio Mataquito,0,-34.98861527,-72.02068907
07123009-0,Pozo Sector Lora,Calidad de Aguas,Vigentes,Región del Maule,Comuna de Licantén,Rio Mataquito,15,-35.0185791,-72.05701691
07123010-4,Apr Placilla,Calidad de Aguas,Vigentes,Región del Maule,Comuna de Licantén,Rio Mataquito,0,-34.99152934,-71.93520119
07123011-2,Apr Lora,Calidad de Aguas,Vigentes,Región del Maule,Comuna de Licantén,Rio Mataquito,0,-35.01258785,-72.05192932
07123012-0,Licanten,Meteorológicas,Vigentes,Región del Maule,Comuna de Licantén,Rio Mataquito,17,-34.98361547,-71.99056289
07124000-2,Apr El Rodeo,Calidad de Aguas,Vigentes,Región del Maule,Comuna de Curepto,Rio Mataquito,0,-35.07164256,-72.02279182
07124001-0,Apr Lien-Placilla De Lien,Calidad de Aguas,Vigentes,Región del Maule,Comuna de Curepto,Rio Mataquito,0,-35.09305799,-71.96544182
07125001-6,Rio Mataquito En Nanicura (Ca),Calidad de Aguas,Suspendidas,Región del Maule,Comuna de Licantén,Rio Mataquito,5,-35.0425897,-72.12838972
07200001-3,Gualleco,Meteorológicas,Vigentes,Región del Maule,Comuna de Curepto,Costeras Mataquito-Maule,100,-35.24702221,-71.98183113
07200002-1,Rio Huenchullami En Coipue,Fluviométricas,Vigentes,Región del Maule,Comuna de Constitución,Costeras Mataquito-Maule,0,-35.23778612,-72.12167449
07200003-K,Apr Batuco,Calidad de Aguas,Vigentes,Región del Maule,Comuna de Pencahue,Costeras Mataquito-Maule,0,-35.31758258,-71.95217974
07200004-8,Pozo Playa Junquillar,Control de Nivel,Vigentes,Región del Maule,Comuna de Curepto,Costeras Mataquito-Maule,69,-35.24972697,-72.0694463
07210001-8,Putu,Meteorológicas,Vigentes,Región del Maule,Comuna de Constitución,Costeras Mataquito-Maule,36,-35.21889814,-72.28319727
07210002-6,Apr Carrizal,Calidad de Aguas,Vigentes,Región del Maule,Comuna de Constitución,Costeras Mataquito-Maule,0,-35.25315194,-72.24226484
07210003-4,Apr Junquillar,Calidad de Aguas,Vigentes,Región del Maule,Comuna de Constitución,Costeras Mataquito-Maule,0,-35.27839333,-72.35002042
07300000-9,Laguna Del Maule,Lagos y Embalses,Vigentes,Región del Maule,Comuna de San Clemente,Rio Maule,2180,-36.02558016,-70.55008897
07300001-7,Rio Maule En Desague Laguna Del Maule,Fluviométricas,Vigentes,Región del Maule,Comuna de San Clemente,Rio Maule,2170,-36.00303535,-70.5569366
07301000-4,Lo Aguirre,Nivométricas,Vigentes,Región del Maule,Comuna de San Clemente,Rio Maule,2000,-35.97030366,-70.57203012
07301001-2,Los Condores,Nivométricas,Vigentes,Región del Maule,Comuna de San Clemente,Rio Maule,2441,-36.00974275,-70.54785927
07301002-0,Nueva Lo Aguirre,Meteorológicas,Vigentes,Región del Maule,Comuna de San Clemente,Rio Maule,1997,-35.97139386,-70.57001117
07301003-9,Rio Maule Bajo Campanario,Fluviométricas,Vigentes,Región del Maule,Comuna de San Clemente,Rio Maule,1329,-35.89083816,-70.64723315
07303000-5,Rio Maule En Los Baños,Meteorológicas,Vigentes,Región del Maule,Comuna de San Clemente,Rio Maule,980,-35.82301594,-70.76242157
07306000-1,Laguna De La Invernada,Lagos y Embalses,Vigentes,Región del Maule,Comuna de San Clemente,Rio Maule,1317,-35.72557659,-70.77509754
07306001-K,Rio Cipreses En Desague Laguna La Invernada,Fluviométricas,Vigentes,Región del Maule,Comuna de San Clemente,Rio Maule,1300,-35.7365559,-70.77638061
07307000-7,Rio Colorado En Curillinque,Fluviométricas,Vigentes,Región del Maule,Comuna de San Clemente,Rio Maule,0,-35.81805415,-70.94498082
07308000-2,Canal Ad. Maule C. Pehuenche,Fluviométricas,Vigentes,Región del Maule,Comuna de San Clemente,Rio Maule,690,-35.79611864,-70.99521154
07308001-0,Estero Las Garzas,Fluviométricas,Vigentes,Región del Maule,Comuna de San Clemente,Rio Maule,600,-35.75712609,-71.00254286
07308002-9,Rio Maule Bajo Boca Toma Maule Central Pehuenche,Fluviométricas,Vigentes,Región del Maule,Comuna de San Clemente,Rio Maule,0,-35.77241151,-71.0021961
07308003-7,Canal Las Garzas,Fluviométricas,Vigentes,Región del Maule,Comuna de San Clemente,Rio Maule,0,-35.80450375,-70.93334074
07314002-1,Guayquivilo,Meteorológicas,Suspendidas,Región del Maule,Comuna de Colbún,Rio Maule,1200,-36.29391722,-70.91815843
07314003-K,Guaiquivilo,Meteorológicas,Suspendidas,Región del Maule,Comuna de Colbún,Rio Maule,1470,-36.18363662,-70.9759428
07317001-K,Rio Melado En La Lancha Dga,Fluviométricas,Suspendidas,Región del Maule,Comuna de Colbún,Rio Maule,650,-35.85057314,-71.06676276
07317002-8,Canal Melado En Los Hierros,Fluviométricas,Vigentes,Región del Maule,Comuna de Linares,Rio Maule,800,-35.86083198,-71.06673017
07317003-6,Rio Melado En Zona De Presa,Fluviométricas,Vigentes,Región del Maule,Comuna de Colbún,Rio Maule,525,-35.73240393,-71.07302401
07317004-4,Embalse Melado,Lagos y Embalses,Vigentes,Región del Maule,Comuna de Colbún,Rio Maule,675,-35.76196604,-71.09206195
07317005-2,Rio Melado En El Salto,Fluviométricas,Vigentes,Región del Maule,Comuna de Colbún,Rio Maule,730,-35.89597711,-71.01485402
07317006-0,Canal Melado En C. Hidroelectrica Los Hierros I,Fluviométricas,Vigentes,Región del Maule,Comuna de Linares,Rio Maule,0,-35.86082308,-71.06777086
07320001-6,Rio Claro Antes Rio Maule En Armerillo,Calidad de Aguas,Suspendidas,Región del Maule,Comuna de San Clemente,Rio Maule,550,-35.70334648,-71.06905513
07320002-4,Armerillo,Meteorológicas,Vigentes,Región del Maule,Comuna de San Clemente,Rio Maule,492,-35.70385973,-71.07954557
07320003-2,Rio Claro En San Carlos,Meteorológicas,Vigentes,Región del Maule,Comuna de San Clemente,Rio Maule,550,-35.69904016,-71.06155056
07320004-0,Armerillo Dga,Meteorológicas,Vigentes,Región del Maule,Comuna de San Clemente,Rio Maule,514,-35.70361321,-71.07972705
07321001-1,Maule Bajo,Meteorológicas,Suspendidas,Región del Maule,Comuna de Colbún,Rio Maule,430,-35.70612929,-71.31928688
07321002-K,Rio Maule En Armerillo,Fluviométricas,Vigentes,Región del Maule,Comuna de San Clemente,Rio Maule,470,-35.70439139,-71.10495665
07321003-8,Canal Maule Norte En Aforador,Fluviométricas,Vigentes,Región del Maule,Comuna de San Clemente,Rio Maule,461,-35.7074881,-71.11752718
07321005-4,Canal De Evacuacion C. Pehuenche,Fluviométricas,Vigentes,Región del Maule,Comuna de Colbún,Rio Maule,0,-35.72772216,-71.16680438
07321006-2,Embalse Colbun,Lagos y Embalses,Vigentes,Región del Maule,Comuna de San Clemente,Rio Maule,0,-35.67028998,-71.34345752
07321007-0,Canal Maule Norte Alto En Paso Nevado,Fluviométricas,Vigentes,Región del Maule,Comuna de San Clemente,Rio Maule,0,-35.71840842,-71.18336467
07321008-9,Vertedero Embalse Colbun,Fluviométricas,Vigentes,Región del Maule,Comuna de Colbún,Rio Maule,0,-35.67241493,-71.34496681
07321009-7,Embalse Colbun Le,Lagos y Embalses,Suspendidas,Región del Maule,Comuna de Colbún,Rio Maule,0,-35.67751994,-71.2662358
07321010-0,Apr Paso Nevado,Calidad de Aguas,Vigentes,Región del Maule,Comuna de San Clemente,Rio Maule,0,-35.71612916,-71.19567111
07322001-7,Rio Maule En Longitudinal,Calidad de Aguas,Vigentes,Región del Maule,Comuna de San Javier,Rio Maule,90,-35.55289195,-71.69761411
07322002-5,Canal Maule Sur En Aforador,Fluviométricas,Vigentes,Región del Maule,Comuna de Colbún,Rio Maule,315,-35.63887391,-71.38396981
07322004-1,Rio Maule En Colbun,Calidad de Aguas,Suspendidas,Región del Maule,Comuna de Colbún,Rio Maule,400,-35.66805902,-71.35154442
07322005-K,Canal De Restitucion Sur 2,Fluviométricas,Vigentes,Región del Maule,Comuna de Yerbas Buenas,Rio Maule,0,-35.61740977,-71.53883849
07322006-8,Canal De Restitucion Sur 3,Fluviométricas,Vigentes,Región del Maule,Comuna de Yerbas Buenas,Rio Maule,0,-35.61686442,-71.53905306
07322007-6,Canal San Clemente,Fluviométricas,Vigentes,Región del Maule,Comuna de San Clemente,Rio Maule,0,-35.58980889,-71.53375087
07322008-4,Canal Duao Zapata,Fluviométricas,Vigentes,Región del Maule,Comuna de San Clemente,Rio Maule,0,-35.58929872,-71.53572107
07322009-2,Apr Bobadilla,Calidad de Aguas,Vigentes,Región del Maule,Comuna de San Javier,Rio Maule,0,-35.56938968,-71.68576776
07322010-6,Apr Duao-Tres Esquinas,Calidad de Aguas,Vigentes,Región del Maule,Comuna de San Clemente,Rio Maule,0,-35.55502546,-71.57792287
07322011-4,Apr Puente Pando-Marinico,Calidad de Aguas,Vigentes,Región del Maule,Comuna de San Javier,Rio Maule,0,-35.59419368,-71.58865839
07322012-2,Apr San Manuel,Calidad de Aguas,Vigentes,Región del Maule,Comuna de San Clemente,Rio Maule,0,-35.57918871,-71.52569264
07322013-0,Apr San Pablo-Orilla De Maule,Calidad de Aguas,Vigentes,Región del Maule,Comuna de San Javier,Rio Maule,0,-35.57584776,-71.62876781
07322014-9,Apr Santa Ana De Queri,Calidad de Aguas,Vigentes,Región del Maule,Comuna de Yerbas Buenas,Rio Maule,0,-35.61877165,-71.46549388
07330001-0,Rio Perquilauquen En San Manuel,Fluviométricas,Vigentes,Región de Ñuble,Comuna de San Fabián,Rio Maule,266,-36.3767276,-71.62420539
07331001-6,Rio Cato En Digua,Fluviométricas,Vigentes,Región del Maule,Comuna de Parral,Rio Maule,300,-36.25078698,-71.56473806
07331002-4,Digua Embalse,Meteorológicas,Vigentes,Región del Maule,Comuna de Parral,Rio Maule,390,-36.25679649,-71.54839808
07331003-2,Embalse Digua,Lagos y Embalses,Vigentes,Región del Maule,Comuna de Parral,Rio Maule,0,-36.28391802,-71.53347251
07331004-0,Canal Alimentador Digua,Fluviométricas,Vigentes,Región del Maule,Comuna de Parral,Rio Maule,0,-36.23608533,-71.53268387
07331005-9,Apr Remulcao,Calidad de Aguas,Vigentes,Región del Maule,Comuna de Parral,Rio Maule,0,-36.25531114,-71.69182106
07332001-1,Rio Perquilauquen En Gniquen,Fluviométricas,Vigentes,Región de Ñuble,Comuna de Ñiquén,Rio Maule,140,-36.25413768,-71.98018323
07332003-8,San Manuel En Perquilauquen,Meteorológicas,Vigentes,Región del Maule,Comuna de Parral,Rio Maule,270,-36.38019027,-71.60890734
07332004-6,Apr Villa Reina,Calidad de Aguas,Vigentes,Región del Maule,Comuna de Parral,Rio Maule,0,-36.2081173,-71.77130702
07333000-9,Ñiquen En Escuela F-160,Control de Nivel,Vigentes,Región de Ñuble,Comuna de Ñiquén,Rio Maule,160,-36.29433456,-71.89982216
07334000-4,Apr Pocillas,Calidad de Aguas,Vigentes,Región del Maule,Comuna de Cauquenes,Rio Maule,0,-36.15982041,-72.22833898
07335001-8,Rio Perquilauquen En Quella,Fluviométricas,Vigentes,Región del Maule,Comuna de Cauquenes,Rio Maule,120,-36.07343952,-72.09095282
07335002-6,Estero Curipeumo En Lo Hernandez,Fluviométricas,Vigentes,Región del Maule,Comuna de Parral,Rio Maule,0,-36.01598775,-71.99856113
07335004-2,Quella,Meteorológicas,Vigentes,Región del Maule,Comuna de Cauquenes,Rio Maule,130,-36.05692071,-72.09135054
07335005-0,Estadio De Parral,Control de Nivel,Vigentes,Región del Maule,Comuna de Parral,Rio Maule,180,-36.14571234,-71.82308967
07335006-9,Apr Quella,Calidad de Aguas,Vigentes,Región del Maule,Comuna de Cauquenes,Rio Maule,0,-36.05280437,-72.08625261
07336001-3,Rio Cauquenes En El Arrayan,Fluviométricas,Vigentes,Región del Maule,Comuna de Cauquenes,Rio Maule,590,-36.00288066,-72.37510198
07336003-K,El Alamo,Meteorológicas,Vigentes,Región del Maule,Comuna de Cauquenes,Rio Maule,180,-36.11299406,-72.42041394
07336004-8,Pozo Lara Benavente (Pocillas)Camino Cauquenes,Calidad de Aguas,Suspendidas,Región del Maule,Comuna de Cauquenes,Rio Maule,0,-35.99053882,-72.30830379
07336005-6,Pozo Viña Cristian Concha (Cauquenes),Calidad de Aguas,Suspendidas,Región del Maule,Comuna de Cauquenes,Rio Maule,0,-35.9972027,-72.30845431
07336006-4,Apr Luis Humberto Ceroni (Coronel Del Maule),Calidad de Aguas,Vigentes,Región del Maule,Comuna de Cauquenes,Rio Maule,0,-36.05189706,-72.4537989
07336007-2,Pozo Bellavista Cauquenes,Calidad de Aguas,Vigentes,Región del Maule,Comuna de Cauquenes,Rio Maule,0,-35.98323529,-72.25254083
07336008-0,Pozo Cauquenes,Control de Nivel,Vigentes,Región del Maule,Comuna de Cauquenes,Rio Maule,145,-36.00361491,-72.29861943
07337002-7,Tutuven Embalse,Meteorológicas,Vigentes,Región del Maule,Comuna de Cauquenes,Rio Maule,179,-35.89632083,-72.38012227
07337003-5,Embalse Tutuven,Lagos y Embalses,Vigentes,Región del Maule,Comuna de Cauquenes,Rio Maule,0,-35.91724433,-72.38319926
07339001-K,Rio Cauquenes En Desembocadura,Fluviométricas,Vigentes,Región del Maule,Comuna de Cauquenes,Rio Maule,125,-35.91994444,-72.06296208
07340001-5,Estero Cardo Verde En Lo Ubaldo,Calidad de Aguas,Suspendidas,Región del Maule,Comuna de Retiro,Rio Maule,126,-35.89288245,-72.00254785
07340002-3,La Estrella,Meteorológicas,Vigentes,Región del Maule,Comuna de Cauquenes,Costeras Maule y Limite Region,200,-35.78305981,-72.19056299
07340003-1,Los Huinganes En Curipeumo,Meteorológicas,Vigentes,Región del Maule,Comuna de Retiro,Rio Maule,126,-36.01514875,-71.98343202
07340004-K,Apr Palma Rosa-La Florida,Calidad de Aguas,Vigentes,Región del Maule,Comuna de Parral,Rio Maule,0,-36.08782846,-71.86659663
07340005-8,Pozo Belco,Control de Nivel,Vigentes,Región del Maule,Comuna de Cauquenes,Rio Maule,162,-35.82472279,-72.19389728
07341001-0,Rio Purapel En Nirivilo,Fluviométricas,Vigentes,Región del Maule,Comuna de San Javier,Rio Maule,80,-35.57695791,-72.06643418
07341002-9,Nirivilo,Meteorológicas,Vigentes,Región del Maule,Comuna de San Javier,Rio Maule,200,-35.54349078,-72.09271997
07341003-7,Quebrada Pasitos En Santa Olga,Fluviométricas,Vigentes,Región del Maule,Comuna de Constitución,Rio Maule,306,-35.46889448,-72.28945143
07341004-5,Apr Nirivillo,Calidad de Aguas,Vigentes,Región del Maule,Comuna de San Javier,Rio Maule,0,-35.53750491,-72.09378522
07341005-3,Apr Santa Olga-Los Aromos-Cruce Empedrado,Calidad de Aguas,Vigentes,Región del Maule,Comuna de Pelarco,Rio Maule,0,-35.45056787,-71.27289543
07341006-1,Apr Santa Olga-Los Guindos,Calidad de Aguas,Vigentes,Región del Maule,Comuna de Curicó,Rio Mataquito,0,-34.91822909,-71.23004055
07341007-K,Apr Santa Olga-Los Aromos-Cruce Empedrado,Calidad de Aguas,Vigentes,Región del Maule,Comuna de Talca,Rio Maule,0,-35.45084209,-71.53639062
07342002-4,Huerta Del Maule,Meteorológicas,Vigentes,Región del Maule,Comuna de San Javier,Rio Maule,218,-35.665339,-71.95114468
07342003-2,Pozo Purapel,Control de Nivel,Vigentes,Región del Maule,Comuna de San Javier,Rio Maule,165,-35.57750278,-72.03861352
07343001-1,Rio Purapel En Sauzal,Sedimentometricas,Vigentes,Región del Maule,Comuna de Retiro,Rio Maule,150,-35.97992857,-72.00317068
07345001-2,Parral,Meteorológicas,Vigentes,Región del Maule,Comuna de Parral,Rio Maule,175,-36.19330492,-71.82887892
07345002-0,Apr El Carmen-Longavi,Calidad de Aguas,Vigentes,Región del Maule,Comuna de Retiro,Rio Maule,0,-36.18031358,-71.72542575
07345003-9,Apr Higuerillas,Calidad de Aguas,Vigentes,Región del Maule,Comuna de Retiro,Rio Maule,0,-35.91446781,-71.84377177
07346000-K,Apr Ajial,Calidad de Aguas,Vigentes,Región del Maule,Comuna de Retiro,Rio Maule,0,-36.15697705,-71.73543081
07346001-8,Apr El Triunfo-Santa Cecilia,Calidad de Aguas,Vigentes,Región del Maule,Comuna de Retiro,Rio Maule,0,-36.14701904,-71.71043789
07346002-6,Apr Maitenes,Calidad de Aguas,Vigentes,Región del Maule,Comuna de Retiro,Rio Maule,0,-36.02916999,-71.72866096
07346003-4,Apr San Isidro-El Progreso,Calidad de Aguas,Vigentes,Región del Maule,Comuna de Retiro,Rio Maule,0,-36.07975223,-71.72932079
07346004-2,Apr Santa Delfina,Calidad de Aguas,Vigentes,Región del Maule,Comuna de Retiro,Rio Maule,0,-36.14030304,-71.65542768
07346005-0,Apr Santa Ines,Calidad de Aguas,Vigentes,Región del Maule,Comuna de Retiro,Rio Maule,0,-36.1028299,-71.70805183
07346006-9,Dmc Retiro Copihue,Meteorológicas,Suspendidas,Región del Maule,Comuna de Retiro,Rio Maule,186,-36.07556081,-71.75806337
07346007-7,Dmc Retiro Copihue,Meteorológicas,Suspendidas,Región del Maule,Comuna de Retiro,Rio Maule,186,-36.07556081,-71.75806337
07346008-5,Apr San Nicolas (Retiro),Calidad de Aguas,Vigentes,Región del Maule,Comuna de Retiro,Rio Maule,0,-36.0578466,-71.81826948
07346009-3,Apr Santa Isabel Los Robles,Calidad de Aguas,Vigentes,Región del Maule,Comuna de Retiro,Rio Maule,0,-36.1126631,-71.75347424
07350001-K,Rio Longavi En La Quiriquina,Fluviométricas,Vigentes,Región del Maule,Comuna de Longaví,Rio Maule,449,-36.22938823,-71.45711049
07350002-8,Rio Bullileo En Santa Filomena,Fluviométricas,Vigentes,Región del Maule,Comuna de Parral,Rio Maule,370,-36.25950564,-71.4184239
07350003-6,Rio Longavi En El Castillo,Fluviométricas,Vigentes,Región del Maule,Comuna de Parral,Rio Maule,598,-36.26016203,-71.34061801
07350006-0,Bullileo Embalse,Meteorológicas,Vigentes,Región del Maule,Comuna de Parral,Rio Maule,600,-36.28914808,-71.41627722
07350007-9,Bullileo Embalse (Lago),Meteorológicas,Vigentes,Región del Maule,Comuna de Parral,Rio Maule,700,-36.2971954,-71.40830839
07350008-7,Nevado Longavi,Nivométricas,Vigentes,Región del Maule,Comuna de Longaví,Rio Maule,1974,-36.23475449,-71.14345518
07350009-5,Rio Achibueno En Punta Tricahue,Fluviométricas,Vigentes,Región del Maule,Comuna de Longaví,Rio Maule,1005,-36.24583694,-71.24584201
07351001-5,Rio Longavi En Longitudinal,Fluviométricas,Vigentes,Región del Maule,Comuna de Retiro,Rio Maule,135,-36.00393558,-71.72503978
07351002-3,Canal Primera Abajo,Fluviométricas,Vigentes,Región del Maule,Comuna de Longaví,Rio Maule,0,-36.05738805,-71.70325184
07351003-1,Apr Las Mercedes-Paihuen,Calidad de Aguas,Vigentes,Región del Maule,Comuna de Longaví,Rio Maule,0,-36.0405767,-71.67404572
07352002-9,La Sexta De Longavi,Meteorológicas,Vigentes,Región del Maule,Comuna de Longaví,Rio Maule,229,-36.11270794,-71.61562117
07352003-7,Liguay,Meteorológicas,Vigentes,Región del Maule,Comuna de Longaví,Rio Maule,104,-35.94741036,-71.68936703
07352004-5,Canal Maitenes En Bocatoma,Fluviométricas,Vigentes,Región del Maule,Comuna de Parral,Rio Maule,0,-36.06753563,-72.05734754
07352005-3,Apr Entrada De Cerrillos (Ex-Cerrillos),Calidad de Aguas,Vigentes,Región del Maule,Comuna de Longaví,Rio Maule,0,-35.94280115,-71.68349162
07352006-1,Apr Esperanza Plan (La Esperanza)-San Jose,Calidad de Aguas,Vigentes,Región del Maule,Comuna de Longaví,Rio Maule,0,-36.16363908,-71.55431391
07352007-K,Apr La Quinta-El Transito,Calidad de Aguas,Vigentes,Región del Maule,Comuna de Longaví,Rio Maule,0,-36.05096939,-71.5647622
07352008-8,Apr La Tercera-Chalet Quemado,Calidad de Aguas,Vigentes,Región del Maule,Comuna de Longaví,Rio Maule,0,-36.0275716,-71.60362597
07352009-6,Apr Los Cristales (Curico),Calidad de Aguas,Vigentes,Región del Maule,Comuna de Curicó,Rio Mataquito,0,-34.97282606,-71.18536716
07353001-6,Juan Amigo,Meteorológicas,Vigentes,Región del Maule,Comuna de Linares,Rio Maule,460,-36.07944854,-71.39147631
07354001-1,Rio Achibueno En Los Pegnascos,Sedimentometricas,Suspendidas,Región del Maule,Comuna de Longaví,Rio Maule,590,-35.96693803,-71.49044879
07354002-K,Rio Achibueno En La Recova,Fluviométricas,Vigentes,Región del Maule,Comuna de Linares,Rio Maule,0,-36.00237963,-71.44352181
07355001-7,Rio Ancoa En El Llepo,Fluviométricas,Vigentes,Región del Maule,Comuna de Linares,Rio Maule,205,-35.90361108,-71.51890589
07355002-5,Rio Ancoa En El Morro,Meteorológicas,Vigentes,Región del Maule,Comuna de Linares,Rio Maule,402,-35.90827532,-71.29675518
07355003-3,Rio Ancoa Antes Tunel Canal Melado,Fluviométricas,Vigentes,Región del Maule,Comuna de Linares,Rio Maule,800,-35.87000214,-71.11933045
07355006-8,Hornillo,Meteorológicas,Vigentes,Región del Maule,Comuna de Colbún,Rio Maule,810,-35.86802312,-71.11654232
07355007-6,Ancoa Embalse,Meteorológicas,Vigentes,Región del Maule,Comuna de Linares,Rio Maule,421,-35.91062788,-71.29581492
07355008-4,Canal Robleria Ante Bocatoma Ancoa,Fluviométricas,Vigentes,Región del Maule,Comuna de Linares,Rio Maule,565,-35.85841165,-71.24040484
07355009-2,Apr Embalse Ancoa,Calidad de Aguas,Vigentes,Región del Maule,Comuna de Linares,Rio Maule,0,-35.90280841,-71.28708026
07355010-6,Apr Vega De Ancoa,Calidad de Aguas,Vigentes,Región del Maule,Comuna de Linares,Rio Maule,0,-35.91486202,-71.34673086
07355011-4,Embalse Ancoa (Lm),Lagos y Embalses,Vigentes,Región del Maule,Comuna de Colbún,Rio Maule,0,-35.85249985,-71.1830617
07356001-2,Rio Achibueno En San Francisco,Calidad de Aguas,Suspendidas,Región del Maule,Comuna de Linares,Rio Maule,127,-35.85331777,-71.66904551
07356002-0,Rio Achibueno En Panamericana (Ca),Calidad de Aguas,Vigentes,Región del Maule,Comuna de Linares,Rio Maule,160,-35.87747878,-71.63819429
07356003-9,Apr Huapi Bajo,Calidad de Aguas,Vigentes,Región del Maule,Comuna de Linares,Rio Maule,0,-35.88495394,-71.60087374
07356004-7,Apr Palmilla,Calidad de Aguas,Vigentes,Región del Maule,Comuna de Linares,Rio Maule,0,-35.80669864,-71.73570756
07356005-5,Apr San Gabriel-La Aguada,Calidad de Aguas,Vigentes,Región del Maule,Comuna de Longaví,Rio Maule,0,-35.87708847,-71.65263355
07356006-3,Apr San Luis-San Raul-Las Motas,Calidad de Aguas,Vigentes,Región del Maule,Comuna de Longaví,Rio Maule,0,-35.90507011,-71.60799103
07357001-8,Rio Loncomilla En En Emboque,Calidad de Aguas,Suspendidas,Región del Maule,Comuna de Linares,Rio Maule,160,-35.7517991,-71.77820773
07357002-6,Rio Loncomilla En Bodega,Fluviométricas,Vigentes,Región del Maule,Comuna de Longaví,Rio Maule,110,-35.82748706,-71.82352008
07357003-4,Melozal,Meteorológicas,Vigentes,Región del Maule,Comuna de Linares,Rio Maule,96,-35.78569042,-71.76636829
07357004-2,Apr La Gotera,Calidad de Aguas,Vigentes,Región del Maule,Comuna de San Javier,Rio Maule,0,-35.70807742,-71.78599323
07357005-0,Apr Melozal,Calidad de Aguas,Vigentes,Región del Maule,Comuna de San Javier,Rio Maule,0,-35.72673801,-71.79243521
07357006-9,Apr Santa Rosa De Maitenes,Calidad de Aguas,Vigentes,Región del Maule,Comuna de Linares,Rio Maule,0,-35.83475878,-71.6634093
07358001-3,Rio Putagan En Yerbas Buenas,Fluviométricas,Vigentes,Región del Maule,Comuna de Yerbas Buenas,Rio Maule,150,-35.77610225,-71.58828525
07358004-8,Rio Putagan En Bocatoma C. Melozal (Ca),Calidad de Aguas,Vigentes,Región del Maule,Comuna de Linares,Rio Maule,150,-35.78416867,-71.66541395
07358005-6,Rio Putagan En Panamericana )Ca),Calidad de Aguas,Suspendidas,Región del Maule,Comuna de Yerbas Buenas,Rio Maule,123,-35.78354617,-71.66259461
07358006-4,Santa Barbara (Linares),Meteorológicas,Suspendidas,Región del Maule,Comuna de Linares,Rio Maule,150,-35.84058025,-71.62291291
07358007-2,Linares,Meteorológicas,Vigentes,Región del Maule,Comuna de Linares,Rio Maule,157,-35.84520449,-71.6067479
07358008-0,Colbun (Maule Sur),Meteorológicas,Vigentes,Región del Maule,Comuna de Colbún,Rio Maule,280,-35.63617309,-71.40058469
07358009-9,Embalse Machicura,Lagos y Embalses,Vigentes,Región del Libertador General Bernardo O'Higgins,Comuna de Chépica,Rio Rapel,258,-34.78388105,-71.40845903
07358010-2,Canal De Restitucion Sur 1,Fluviométricas,Vigentes,Región del Maule,Comuna de Colbún,Rio Maule,0,-35.74858851,-71.42734365
07358011-0,Estadio De Linares,Control de Nivel,Vigentes,Región del Maule,Comuna de Linares,Rio Maule,147,-35.85484498,-71.5902571
07358012-9,Apr Abranquil-Puipuyen,Calidad de Aguas,Vigentes,Región del Maule,Comuna de Yerbas Buenas,Rio Maule,0,-35.74688682,-71.53128144
07358013-7,Apr Coironal,Calidad de Aguas,Vigentes,Región del Maule,Comuna de Yerbas Buenas,Rio Maule,0,-35.76879724,-71.62670141
07358014-5,Apr La Chiripa (Panimavida),Calidad de Aguas,Vigentes,Región del Maule,Comuna de Colbún,Rio Maule,0,-35.76085091,-71.41597173
07358015-3,Apr Las Encinas (San Antonio Encina),Calidad de Aguas,Vigentes,Región del Maule,Comuna de Linares,Rio Maule,0,-35.84890494,-71.49013832
07358016-1,Apr Las Hornillas,Calidad de Aguas,Vigentes,Región del Libertador General Bernardo O'Higgins,Comuna de Lolol,Costeras Rapel-E.Nilahue,0,-34.79638482,-71.65736782
07358017-K,Apr Llancanao,Calidad de Aguas,Vigentes,Región del Maule,Comuna de Linares,Rio Maule,0,-35.89869659,-71.50997641
07358018-8,Apr Llano Blanco,Calidad de Aguas,Vigentes,Región del Maule,Comuna de Yerbas Buenas,Rio Maule,0,-35.71168089,-71.57413093
07358019-6,Apr Los Puquios,Calidad de Aguas,Vigentes,Región del Maule,Comuna de Yerbas Buenas,Rio Maule,0,-35.71084797,-71.57430306
07358020-K,Apr Maitencillo,Calidad de Aguas,Vigentes,Región del Maule,Comuna de Yerbas Buenas,Rio Maule,0,-35.67013947,-71.4739221
07358021-8,Apr Penuelas,Calidad de Aguas,Vigentes,Región del Maule,Comuna de Yerbas Buenas,Rio Maule,0,-35.76779292,-71.58069448
07358022-6,Apr Putagan,Calidad de Aguas,Vigentes,Región del Maule,Comuna de Villa Alegre,Rio Maule,0,-35.76151792,-71.66544279
07358023-4,Apr Quinamavida,Calidad de Aguas,Vigentes,Región del Maule,Comuna de Colbún,Rio Maule,0,-35.80724513,-71.43068847
07358024-2,Apr San Antonio,Calidad de Aguas,Vigentes,Región del Maule,Comuna de Linares,Rio Maule,0,-35.87658445,-71.54050904
07358025-0,Apr San Francisco De Rari,Calidad de Aguas,Vigentes,Región del Maule,Comuna de Colbún,Rio Maule,0,-35.80197543,-71.45402898
07358026-9,Apr Semillero,Calidad de Aguas,Vigentes,Región del Maule,Comuna de Colbún,Rio Maule,0,-35.66327608,-71.45607089
07358027-7,Apr Union San Victor Lamas,Calidad de Aguas,Vigentes,Región del Maule,Comuna de Linares,Rio Maule,0,-35.88353618,-71.47874017
07358028-5,Apr Vara Gruesa,Calidad de Aguas,Vigentes,Región del Maule,Comuna de Linares,Rio Maule,0,-35.82696934,-71.50126195
07358029-3,Apr San Juan-Los Batros,Calidad de Aguas,Vigentes,Región del Maule,Comuna de Linares,Rio Maule,0,-35.81053868,-71.53476182
07358030-7,Apr Santa Elena-San Ramon,Calidad de Aguas,Vigentes,Región del Maule,Comuna de Yerbas Buenas,Rio Maule,0,-35.6974742,-71.54624845
07359001-9,Rio Loncomilla En Las Brisas,Sedimentometricas,Vigentes,Región del Maule,Comuna de San Javier,Rio Maule,68,-35.61748695,-71.76844085
07359003-5,Rio Loncomilla En San Javier,Calidad de Aguas,Suspendidas,Región del Maule,Comuna de San Javier,Rio Maule,0,-35.58582497,-71.76014467
07359005-1,San Javier,Meteorológicas,Vigentes,Región del Maule,Comuna de San Javier,Rio Maule,135,-35.59171898,-71.67509286
07359006-K,Apr Santa Cecilia-Gabriela Mistral,Calidad de Aguas,Vigentes,Región del Maule,Comuna de San Javier,Rio Maule,0,-35.61141675,-71.63569345
07360000-6,Apr Luis Cruz Martines,Calidad de Aguas,Vigentes,Región del Maule,Comuna de San Javier,Rio Maule,0,-35.57834737,-71.88875924
07360001-4,Pozo Maule Bajo,Control de Nivel,Vigentes,Región del Maule,Comuna de San Javier,Rio Maule,158,-35.58916655,-71.92778848
07370001-9,Fundo El Radal,Meteorológicas,Vigentes,Región del Maule,Comuna de Molina,Rio Maule,685,-35.41882792,-71.04401059
07371001-4,Rio Claro En Fuente De Agua (Ca),Calidad de Aguas,Vigentes,Región del Maule,Comuna de Río Claro,Rio Maule,0,-35.22903026,-71.1920428
07371002-2,Agua Fria,Meteorológicas,Vigentes,Región del Maule,Comuna de Molina,Rio Maule,560,-35.30708743,-71.0851632
07371003-0,Apr El Bolsico,Calidad de Aguas,Vigentes,Región del Maule,Comuna de Río Claro,Rio Maule,0,-35.24471195,-71.18430025
07372001-K,Rio Claro En Camarico,Fluviométricas,Vigentes,Región del Maule,Comuna de Río Claro,Rio Maule,220,-35.18302728,-71.38881305
07372003-6,Rio Claro De Talca En Panamericana (Ca),Calidad de Aguas,Suspendidas,Región del Maule,Comuna de San Rafael,Rio Maule,0,-35.33721546,-71.58557963
07372005-2,Apr El Porvenir,Calidad de Aguas,Vigentes,Región del Maule,Comuna de Río Claro,Rio Maule,0,-35.1597778,-71.28469654
07372006-0,Apr Itahue-Puente Alto,Calidad de Aguas,Vigentes,Región del Maule,Comuna de Molina,Rio Maule,0,-35.14361196,-71.3637353
07372007-9,Apr Los Maquis,Calidad de Aguas,Vigentes,Región del Maule,Comuna de Río Claro,Rio Maule,0,-35.21945839,-71.44236613
07372008-7,Apr Porvenir,Calidad de Aguas,Vigentes,Región del Maule,Comuna de Río Claro,Rio Maule,0,-35.1597778,-71.28469654
07373001-5,Rio Pangue En Panamericana (Ca),Calidad de Aguas,Suspendidas,Región del Maule,Comuna de Talca,Rio Maule,90,-35.35296457,-71.57536543
07373002-3,Rio Pangue En Pangue (Ca),Calidad de Aguas,Suspendidas,Región del Maule,Comuna de Talca,Rio Maule,125,-35.3550753,-71.5719116
07373003-1,El Guindo,Meteorológicas,Vigentes,Región del Maule,Comuna de Río Claro,Rio Maule,250,-35.26266751,-71.3265233
07373004-K,San Rafael,Meteorológicas,Vigentes,Región del Maule,Comuna de San Rafael,Rio Maule,152,-35.31111145,-71.52719063
07373006-6,Apr Cumpeo,Calidad de Aguas,Vigentes,Región del Maule,Comuna de Río Claro,Rio Maule,0,-35.27483695,-71.275371
07373007-4,Apr El Aromo,Calidad de Aguas,Vigentes,Región del Maule,Comuna de Río Claro,Rio Maule,0,-35.21833509,-71.30762604
07373008-2,Apr El Cerrillo-Casas Viejas,Calidad de Aguas,Vigentes,Región del Maule,Comuna de Río Claro,Rio Maule,0,-35.28879961,-71.22603307
07373009-0,Apr El Milagro-Santa Victoria,Calidad de Aguas,Vigentes,Región del Maule,Comuna de San Rafael,Rio Maule,0,-35.29111609,-71.43596423
07373010-4,Apr La Chispa,Calidad de Aguas,Vigentes,Región del Maule,Comuna de Río Claro,Rio Maule,0,-35.31612232,-71.33873321
07373011-2,Apr Lo Patricio,Calidad de Aguas,Vigentes,Región del Maule,Comuna de Pelarco,Rio Maule,0,-35.37528632,-71.46374006
07373012-0,Apr Los Montes (San Clemente),Calidad de Aguas,Vigentes,Región del Maule,Comuna de San Clemente,Rio Maule,0,-35.56418685,-71.2703973
07373013-9,Apr Los Robles-Escudo De Chile,Calidad de Aguas,Vigentes,Región del Maule,Comuna de Río Claro,Rio Maule,0,-35.22001555,-71.34540759
07373014-7,Apr Pangue Arriba-Pangue Abajo,Calidad de Aguas,Vigentes,Región del Maule,Comuna de San Rafael,Rio Maule,0,-35.33389499,-71.43431088
07373015-5,Apr Queseria,Calidad de Aguas,Vigentes,Región del Maule,Comuna de Pelarco,Rio Maule,0,-35.38863279,-71.38763128
07373016-3,Apr San Gerardo-Odessa-Penaflor,Calidad de Aguas,Vigentes,Región del Maule,Comuna de Río Claro,Rio Maule,0,-35.2064056,-71.25180004
07373017-1,Apr Santa Rosa-Rio Claro,Calidad de Aguas,Vigentes,Región del Maule,Comuna de Río Claro,Rio Maule,0,-35.23922198,-71.24389486
07374001-0,Rio Lircay En Puente Las Rastras,Fluviométricas,Vigentes,Región del Maule,Comuna de San Clemente,Rio Maule,240,-35.48956668,-71.29702941
07374002-9,Canal Maule Norte Bajo Seccion 1,Fluviométricas,Vigentes,Región del Maule,Comuna de San Clemente,Rio Maule,400,-35.56348073,-71.28438807
07374003-7,Canal Maule Norte Bajo Seccion 2,Fluviométricas,Vigentes,Región del Maule,Comuna de San Clemente,Rio Maule,250,-35.53162523,-71.26762647
07374004-5,Vilches Alto,Meteorológicas,Vigentes,Región del Maule,Comuna de San Clemente,Rio Maule,1058,-35.59402099,-71.08871863
07374005-3,Huapi,Meteorológicas,Vigentes,Región del Maule,Comuna de San Clemente,Rio Maule,250,-35.48609362,-71.2905271
07374006-1,Las Lomas,Meteorológicas,Suspendidas,Región del Maule,Comuna de San Clemente,Rio Maule,300,-35.4733438,-71.21345674
07374007-K,Apr Los Montes (Rio Claro),Calidad de Aguas,Vigentes,Región del Maule,Comuna de Río Claro,Rio Maule,0,-35.24167475,-71.26513682
07374008-8,Apr Vilches Alto,Calidad de Aguas,Vigentes,Región del Maule,Comuna de San Clemente,Rio Maule,0,-35.60489572,-71.06711256
07375000-8,Estero Picazo En Huapi,Fluviométricas,Vigentes,Región del Maule,Comuna de San Clemente,Rio Maule,0,-35.47303954,-71.2758311
07376001-1,Rio Lircay En Panamericana (Ca),Calidad de Aguas,Vigentes,Región del Maule,Comuna de Talca,Rio Maule,100,-35.39579623,-71.61696263
07376002-K,El Durazno,Meteorológicas,Vigentes,Región del Maule,Comuna de San Clemente,Rio Maule,275,-35.49478022,-71.32040238
07376003-8,Canal Pencahue En Bocatoma Rio Lircay,Fluviométricas,Vigentes,Región del Maule,Comuna de Yerbas Buenas,Rio Maule,0,-35.71276136,-71.5555875
07376004-6,Pozo San Clemente,Calidad de Aguas,Vigentes,Región del Maule,Comuna de San Clemente,Rio Maule,0,-35.51138259,-71.46890744
07376005-4,Apr El Manzano (El Manzano-El Suspiro),Calidad de Aguas,Vigentes,Región del Maule,Comuna de Pelarco,Rio Maule,0,-35.423621,-71.40513873
07376006-2,Apr Mariposas,Calidad de Aguas,Vigentes,Región del Maule,Comuna de San Clemente,Rio Maule,0,-35.52473507,-71.42345825
07376007-0,Apr Panguilemo Unido (Panguilemo-Aldea Campesina),Calidad de Aguas,Vigentes,Región del Maule,Comuna de Talca,Rio Maule,0,-35.4275184,-71.51681584
07376008-9,Apr Purisima-Ranquimili,Calidad de Aguas,Vigentes,Región del Maule,Comuna de Talca,Rio Maule,0,-35.4275184,-71.51681584
07376009-7,Apr Quebrada De Agua,Calidad de Aguas,Vigentes,Región del Maule,Comuna de San Clemente,Rio Maule,0,-35.50806691,-71.46707513
07376010-0,Apr Ramadillas De Lircay,Calidad de Aguas,Vigentes,Región del Maule,Comuna de Talca,Rio Maule,0,-35.42056519,-71.56153852
07376011-9,Apr Santa Margarita-Los Gomeros-La Batalla,Calidad de Aguas,Vigentes,Región del Maule,Comuna de Pelarco,Rio Maule,0,-35.39806802,-71.44985748
07376012-7,Apr Santa Rita,Calidad de Aguas,Vigentes,Región del Maule,Comuna de Pelarco,Rio Maule,0,-35.39389609,-71.5198541
07376013-5,Apr San Valentin-Lircay (San Valentin-Alto Lircay),Calidad de Aguas,Vigentes,Región del Maule,Comuna de Talca,Rio Maule,0,-35.41861919,-71.6023622
07376014-3,Apr San Francisco Los Largos,Calidad de Aguas,Vigentes,Región del Maule,Comuna de San Clemente,Rio Maule,0,-35.43354059,-71.45906027
07376015-1,Apr Santa Elena-San Gabriel,Calidad de Aguas,Vigentes,Región del Maule,Comuna de San Clemente,Rio Maule,0,-35.48519993,-71.46303637
07377000-9,Apr Villa Illinois,Calidad de Aguas,Vigentes,Región del Maule,Comuna de Talca,Rio Maule,0,-35.37851018,-71.56051595
07377001-7,Pozo Maule Medio Norte,Control de Nivel,Vigentes,Región del Maule,Comuna de Talca,Rio Maule,130,-35.37694752,-71.57972662
07378002-0,Talca U.C.,Meteorológicas,Vigentes,Región del Maule,Comuna de Talca,Rio Maule,130,-35.43588908,-71.6194607
07378003-9,Colorado,Meteorológicas,Vigentes,Región del Maule,Comuna de San Clemente,Rio Maule,420,-35.64085612,-71.26065
07378004-7,Talca,Meteorológicas,Suspendidas,Región del Maule,Comuna de Talca,Rio Maule,110,-35.42000615,-71.66070142
07378011-K,Canal Maule Norte Bajo En Puente Centinela,Fluviométricas,Vigentes,Región del Maule,Comuna de San Clemente,Rio Maule,470,-35.63899065,-71.2716399
07378012-8,Quebrada Colorado En Desagüe Laguna Los Temos,Fluviométricas,Vigentes,Región del Maule,Comuna de San Clemente,Rio Maule,0,-35.64755226,-71.27984482
07378013-6,Quebrada Colorado Bajo Sistema Maitenes,Fluviométricas,Vigentes,Región del Maule,Comuna de San Clemente,Rio Maule,0,-35.61413273,-71.31689171
07378014-4,Prueba Gprs 6,Meteorológicas,Suspendidas,Región del Maule,Comuna de Talca,Rio Maule,0,-35.40445648,-71.63569435
07378015-2,Apr Aguas Del Valle (S.Diego-L.Granja-Bella Union),Calidad de Aguas,Vigentes,Región del Maule,Comuna de San Clemente,Rio Maule,0,-35.57006279,-71.46451831
07378016-0,Apr Bajos De Perquin-Corralones,Calidad de Aguas,Vigentes,Región del Maule,Comuna de San Clemente,Rio Maule,0,-35.56529367,-71.33930271
07378017-9,Apr Bramadero (Bramadero-L.Majadas-Cruce Vilches),Calidad de Aguas,Vigentes,Región del Maule,Comuna de San Clemente,Rio Maule,0,-35.60112437,-71.29623023
07378018-7,Apr Callejones,Calidad de Aguas,Vigentes,Región del Maule,Comuna de Maule,Rio Maule,0,-35.51057367,-71.63569866
07378019-5,Apr Chacarillas-Caivan,Calidad de Aguas,Vigentes,Región del Maule,Comuna de Maule,Rio Maule,0,-35.47224477,-71.65597662
07378020-9,Apr Chequen,Calidad de Aguas,Vigentes,Región del Maule,Comuna de San Clemente,Rio Maule,0,-35.5533534,-71.56292382
07378021-7,Apr El Alamo,Calidad de Aguas,Vigentes,Región del Maule,Comuna de San Clemente,Rio Maule,0,-35.5758502,-71.42764584
07378022-5,Apr Flor Del Llano,Calidad de Aguas,Vigentes,Región del Maule,Comuna de Linares,Rio Maule,0,-35.87113374,-71.52458774
07378023-3,Apr Huilquilemu,Calidad de Aguas,Vigentes,Región del Maule,Comuna de Talca,Rio Maule,0,-35.46252254,-71.57264139
07378024-1,Apr Queri,Calidad de Aguas,Vigentes,Región del Maule,Comuna de San Clemente,Rio Maule,0,-35.58551149,-71.42772793
07378025-K,Apr Santa Marta-Mata Verde,Calidad de Aguas,Vigentes,Región del Maule,Comuna de Talca,Rio Maule,0,-35.51556761,-71.58237074
07379001-8,Rio Claro En Talca,Fluviométricas,Vigentes,Región del Maule,Comuna de Talca,Rio Maule,150,-35.42053303,-71.68331414
07379002-6,Rio Claro En Rauquen,Calidad de Aguas,Vigentes,Región del Maule,Comuna de Pencahue,Rio Maule,64,-35.45127491,-71.7332438
07379004-2,Pozo Viña Concha Y Toro,Calidad de Aguas,Vigentes,Región del Maule,Comuna de Pencahue,Rio Maule,0,-35.44056238,-71.81111262
07379005-0,Rio Lircay En Carretones,Fluviométricas,Vigentes,Región del Maule,Comuna de Maule,Rio Maule,0,-35.52997907,-71.65503444
07379006-9,Apr Colin,Calidad de Aguas,Vigentes,Región del Maule,Comuna de Maule,Rio Maule,0,-35.46807936,-71.74459903
07379007-7,Apr Corinto,Calidad de Aguas,Vigentes,Región del Maule,Comuna de Pencahue,Rio Maule,0,-35.4405795,-71.86099396
07379008-5,Apr Lo Figueroa,Calidad de Aguas,Vigentes,Región del Maule,Comuna de Pencahue,Rio Maule,0,-35.45195493,-71.77099472
07379009-3,Apr Numpay,Calidad de Aguas,Vigentes,Región del Maule,Comuna de Maule,Rio Maule,0,-35.48641353,-71.70988082
07379010-7,Apr Pencahue,Calidad de Aguas,Vigentes,Región del Maule,Comuna de Pencahue,Rio Maule,0,-35.4547298,-71.77849252
07379011-5,Apr San Luis De Unihue,Calidad de Aguas,Vigentes,Región del Maule,Comuna de Maule,Rio Maule,0,-35.48168084,-71.70348472
07380000-5,Apr Palmira,Calidad de Aguas,Vigentes,Región del Maule,Comuna de Pencahue,Rio Maule,0,-35.24473756,-71.5929232
07381001-9,Estero Los Puercos En Puente Los Puercos,Fluviométricas,Vigentes,Región del Maule,Comuna de Pencahue,Rio Maule,113,-35.37735692,-71.83175248
07381002-7,Fundo El Peral,Meteorológicas,Suspendidas,Región del Maule,Comuna de Pencahue,Rio Maule,110,-35.40112106,-71.78347573
07381003-5,Pencahue,Meteorológicas,Vigentes,Región del Maule,Comuna de Pencahue,Rio Maule,55,-35.37625433,-71.8357197
07381004-3,Pozo Los Puercos,Control de Nivel,Vigentes,Región del Maule,Comuna de Pencahue,Rio Maule,67,-35.37472914,-71.83695384
07383001-K,Rio Maule En Forel,Calidad de Aguas,Vigentes,Región del Maule,Comuna de Constitución,Rio Maule,30,-35.40793121,-72.21049906
07384001-5,Rio Maule En Desembocadura (Pichaman Poz,Calidad de Aguas,Suspendidas,Región del Maule,Comuna de Constitución,Rio Maule,9,-35.43666283,-72.11910107
07384002-3,Constitucion,Meteorológicas,Vigentes,Región del Maule,Comuna de Constitución,Rio Maule,10,-35.34160564,-72.4224541
07384003-1,Prueba Gprs7,Fluviométricas,Suspendidas,Región del Maule,Comuna de Constitución,Rio Maule,0,-35.3288993,-72.41543333
07384004-K,Apr San Ramon,Calidad de Aguas,Vigentes,Región del Maule,Comuna de Constitución,Rio Maule,0,-35.41490492,-72.33686789
07400001-0,Rio Loanco En Desembocadura,Fluviométricas,Vigentes,Región del Maule,Comuna de Constitución,Costeras Maule y Limite Region,20,-35.571575,-72.58883381
07400002-9,Apr Loanco,Calidad de Aguas,Vigentes,Región del Maule,Comuna de Chanco,Costeras Maule y Limite Region,0,-35.59027829,-72.60687851
07400003-7,Apr Pellines,Calidad de Aguas,Vigentes,Región del Maule,Comuna de Constitución,Costeras Maule y Limite Region,0,-35.48166775,-72.49197646
07410000-7,Pozo Fundo La Estrella,Calidad de Aguas,Vigentes,Región del Maule,Comuna de Cauquenes,Costeras Maule y Limite Region,0,-35.78693277,-72.20397689
07411000-2,Apr Pahuil,Calidad de Aguas,Vigentes,Región del Maule,Comuna de Chanco,Costeras Maule y Limite Region,0,-35.62115593,-72.56752941
07440000-0,Rio Chovellen En El Risco,Fluviométricas,Vigentes,Región del Maule,Comuna de Pelluhue,Costeras Maule y Limite Region,21,-35.92857535,-72.6259556
08000000-6,Quirihue,Meteorológicas,Vigentes,Región de Ñuble,Comuna de Quirihue,Costeras entre limite Region y R. Itata,278,-36.28194539,-72.54167633
08000001-4,Apr El Progreso,Calidad de Aguas,Vigentes,Región del Biobío,Comuna de Cabrero,Rio Itata,0,-37.0729402,-72.286473
08000002-2,Cobquecura,Meteorológicas,Vigentes,Región de Ñuble,Comuna de Cobquecura,Costeras entre limite Region y R. Itata,11,-36.13056357,-72.79444852
08104001-K,Rio Sauces Antes Junta Con Ñuble,Meteorológicas,Vigentes,Región de Ñuble,Comuna de San Fabián,Rio Itata,620,-36.66922403,-71.27615847
08105001-5,Rio Ñuble En La Punilla,Fluviométricas,Vigentes,Región de Ñuble,Comuna de San Fabián,Rio Itata,635,-36.66268285,-71.32639734
08105002-3,Cerro La Gloria,Nivométricas,Vigentes,Región de Ñuble,Comuna de San Fabián,Rio Itata,1500,-36.61448225,-71.33790547
08105003-1,La Punilla,Meteorológicas,Suspendidas,Región de Ñuble,Comuna de San Fabián,Rio Itata,840,-36.65893107,-71.32790643
08105004-K,Caracol,Meteorológicas,Vigentes,Región de Ñuble,Comuna de San Fabián,Rio Itata,610,-36.65087557,-71.39505512
08105005-8,Caman,Meteorológicas,Vigentes,Región de Ñuble,Comuna de San Fabián,Rio Itata,670,-36.67297903,-71.29837791
08105006-6,Rio Ñuble En La Punilla 2,Fluviométricas,Vigentes,Región de Ñuble,Comuna de Coihueco,Rio Itata,656,-36.66389277,-71.321668
08106001-0,Rio Ñuble En San Fabian,Fluviométricas,Vigentes,Región de Ñuble,Comuna de Coihueco,Rio Itata,410,-36.57422725,-71.55700823
08106002-9,Rio Ñuble En San Fabian N 2,Sedimentometricas,Vigentes,Región de Ñuble,Comuna de San Fabián,Rio Itata,450,-36.58569697,-71.52546977
08106003-7,San Fabian,Meteorológicas,Vigentes,Región de Ñuble,Comuna de San Fabián,Rio Itata,465,-36.58357858,-71.52464081
08106004-5,San Fabian Camino A Puente Nahueltoro,Control de Nivel,Vigentes,Región de Ñuble,Comuna de San Fabián,Rio Itata,446,-36.55615953,-71.56067978
08110002-0,San Carlos En Escuela Camino A Cachapoal,Control de Nivel,Vigentes,Región de Ñuble,Comuna de San Carlos,Rio Itata,271,-36.45566478,-71.76944116
08110003-9,Apr Cocharcas Pozo 1,Calidad de Aguas,Vigentes,Región de Ñuble,Comuna de San Carlos,Rio Itata,0,-36.51876535,-72.05382512
08110004-7,Apr El Sauce,Calidad de Aguas,Vigentes,Región de Ñuble,Comuna de San Carlos,Rio Itata,0,-36.44323861,-71.81098366
08110005-5,Apr El Torreon,Calidad de Aguas,Vigentes,Región de Ñuble,Comuna de San Carlos,Rio Itata,0,-36.49409731,-71.86007937
08110006-3,Apr Muticura-Las Encinas,Calidad de Aguas,Vigentes,Región de Ñuble,Comuna de San Carlos,Rio Itata,0,-36.46779938,-71.79013559
08110007-1,Apr Portal De La Luna,Calidad de Aguas,Vigentes,Región de Ñuble,Comuna de San Nicolás,Rio Itata,0,-36.53673047,-72.08443386
08110008-K,Apr Puente Nuble,Calidad de Aguas,Vigentes,Región de Ñuble,Comuna de San Nicolás,Rio Itata,0,-36.5400833,-72.08519013
08110009-8,Apr Ribera De Nuble,Calidad de Aguas,Vigentes,Región de Ñuble,Comuna de San Carlos,Rio Itata,0,-36.47404034,-71.76011939
08110010-1,Apr Agua Buena,Calidad de Aguas,Vigentes,Región de Ñuble,Comuna de San Carlos,Rio Maule,0,-36.42086873,-71.82327891
08110011-K,Apr Chacay,Calidad de Aguas,Vigentes,Región de Ñuble,Comuna de Ñiquén,Rio Maule,0,-36.36419656,-71.77425027
08110012-8,Apr Colvindo,Calidad de Aguas,Vigentes,Región de Ñuble,Comuna de Ñiquén,Rio Maule,0,-36.31482602,-71.7642023
08110013-6,Apr Tres Esquinas De Cachapoal 2,Calidad de Aguas,Vigentes,Región de Ñuble,Comuna de San Carlos,Rio Itata,0,-36.45908063,-71.75932098
08110014-4,Apr Tres Esquinas De Cachapoal 1,Calidad de Aguas,Vigentes,Región de Ñuble,Comuna de San Carlos,Rio Maule,0,-36.46189149,-71.73589048
08110015-2,Apr Zemita,Calidad de Aguas,Vigentes,Región de Ñuble,Comuna de Ñiquén,Rio Maule,0,-36.39848299,-71.73856976
08111001-8,Rio Cato Antes Junta Con Niblinto,Fluviométricas,Suspendidas,Región de Ñuble,Comuna de Coihueco,Rio Itata,0,-36.5922597,-71.7667631
08111002-6,Apr Bustamante,Calidad de Aguas,Vigentes,Región de Ñuble,Comuna de Coihueco,Rio Itata,0,-36.58909181,-71.76580061
08111003-4,Apr Minas Del Prado,Calidad de Aguas,Vigentes,Región de Ñuble,Comuna de Coihueco,Rio Itata,0,-36.66536284,-71.69934114
08112001-3,Rio Niblinto Antes Canal Alimentador Emb. Coihueco,Fluviométricas,Vigentes,Región de Ñuble,Comuna de Coihueco,Rio Itata,290,-36.66139374,-71.75807376
08112002-1,Canal Alimentador Embalse Coihueco En Bocatoma,Fluviométricas,Vigentes,Región de Ñuble,Comuna de Coihueco,Rio Itata,433,-36.65944237,-71.75944703
08112004-8,Rin Niblinto Antes Bocatoma Embalse N 2,Fluviométricas,Suspendidas,Región de Ñuble,Comuna de Coihueco,Rio Itata,300,-36.66726362,-71.75015066
08112005-6,Apr Bajo Los Amigos,Calidad de Aguas,Vigentes,Región de Ñuble,Comuna de Coihueco,Rio Itata,0,-36.61097275,-71.78860392
08112006-4,Apr Copihual,Calidad de Aguas,Vigentes,Región de Ñuble,Comuna de Coihueco,Rio Itata,0,-36.64418423,-71.74897145
08113001-9,Coihueco Embalse,Meteorológicas,Vigentes,Región de Ñuble,Comuna de Coihueco,Rio Itata,314,-36.64091705,-71.799066
08113002-7,Pozo Chillan En Fundo Cato,Calidad de Aguas,Vigentes,Región de Ñuble,Comuna de Chillán,Rio Itata,0,-36.54365902,-71.87818908
08113003-5,Embalse Coihueco (Lm),Lagos y Embalses,Vigentes,Región de Ñuble,Comuna de Coihueco,Rio Itata,301,-36.64055813,-71.79861688
08113004-3,Apr Chacayal De Cato,Calidad de Aguas,Vigentes,Región de Ñuble,Comuna de Coihueco,Rio Itata,0,-36.53829036,-71.84091313
08113005-1,Apr El Embalse,Calidad de Aguas,Vigentes,Región de Ñuble,Comuna de Coihueco,Rio Itata,0,-36.63842616,-71.79807005
08113006-K,Apr Tres Esquinas De Cato,Calidad de Aguas,Vigentes,Región de Ñuble,Comuna de Coihueco,Rio Itata,0,-36.54436982,-71.76171475
08114001-4,Rio Cato En Puente Cato,Calidad de Aguas,Vigentes,Región de Ñuble,Comuna de Chillán,Rio Itata,123,-36.55758146,-72.04448702
08114002-2,Coihueco En Internado Municipal,Control de Nivel,Vigentes,Región de Ñuble,Comuna de Coihueco,Rio Itata,253,-36.63142618,-71.87176952
08114003-0,Apr Capilla Cox,Calidad de Aguas,Vigentes,Región de Ñuble,Comuna de Chillán,Rio Itata,0,-36.5530272,-71.97628226
08114004-9,Apr Culenar,Calidad de Aguas,Vigentes,Región de Ñuble,Comuna de Coihueco,Rio Itata,0,-36.63515864,-71.89328747
08114005-7,Apr Miraflores,Calidad de Aguas,Vigentes,Región de Ñuble,Comuna de Coihueco,Rio Itata,0,-36.67672312,-71.84231807
08114006-5,Apr Quinquehue,Calidad de Aguas,Vigentes,Región de Ñuble,Comuna de Chillán,Rio Itata,0,-36.5424526,-71.8740344
08114007-3,Apr Reloca Santa Raquel,Calidad de Aguas,Vigentes,Región de Ñuble,Comuna de Chillán,Rio Itata,0,-36.55147073,-72.00261176
08114008-1,Apr Rinconada De Cato,Calidad de Aguas,Vigentes,Región de Ñuble,Comuna de Chillán,Rio Itata,0,-36.54760481,-72.03611091
08114009-K,Apr Talquipen,Calidad de Aguas,Vigentes,Región de Ñuble,Comuna de Coihueco,Rio Itata,0,-36.61159413,-71.91982624
08114010-3,Cato En Inia Santa Rosa,Meteorológicas,Vigentes,Región de Ñuble,Comuna de Chillán,Rio Itata,195,-36.53528171,-71.91695226
08115001-K,Rio Gnuble En Longitudinal,Calidad de Aguas,Suspendidas,Región de Ñuble,Comuna de Chillán,Rio Itata,107,-36.55066085,-72.09284574
08115002-8,Nuble En El Naranjal (Ca),Calidad de Aguas,Suspendidas,Región de Ñuble,Comuna de San Nicolás,Rio Itata,40,-36.59266874,-72.31689654
08115003-6,San Carlos En Sector Ninquihue,Control de Nivel,Vigentes,Región de Ñuble,Comuna de San Carlos,Rio Itata,126,-36.49848457,-72.04927012
08115004-4,Apr Ninquihue,Calidad de Aguas,Vigentes,Región de Ñuble,Comuna de San Carlos,Rio Itata,0,-36.48874519,-72.02289988
08115005-2,Apr Quilelto-Cuadrapague-Monte Blanco,Calidad de Aguas,Vigentes,Región de Ñuble,Comuna de Chillán,Rio Itata,0,-36.5828564,-72.039668
08116001-5,Experimental Volcan Chillan,Nivométricas,Vigentes,Región de Ñuble,Comuna de Pinto,Rio Itata,2440,-36.8867115,-71.39346359
08117001-0,Rio Chillan En Longitudinal,Calidad de Aguas,Vigentes,Región de Ñuble,Comuna de Chillán Viejo,Rio Itata,75,-36.64170177,-72.21209962
08117002-9,Chillan Viejo,Meteorológicas,Vigentes,Región de Ñuble,Comuna de Chillán Viejo,Rio Itata,115,-36.63207595,-72.12677515
08117003-7,Chillan Sendos,Meteorológicas,Suspendidas,Región de Ñuble,Comuna de Chillán,Rio Itata,125,-36.61531929,-72.09985302
08117004-5,Rio Chillan En Esperanza,Fluviométricas,Vigentes,Región de Ñuble,Comuna de Coihueco,Rio Itata,435,-36.79061857,-71.75090383
08117005-3,Rio Chillan En Camino A Confluencia,Sedimentometricas,Vigentes,Región de Ñuble,Comuna de Chillán,Rio Itata,40,-36.61524038,-72.32313474
08117006-1,Rio Chillan En Esperanza N 2,Calidad de Aguas,Vigentes,Región de Ñuble,Comuna de Pinto,Rio Itata,586,-36.80013924,-71.66086697
08117007-K,Rio Chillan En Pinto (Ca),Calidad de Aguas,Suspendidas,Región de Ñuble,Comuna de Pinto,Rio Itata,275,-36.6959801,-71.88466736
08117008-8,Rio Quilmo En Camino A Yungay (Ca),Calidad de Aguas,Suspendidas,Región de Ñuble,Comuna de Chillán Viejo,Rio Itata,75,-36.67059298,-72.15231413
08117009-6,Canal De La Luz En Chillan,Meteorológicas,Vigentes,Región de Ñuble,Comuna de Chillán,Rio Itata,136,-36.59677765,-72.1004024
08117010-K,Chillan En Colonia B. O´Higgins,Control de Nivel,Vigentes,Región de Ñuble,Comuna de Chillán,Rio Itata,135,-36.57090751,-72.07727201
08117011-8,Chillan En Escuela Camino A Pinto,Control de Nivel,Vigentes,Región de Ñuble,Comuna de Chillán,Rio Itata,208,-36.66395744,-71.96983576
08117012-6,Apr Nuble Alto,Calidad de Aguas,Vigentes,Región de Ñuble,Comuna de Chillán,Rio Itata,0,-36.57381281,-72.13978569
08117013-4,Apr Chillinhue,Calidad de Aguas,Vigentes,Región de Ñuble,Comuna de Coihueco,Rio Itata,0,-36.65946703,-71.90938705
08117014-2,Apr El Emboque,Calidad de Aguas,Vigentes,Región de Ñuble,Comuna de Chillán,Rio Itata,0,-36.63538274,-72.00895534
08117015-0,Apr Heroes De La Concepcion,Calidad de Aguas,Vigentes,Región de Ñuble,Comuna de Coihueco,Rio Itata,0,-36.68424878,-71.89164699
08117016-9,Apr Huape-Chillan,Calidad de Aguas,Vigentes,Región de Ñuble,Comuna de Chillán,Rio Itata,0,-36.60730385,-72.26379639
08117017-7,Apr Las Mariposas,Calidad de Aguas,Vigentes,Región de Ñuble,Comuna de Coihueco,Rio Itata,0,-36.66182547,-71.93298762
08117018-5,Apr Manuel Rofriguez- Sol De Diciembre,Calidad de Aguas,Vigentes,Región de Ñuble,Comuna de Coihueco,Rio Itata,0,-36.70574995,-71.84344345
08117019-3,Apr Talnivoro,Calidad de Aguas,Vigentes,Región de Ñuble,Comuna de Coihueco,Rio Itata,0,-36.72862972,-71.818874
08117020-7,Chillan En Universidad De Concepcion,Meteorológicas,Vigentes,Región de Ñuble,Comuna de Chillán,Rio Itata,138,-36.59500178,-72.07972669
08118001-6,Rio Changaral Camino A Portezuelo,Calidad de Aguas,Suspendidas,Región de Ñuble,Comuna de San Nicolás,Rio Itata,60,-36.55392115,-72.28567587
08118003-2,Millauquen,Meteorológicas,Vigentes,Región de Ñuble,Comuna de San Carlos,Rio Itata,152,-36.31822969,-72.0401048
08118004-0,San Agustin De Puñual,Meteorológicas,Vigentes,Región de Ñuble,Comuna de Ninhue,Rio Itata,138,-36.35470218,-72.39437299
08118005-9,Pozo Ñiquen,Calidad de Aguas,Suspendidas,Región de Ñuble,Comuna de Ñiquén,Rio Maule,0,-36.28482095,-71.82521539
08118006-7,Pozo San Vicente En Sector Chacay,Calidad de Aguas,Vigentes,Región de Ñuble,Comuna de Ñiquén,Rio Maule,0,-36.34700451,-71.77177933
08118007-5,San Carlos,Meteorológicas,Vigentes,Región de Ñuble,Comuna de San Carlos,Rio Itata,403,-36.42500212,-71.95222653
08118008-3,Apr Gaona,Calidad de Aguas,Vigentes,Región de Ñuble,Comuna de San Carlos,Rio Itata,0,-36.39588088,-71.93192874
08118009-1,Apr Las Arboledas,Calidad de Aguas,Vigentes,Región de Ñuble,Comuna de San Carlos,Rio Itata,0,-36.44923051,-71.83842933
08118010-5,Apr Llahuimavida,Calidad de Aguas,Vigentes,Región de Ñuble,Comuna de San Carlos,Rio Itata,0,-36.42920523,-71.90694218
08118011-3,Apr Mutupin,Calidad de Aguas,Vigentes,Región de Ñuble,Comuna de San Carlos,Rio Itata,0,-36.4362348,-71.85317958
08118012-1,Apr San Miguel Alto,Calidad de Aguas,Vigentes,Región de Ñuble,Comuna de San Nicolás,Rio Itata,0,-36.50767618,-72.20057376
08118013-K,Apr Buli Caserio-Tiuquilemu,Calidad de Aguas,Vigentes,Región de Ñuble,Comuna de Ñiquén,Rio Maule,0,-36.38214267,-71.85213686
08118014-8,Apr San Jorge-San Roque,Calidad de Aguas,Vigentes,Región de Ñuble,Comuna de Ñiquén,Rio Maule,0,-36.28413681,-71.90003448
08119001-1,Rio Gnuble En Cucha Cox,Calidad de Aguas,Suspendidas,Región de Ñuble,Comuna de Portezuelo,Rio Itata,29,-36.62754665,-72.4134558
08119002-K,Rio Ñuble En Confluencia,Calidad de Aguas,Vigentes,Región de Ñuble,Comuna de Chillán,Rio Itata,20,-36.64121931,-72.44648147
08119003-8,Apr Quinchamali,Calidad de Aguas,Vigentes,Región de Ñuble,Comuna de Chillán,Rio Itata,0,-36.64762865,-72.40860105
08119004-6,Apr Confluencia,Calidad de Aguas,Vigentes,Región de Ñuble,Comuna de Chillán,Rio Itata,0,-36.64561354,-72.44546397
08122001-8,Canal Zañartu Salida Laguna Trupan,Fluviométricas,Vigentes,Región del Biobío,Comuna de Tucapel,Rio Itata,460,-37.27781612,-71.8213102
08122002-6,Trupan,Meteorológicas,Vigentes,Región del Biobío,Comuna de Tucapel,Rio Itata,474,-37.2802441,-71.82340818
08122003-4,Tucapel,Meteorológicas,Vigentes,Región del Biobío,Comuna de Tucapel,Rio Bio-Bio,342,-37.293259,-71.95171542
08122004-2,Apr Trupan,Calidad de Aguas,Vigentes,Región del Biobío,Comuna de Tucapel,Rio Itata,0,-37.27844968,-71.83288106
08122005-0,Canal Laja Diguillin En B.T. Rio Huepil (Doh),Fluviométricas,Vigentes,Región del Biobío,Comuna de Tucapel,Rio Itata,272,-37.19695122,-72.00416966
08123001-3,Rio Itata En Cholguan,Sedimentometricas,Vigentes,Región de Ñuble,Comuna de Yungay,Rio Itata,220,-37.15742213,-72.06830425
08123002-1,Canal Zañartu Bocatoma Itata,Fluviométricas,Suspendidas,Región del Biobío,Comuna de Tucapel,Rio Itata,230,-37.17062072,-72.03563504
08123004-8,Cholguan,Meteorológicas,Vigentes,Región de Ñuble,Comuna de Yungay,Rio Itata,230,-37.15402591,-72.06761368
08123005-6,Apr Cholguan Norte Pedregal,Calidad de Aguas,Vigentes,Región de Ñuble,Comuna de Yungay,Rio Itata,0,-37.16049873,-72.07319545
08124001-9,Rio Itata En General Cruz,Fluviométricas,Vigentes,Región de Ñuble,Comuna de Pemuco,Rio Itata,90,-36.93940752,-72.35196598
08124002-7,Rio Itata En Trilaleo,Calidad de Aguas,Vigentes,Región de Ñuble,Comuna de Yungay,Rio Itata,155,-37.10161008,-72.1265058
08124003-5,General Cruz,Meteorológicas,Suspendidas,Región de Ñuble,Comuna de Pemuco,Rio Itata,120,-36.93254656,-72.35264131
08124004-3,Las Cruces,Meteorológicas,Vigentes,Región de Ñuble,Comuna de Yungay,Rio Itata,467,-37.11124497,-71.76511121
08124005-1,Mayulermo,Meteorológicas,Vigentes,Región de Ñuble,Comuna de San Ignacio,Rio Itata,371,-36.81892063,-71.89445665
08124006-K,Apr General Cruz San Pedro,Calidad de Aguas,Vigentes,Región de Ñuble,Comuna de Pemuco,Rio Itata,0,-36.94811885,-72.29825302
08124007-8,Apr Liucura Bajo,Calidad de Aguas,Vigentes,Región de Ñuble,Comuna de Quillón,Rio Itata,0,-36.90759227,-72.3859699
08124008-6,Apr San Miguel Alto,Calidad de Aguas,Vigentes,Región de Ñuble,Comuna de Pemuco,Rio Itata,0,-36.89925348,-72.31517071
08130001-1,Rio Renegado En Invernada,Fluviométricas,Vigentes,Región de Ñuble,Comuna de Pinto,Rio Itata,710,-36.86581549,-71.62616538
08130002-K,Rio Diguillin En San Lorenzo (Atacalco),Fluviométricas,Vigentes,Región de Ñuble,Comuna de Pinto,Rio Itata,727,-36.92444406,-71.57571228
08130003-8,Fundo Atacalco,Meteorológicas,Vigentes,Región de Ñuble,Comuna de Pinto,Rio Itata,740,-36.91734041,-71.58079321
08130004-6,Las Trancas,Meteorológicas,Vigentes,Región de Ñuble,Comuna de Pinto,Rio Itata,1242,-36.91079717,-71.4793205
08130005-4,Las Quemazones,Nivométricas,Vigentes,Región de Ñuble,Comuna de Pinto,Rio Itata,1650,-36.91921359,-71.42040775
08130006-2,Diguillin,Meteorológicas,Vigentes,Región de Ñuble,Comuna de Pinto,Rio Itata,670,-36.87054664,-71.6424233
08130007-0,San Lorenzo,Meteorológicas,Suspendidas,Región de Ñuble,Comuna de Pinto,Rio Itata,710,-36.92532756,-71.57569712
08130008-9,Dmc Termas De Chillan,Meteorológicas,Suspendidas,Región de Ñuble,Comuna de Pinto,Rio Itata,1718,-36.90361758,-71.41000571
08130009-7,Nevado Chillan,Glaciológicas,Vigentes,Región de Ñuble,Comuna de Pinto,Rio Itata,2610,-36.84722924,-71.41611699
08131002-5,Fundo Bella Rosa,Meteorológicas,Suspendidas,Región de Ñuble,Comuna de San Ignacio,Rio Itata,210,-36.86782317,-72.06651874
08131003-3,El Carmen En Calle Anibal Pinto,Control de Nivel,Vigentes,Región de Ñuble,Comuna de El Carmen,Rio Itata,233,-36.90012601,-72.02621323
08131004-1,Apr Las Quilas,Calidad de Aguas,Vigentes,Región de Ñuble,Comuna de San Ignacio,Rio Itata,0,-36.8755406,-72.04631402
08131005-K,Apr Pueblo Seco,Calidad de Aguas,Vigentes,Región de Ñuble,Comuna de San Ignacio,Rio Itata,0,-36.88083544,-72.09289751
08132001-2,Rio Diguillin En Longitudinal,Sedimentometricas,Vigentes,Región de Ñuble,Comuna de Pemuco,Rio Itata,80,-36.86800042,-72.32435233
08132002-0,Pemuco,Meteorológicas,Vigentes,Región de Ñuble,Comuna de Pemuco,Rio Itata,200,-36.97876741,-72.09720385
08132003-9,Apr Cartago,Calidad de Aguas,Vigentes,Región de Ñuble,Comuna de Pemuco,Rio Itata,0,-37.02274081,-71.84484999
08132004-7,Apr Caserio Diguillin,Calidad de Aguas,Vigentes,Región de Ñuble,Comuna de Pemuco,Rio Itata,0,-36.86963216,-72.3303859
08133001-8,Rio Itata En Cerro Negro,Calidad de Aguas,Suspendidas,Región de Ñuble,Comuna de Bulnes,Rio Itata,60,-36.853291,-72.38578035
08133003-4,Chillancito,Meteorológicas,Vigentes,Región de Ñuble,Comuna de Quillón,Rio Itata,56,-36.76233107,-72.42370782
08133004-2,Apr Chillancito De Quillon,Calidad de Aguas,Vigentes,Región de Ñuble,Comuna de Quillón,Rio Itata,0,-36.77228455,-72.43514835
08133005-0,Apr El Casino,Calidad de Aguas,Vigentes,Región de Ñuble,Comuna de Quillón,Rio Itata,0,-36.82929022,-72.43950109
08133006-9,Apr Quiriquina,Calidad de Aguas,Vigentes,Región de Ñuble,Comuna de San Ignacio,Rio Itata,0,-36.84065658,-72.10112482
08133007-7,Apr Villa Tenesse,Calidad de Aguas,Vigentes,Región de Ñuble,Comuna de Quillón,Rio Itata,0,-36.7400381,-72.45567289
08133008-5,Laguna Avendaño,Lagos y Embalses,Vigentes,Región de Ñuble,Comuna de Quillón,Rio Itata,64,-36.75277952,-72.45305681
08133009-3,Laguna Santa Elena,Fluviométricas,Vigentes,Región de Ñuble,Comuna de Bulnes,Rio Itata,76,-36.80000757,-72.37944664
08133010-7,Laguna Avedano Litoral Balneario Municipal,Calidad de Aguas,Vigentes,Región de Ñuble,Comuna de Quillón,Rio Itata,0,-36.74305905,-72.44944768
08133011-5,Laguna Avedano Centro Norte,Calidad de Aguas,Vigentes,Región de Ñuble,Comuna de Quillón,Rio Itata,0,-36.74667029,-72.44806264
08133012-3,Laguna Avedano Centro Sur,Calidad de Aguas,Vigentes,Región de Ñuble,Comuna de Quillón,Rio Itata,0,-36.75528373,-72.44334198
08133013-1,Desague Laguna Avendaño,Meteorológicas,Vigentes,Región de Ñuble,Comuna de Quillón,Rio Itata,70,-36.73805691,-72.45111375
08134002-1,Rio Larqui En Camino Yungay,Fluviométricas,Suspendidas,Región de Ñuble,Comuna de San Ignacio,Rio Itata,110,-36.73392557,-72.13312482
08134003-K,Rio Larqui En Santa Cruz De Cuca,Fluviométricas,Vigentes,Región de Ñuble,Comuna de Chillán,Rio Itata,25,-36.70548254,-72.38777673
08134004-8,Bulnes En Calle Prat,Control de Nivel,Suspendidas,Región de Ñuble,Comuna de Bulnes,Rio Itata,81,-36.74318267,-72.30230121
08134005-6,San Ignacio En Sector Las Cruces,Control de Nivel,Vigentes,Región de Ñuble,Comuna de San Ignacio,Rio Itata,262,-36.81087066,-71.98669014
08134006-4,Bulnes,Meteorológicas,Vigentes,Región de Ñuble,Comuna de Bulnes,Rio Itata,581,-36.74000157,-72.29833677
08134007-2,Apr Peaje Chaimavida,Calidad de Aguas,Vigentes,Región de Ñuble,Comuna de Bulnes,Rio Itata,0,-36.79542694,-72.19304345
08134008-0,Apr Bellavista,Calidad de Aguas,Vigentes,Región de Ñuble,Comuna de Chillán Viejo,Rio Itata,0,-36.66441248,-72.2798966
08134009-9,Apr Cantarrana,Calidad de Aguas,Vigentes,Región de Ñuble,Comuna de San Ignacio,Rio Itata,0,-36.81422441,-72.14309816
08134010-2,Apr Colton Quillay,Calidad de Aguas,Vigentes,Región de Ñuble,Comuna de Bulnes,Rio Itata,0,-36.7789509,-72.15766165
08134011-0,Apr Rucapequen,Calidad de Aguas,Vigentes,Región de Ñuble,Comuna de Chillán Viejo,Rio Itata,0,-36.67206319,-72.28105912
08134012-9,Apr San Miguel,Calidad de Aguas,Vigentes,Región de Ñuble,Comuna de San Ignacio,Rio Itata,0,-36.81485825,-71.96564049
08135002-7,Rio Itata En Balsa Nueva Aldea,Calidad de Aguas,Vigentes,Región de Ñuble,Comuna de Chillán,Rio Itata,29,-36.65579956,-72.45018314
08135003-5,Nueva Aldea,Meteorológicas,Vigentes,Región de Ñuble,Comuna de Ranquil,Rio Itata,32,-36.65511274,-72.45641373
08135004-3,Cancha Los Litres,Meteorológicas,Vigentes,Región de Ñuble,Comuna de Quillón,Rio Itata,200,-36.70781608,-72.57949271
08135005-1,Apr Nueva Aldea,Calidad de Aguas,Vigentes,Región de Ñuble,Comuna de Ranquil,Rio Itata,0,-36.65336597,-72.45606855
08135006-K,Apr Puerto Coyanco,Calidad de Aguas,Vigentes,Región de Ñuble,Comuna de Quillón,Rio Itata,0,-36.74513694,-72.5199973
08140001-6,Rafael,Meteorológicas,Vigentes,Región del Biobío,Comuna de Tomé,Costeras e Islas entre Rio Itata y Rio Bio-Bio,294,-36.63650823,-72.8489867
08140002-4,Rio Itata En Paso Hondo,Fluviométricas,Vigentes,Región de Ñuble,Comuna de Ranquil,Rio Itata,26,-36.6267668,-72.48987275
08140003-2,Rio Itata A. Arriba Descarga Celulosa Nueva Aldea,Calidad de Aguas,Vigentes,Región de Ñuble,Comuna de Ranquil,Rio Itata,25,-36.63670664,-72.47491179
08140004-0,Rio Itata A. Abajo Descarga Celulosa Nueva Aldea,Calidad de Aguas,Vigentes,Región de Ñuble,Comuna de Ranquil,Rio Itata,25,-36.62587723,-72.49213787
08140005-9,Portezuelo,Meteorológicas,Vigentes,Región de Ñuble,Comuna de Portezuelo,Rio Itata,135,-36.52601242,-72.42758477
08140006-7,Ñipas En Escuela Sector Batuco,Control de Nivel,Vigentes,Región de Ñuble,Comuna de Ranquil,Rio Itata,36,-36.57034469,-72.6025971
08140007-5,Ñipas En Sector Cementerio,Control de Nivel,Vigentes,Región de Ñuble,Comuna de Ranquil,Rio Itata,53,-36.62341425,-72.5260514
08140008-3,Apr El Centro Cementerio,Calidad de Aguas,Vigentes,Región de Ñuble,Comuna de Ranquil,Rio Itata,0,-36.61730669,-72.50933113
08140009-1,Apr Paso Hondo Nuble,Calidad de Aguas,Vigentes,Región de Ñuble,Comuna de Ranquil,Rio Itata,0,-36.64090269,-72.51240719
08141001-1,Rio Itata En Coelemu,Sedimentometricas,Vigentes,Región de Ñuble,Comuna de Treguaco,Rio Itata,27,-36.4667702,-72.69268509
08141002-K,Coelemu,Meteorológicas,Vigentes,Región de Ñuble,Comuna de Treguaco,Rio Itata,40,-36.47443096,-72.68894253
08141003-8,Apr Denecan,Calidad de Aguas,Vigentes,Región de Ñuble,Comuna de Treguaco,Rio Itata,0,-36.49599051,-72.6630622
08141004-6,Apr Hernan Branias,Calidad de Aguas,Vigentes,Región de Ñuble,Comuna de Treguaco,Rio Itata,0,-36.47340133,-72.68790178
08141005-4,Apr Guarilihue,Calidad de Aguas,Vigentes,Región de Ñuble,Comuna de Coelemu,Rio Itata,0,-36.56487649,-72.70620469
08141006-2,Apr Ranguelmo,Calidad de Aguas,Vigentes,Región de Ñuble,Comuna de Coelemu,Rio Itata,0,-36.58151317,-72.76590342
08142001-7,Mangarral,Meteorológicas,Vigentes,Región del Maule,Comuna de Cauquenes,Rio Itata,140,-36.23528134,-72.34265238
08143000-4,Portezuelo En Sede Municipal,Control de Nivel,Vigentes,Región de Ñuble,Comuna de Portezuelo,Rio Itata,81,-36.50307238,-72.36389847
08143001-2,Apr Portezuelo,Calidad de Aguas,Vigentes,Región de Ñuble,Comuna de San Nicolás,Rio Itata,0,-36.55682921,-72.28159729
08144001-8,Rio Lonquen En Trehuaco,Fluviométricas,Vigentes,Región de Ñuble,Comuna de Treguaco,Rio Itata,0,-36.42694548,-72.66417516
08144002-6,Rio Gnuble En Los Mayos,Fluviométricas,Suspendidas,Región de Ñuble,Comuna de Ninhue,Rio Itata,125,-36.43392623,-72.43320529
08144003-4,Ninhue En Sector Coyanco,Control de Nivel,Vigentes,Región de Ñuble,Comuna de Ninhue,Rio Itata,84,-36.39503789,-72.47168614
08144004-2,Apr Trehuaco,Calidad de Aguas,Vigentes,Región de Ñuble,Comuna de Treguaco,Rio Itata,0,-36.43360068,-72.66712109
08200001-1,Estero Collen En Tome,Calidad de Aguas,Vigentes,Región del Biobío,Comuna de Tomé,Costeras e Islas entre Rio Itata y Rio Bio-Bio,0,-36.61967582,-72.94833119
08210001-6,Rio Pingueral En Dichato,Fluviométricas,Vigentes,Región del Biobío,Comuna de Tomé,Costeras e Islas entre Rio Itata y Rio Bio-Bio,5,-36.52611626,-72.92020557
08210002-4,Dichato,Meteorológicas,Vigentes,Región del Biobío,Comuna de Tomé,Costeras e Islas entre Rio Itata y Rio Bio-Bio,11,-36.54563015,-72.93107683
08210003-2,Estero Bellavista En Tomé,Meteorológicas,Vigentes,Región del Biobío,Comuna de Tomé,Costeras e Islas entre Rio Itata y Rio Bio-Bio,7,-36.63958685,-72.94941365
08210004-0,Apr Coliumo Vegas De Coliumo,Calidad de Aguas,Vigentes,Región del Biobío,Comuna de Tomé,Costeras e Islas entre Rio Itata y Rio Bio-Bio,0,-36.56524055,-72.95914692
08210005-9,Apr Coihue,Calidad de Aguas,Suspendidas,Región del Biobío,Comuna de Tomé,Costeras e Islas entre Rio Itata y Rio Bio-Bio,0,-36.56524055,-72.95914692
08220001-0,Rio Andalien Camino A Penco,Fluviométricas,Vigentes,Región del Biobío,Comuna de Concepción,Costeras e Islas entre Rio Itata y Rio Bio-Bio,7,-36.80177189,-73.02782214
08220002-9,Rio Andalien En Puchacay (Ca),Calidad de Aguas,Vigentes,Región del Biobío,Comuna de Concepción,Costeras e Islas entre Rio Itata y Rio Bio-Bio,17,-36.81579899,-73.01659963
08220004-5,Rio Andalien Antes Estero Nonguen,Calidad de Aguas,Suspendidas,Región del Biobío,Comuna de Concepción,Costeras e Islas entre Rio Itata y Rio Bio-Bio,0,-36.81726769,-73.01657293
08220005-3,Las Pataguas,Meteorológicas,Vigentes,Región del Biobío,Comuna de Concepción,Costeras e Islas entre Rio Itata y Rio Bio-Bio,236,-36.79243488,-72.89232776
08220006-1,Andalien,Meteorológicas,Vigentes,Región del Biobío,Comuna de Concepción,Costeras e Islas entre Rio Itata y Rio Bio-Bio,37,-36.81303677,-72.9389996
08220007-K,Estero Nonguen En Puente Las Vertientes,Fluviométricas,Suspendidas,Región del Biobío,Comuna de Concepción,Costeras e Islas entre Rio Itata y Rio Bio-Bio,25,-36.83393765,-73.00017556
08220008-8,Estero Nonguen Frente U. Del Bio Bio,Meteorológicas,Vigentes,Región del Biobío,Comuna de Concepción,Costeras e Islas entre Rio Itata y Rio Bio-Bio,20,-36.82020285,-73.01638505
08220009-6,Rio Andalien En Puente Trinitarias,Fluviométricas,Suspendidas,Región del Biobío,Comuna de Concepción,Costeras e Islas entre Rio Itata y Rio Bio-Bio,25,-36.79615816,-72.94906773
08220010-K,Rio Andalien Antes Ex Peaje Chaimavida,Fluviométricas,Vigentes,Región del Biobío,Comuna de Concepción,Costeras e Islas entre Rio Itata y Rio Bio-Bio,280,-36.80197607,-72.96717029
08220011-8,Apr La Montana,Calidad de Aguas,Vigentes,Región del Biobío,Comuna de Concepción,Costeras e Islas entre Rio Itata y Rio Bio-Bio,0,-36.85791503,-72.87820396
08220012-6,Apr Paso Hondo,Calidad de Aguas,Suspendidas,Región del Biobío,Comuna de Florida,Costeras e Islas entre Rio Itata y Rio Bio-Bio,0,-36.89521511,-72.80653304
08220013-4,Apr Copiulemu-Renacer,Calidad de Aguas,Vigentes,Región del Biobío,Comuna de Concepción,Costeras e Islas entre Rio Itata y Rio Bio-Bio,0,-36.80223567,-72.95288445
08220014-2,Apr Chaimavida Soto,Calidad de Aguas,Vigentes,Región del Biobío,Comuna de Concepción,Costeras e Islas entre Rio Itata y Rio Bio-Bio,0,-36.85791503,-72.87820396
08230000-7,Gobernacion Maritima De Talcahuano,Meteorológicas,Vigentes,Región del Biobío,Comuna de Talcahuano,Costeras e Islas entre Rio Itata y Rio Bio-Bio,12,-36.70781872,-73.11351333
08240000-1,Faro Isla Quiriquina,Meteorológicas,Suspendidas,Región del Biobío,Comuna de Talcahuano,Costeras e Islas entre Rio Itata y Rio Bio-Bio,35,-36.60837574,-73.04990943
08301001-0,Liucura,Meteorológicas,Vigentes,Región de La Araucanía,Comuna de Lonquimay,Rio Bio-Bio,1043,-38.64511495,-71.0910077
08304001-7,Rio Lonquimay Antes Junta Rio Bio Bio,Fluviométricas,Vigentes,Región de La Araucanía,Comuna de Lonquimay,Rio Bio-Bio,940,-38.44293314,-71.26633227
08304004-1,Lonquimay,Meteorológicas,Vigentes,Región de La Araucanía,Comuna de Lonquimay,Rio Bio-Bio,931,-38.45485544,-71.3749344
08307001-3,Rio Biobio Antes Llanquen (Ca),Calidad de Aguas,Vigentes,Región de La Araucanía,Comuna de Lonquimay,Rio Bio-Bio,780,-38.20087507,-71.29886225
08307002-1,Rio Bio-Bio En Llanquen,Meteorológicas,Vigentes,Región de La Araucanía,Comuna de Lonquimay,Rio Bio-Bio,767,-38.20087529,-71.29885084
08308000-0,Rio Lomin En Puente La Junta,Fluviométricas,Vigentes,Región del Biobío,Comuna de Alto Biobío,Rio Bio-Bio,755,-38.06606946,-71.34950456
08308001-9,Apr Villicura,Calidad de Aguas,Vigentes,Región del Biobío,Comuna de Santa Bárbara,Rio Bio-Bio,0,-37.55988872,-71.91927928
08308002-7,Rio Lomin En Copahue,Calidad de Aguas,Vigentes,Región del Biobío,Comuna de Alto Biobío,Rio Bio-Bio,0,-37.96667325,-71.26056503
08310002-8,Rio Lolco En Sector Rio De Lava (Ca),Calidad de Aguas,Suspendidas,Región de La Araucanía,Comuna de Lonquimay,Rio Bio-Bio,0,-38.30064106,-71.50014344
08312000-2,Rio Bio Bio En Angostura Ralco 1,Fluviométricas,Vigentes,Región del Biobío,Comuna de Alto Biobío,Rio Bio-Bio,652,-38.04037804,-71.47935693
08312001-0,Rio Bio Bio Ante Junta Huiri Huiri,Fluviométricas,Vigentes,Región del Biobío,Comuna de Alto Biobío,Rio Bio-Bio,524,-37.99279067,-71.52135072
08312002-9,Embalse Ralco,Meteorológicas,Vigentes,Región del Biobío,Comuna de Alto Biobío,Rio Bio-Bio,742,-38.05710318,-71.43492934
08312003-7,Embalse Ralco Le,Lagos y Embalses,Suspendidas,Región del Biobío,Comuna de Alto Biobío,Rio Bio-Bio,742,-38.05722783,-71.43500185
08313000-8,Rio Pangue En Captacion,Fluviométricas,Vigentes,Región del Biobío,Comuna de Alto Biobío,Rio Bio-Bio,550,-37.90242538,-71.57851155
08313001-6,Rio Bio Bio Ante Junta Pangue,Fluviométricas,Vigentes,Región del Biobío,Comuna de Alto Biobío,Rio Bio-Bio,420,-37.902831,-71.62656092
08313002-4,Embalse Pangue,Lagos y Embalses,Vigentes,Región del Biobío,Comuna de Alto Biobío,Rio Bio-Bio,512,-37.91837059,-71.59589123
08313003-2,Embalse Pangue Le,Lagos y Embalses,Vigentes,Región del Biobío,Comuna de Alto Biobío,Rio Bio-Bio,512,-37.91833558,-71.5958445
08314000-3,Rio Queuco En Puente Nitrao,Fluviométricas,Vigentes,Región del Biobío,Comuna de Alto Biobío,Rio Bio-Bio,867,-37.69665868,-71.29027318
08316001-2,Quillaileo,Meteorológicas,Vigentes,Región del Biobío,Comuna de Santa Bárbara,Rio Bio-Bio,464,-37.65107141,-71.71351883
08316002-0,Rio Huequecura Aguas Arriba De Embalse Angostura,Meteorológicas,Vigentes,Región del Biobío,Comuna de Santa Bárbara,Rio Bio-Bio,330,-37.70451376,-71.76816996
08317001-8,Rio Biobio En Rucalhue,Fluviométricas,Vigentes,Región del Biobío,Comuna de Santa Bárbara,Rio Bio-Bio,261,-37.70965618,-71.90231888
08317002-6,Rio Lirquen En Cerro El Padre,Fluviométricas,Vigentes,Región del Biobío,Comuna de Quilaco,Rio Bio-Bio,340,-37.77799181,-71.86623472
08317003-4,Cerro El Padre,Meteorológicas,Vigentes,Región del Biobío,Comuna de Quilaco,Rio Bio-Bio,346,-37.77962878,-71.86635474
08317004-2,Rio Biobio En La Culebra,Meteorológicas,Vigentes,Región del Biobío,Comuna de Santa Bárbara,Rio Bio-Bio,338,-37.79567087,-71.69885192
08317005-0,Rio Biobio En Puente Piulo,Meteorológicas,Vigentes,Región del Biobío,Comuna de Quilaco,Rio Bio-Bio,291,-37.70929213,-71.82349166
08317006-9,Central Angostura Embalse,Lagos y Embalses,Vigentes,Región del Biobío,Comuna de Quilaco,Rio Bio-Bio,324,-37.71304691,-71.81720315
08317007-7,Apr Rucalhue,Calidad de Aguas,Vigentes,Región del Biobío,Comuna de Quilaco,Rio Bio-Bio,0,-37.7126652,-71.90343444
08318002-1,Quilaco,Meteorológicas,Vigentes,Región del Biobío,Comuna de Quilaco,Rio Bio-Bio,231,-37.68531043,-72.00657963
08318003-K,Santa Barbara En Liceo Cardenal Samoré,Control de Nivel,Vigentes,Región del Biobío,Comuna de Santa Bárbara,Rio Bio-Bio,225,-37.66602912,-72.03297133
08318004-8,Apr Campamento,Calidad de Aguas,Vigentes,Región del Biobío,Comuna de Quilaco,Rio Bio-Bio,0,-37.68327304,-72.12153284
08318005-6,Apr El Huachi,Calidad de Aguas,Vigentes,Región del Biobío,Comuna de Santa Bárbara,Rio Bio-Bio,0,-37.67279558,-71.8187516
08318006-4,Apr Los Junquillos,Calidad de Aguas,Vigentes,Región del Biobío,Comuna de Santa Bárbara,Rio Bio-Bio,0,-37.66310101,-71.8654234
08319001-9,Rio Biobio En Longitudinal,Meteorológicas,Vigentes,Región del Biobío,Comuna de Mulchén,Rio Bio-Bio,138,-37.60183758,-72.27833918
08319002-7,San Carlos De Puren,Meteorológicas,Vigentes,Región del Biobío,Comuna de Los Angeles,Rio Bio-Bio,155,-37.59416269,-72.27727132
08320001-4,San Lorenzo En Bio-Bio,Meteorológicas,Vigentes,Región del Biobío,Comuna de Quilleco,Rio Bio-Bio,480,-37.50799797,-71.76775725
08320002-2,Sierra Velluda,Glaciológicas,Vigentes,Región del Biobío,Comuna de Santa Bárbara,Rio Bio-Bio,2996,-37.47250025,-71.43583971
08322000-7,Quilleco En Estadio Municipal,Control de Nivel,Vigentes,Región del Biobío,Comuna de Quilleco,Rio Bio-Bio,317,-37.47425637,-71.98219378
08323001-0,Rio Duqueco En Cerrillos,Fluviométricas,Vigentes,Región del Biobío,Comuna de Los Angeles,Rio Bio-Bio,129,-37.54238189,-72.31207694
08323002-9,Rio Duqueco En Villucura,Fluviométricas,Vigentes,Región del Biobío,Comuna de Santa Bárbara,Rio Bio-Bio,228,-37.5549334,-72.03342421
08323003-7,Apr El Peral,Calidad de Aguas,Suspendidas,Región del Biobío,Comuna de Los Angeles,Rio Bio-Bio,0,-37.47671424,-72.18658902
08324001-6,Duqueco,Meteorológicas,Suspendidas,Región del Biobío,Comuna de Los Angeles,Rio Bio-Bio,120,-37.5342303,-72.33208125
08324002-4,Estero Paillihue En Ex Longitudinal Sur,Meteorológicas,Vigentes,Región del Biobío,Comuna de Los Angeles,Rio Bio-Bio,138,-37.4761632,-72.32692334
08324003-2,Apr Chacayal Norte-Chacayal Sur,Calidad de Aguas,Vigentes,Región del Biobío,Comuna de Los Angeles,Rio Bio-Bio,0,-37.45557136,-72.14254221
08324004-0,Apr El Alamo,Calidad de Aguas,Vigentes,Región del Biobío,Comuna de Los Angeles,Rio Bio-Bio,0,-37.42779806,-72.20344976
08324005-9,Apr El Peral  (San Luis-Santa Laura),Calidad de Aguas,Vigentes,Región del Biobío,Comuna de Los Angeles,Rio Bio-Bio,0,-37.47278191,-72.18417012
08324006-7,Apr El Peral-Los Angeles,Calidad de Aguas,Vigentes,Región del Biobío,Comuna de Los Angeles,Rio Bio-Bio,0,-37.48084009,-72.21389907
08330001-9,Rio Mulchen En Mulchen,Fluviométricas,Vigentes,Región del Biobío,Comuna de Mulchén,Rio Bio-Bio,120,-37.72226576,-72.25072586
08330002-7,Pilguen,Meteorológicas,Vigentes,Región del Biobío,Comuna de Mulchén,Rio Bio-Bio,264,-37.83054739,-72.2196947
08330003-5,Pozo Mulchen O Sondaje Nº 773 Essbio S.A.,Calidad de Aguas,Vigentes,Región del Biobío,Comuna de Mulchén,Rio Bio-Bio,0,-37.72062928,-72.23547249
08330004-3,Mulchen En Sector La Granja,Control de Nivel,Vigentes,Región del Biobío,Comuna de Mulchén,Rio Bio-Bio,131,-37.73625568,-72.23670645
08332001-K,Rio Bureo En Mulchen,Fluviométricas,Vigentes,Región del Biobío,Comuna de Mulchén,Rio Bio-Bio,133,-37.71759945,-72.23039001
08332002-8,Mulchen,Meteorológicas,Vigentes,Región del Biobío,Comuna de Mulchén,Rio Bio-Bio,142,-37.71464213,-72.2437598
08333001-5,Rio Bureo En Longitudinal (Ca),Calidad de Aguas,Suspendidas,Región del Biobío,Comuna de Mulchén,Rio Bio-Bio,120,-37.71959212,-72.26205482
08333002-3,San Jose De Munilque,Meteorológicas,Suspendidas,Región del Biobío,Comuna de Los Angeles,Rio Bio-Bio,120,-37.58645535,-72.32042235
08333003-1,Rio Bureo En Puente Acceso A Mulchen,Fluviométricas,Vigentes,Región del Biobío,Comuna de Mulchén,Rio Bio-Bio,138,-37.71287549,-72.24913356
08333004-K,Río Bureo Aguas Arriba Conf Río Biobío,Calidad de Aguas,Vigentes,Región del Biobío,Comuna de Negrete,Rio Bio-Bio,74,-37.59312218,-72.48022185
08334001-0,Rio Biobio En Coihue,Fluviométricas,Vigentes,Región del Biobío,Comuna de Negrete,Rio Bio-Bio,60,-37.55973748,-72.58900989
08334002-9,Los Angeles,Meteorológicas,Vigentes,Región del Biobío,Comuna de Los Angeles,Rio Bio-Bio,129,-37.50213602,-72.40827097
08334003-7,Apr La Aguada,Calidad de Aguas,Vigentes,Región del Biobío,Comuna de Los Angeles,Rio Bio-Bio,0,-37.4667296,-72.58066192
08334004-5,Apr Cocharcas Pozo 2,Calidad de Aguas,Vigentes,Región de Ñuble,Comuna de San Carlos,Rio Itata,0,-36.51926017,-72.05561503
08334005-3,Apr Coihue-Negrete,Calidad de Aguas,Vigentes,Región de Ñuble,Comuna de Portezuelo,Rio Itata,0,-36.54833602,-72.59278838
08341002-7,Rio Renaico En El Morro (Ca),Calidad de Aguas,Vigentes,Región de La Araucanía,Comuna de Collipulli,Rio Bio-Bio,300,-38.00398035,-72.00240397
08341003-5,El Morro,Meteorológicas,Suspendidas,Región del Biobío,Comuna de Mulchén,Rio Bio-Bio,300,-37.99785883,-71.99739217
08342001-4,Rio Renaico En Longitudinal,Fluviométricas,Vigentes,Región de La Araucanía,Comuna de Collipulli,Rio Bio-Bio,135,-37.84482896,-72.39086184
08342002-2,Rio Renaico En Ruta 5 Sur,Calidad de Aguas,Vigentes,Región del Biobío,Comuna de Mulchén,Rio Bio-Bio,0,-37.84569855,-72.3890358
08343001-K,Rio Mininco En Longitudinal,Calidad de Aguas,Vigentes,Región de La Araucanía,Comuna de Collipulli,Rio Bio-Bio,125,-37.86321046,-72.39246391
08343002-8,Encinar Malleco,Meteorológicas,Vigentes,Región de La Araucanía,Comuna de Collipulli,Rio Bio-Bio,520,-38.10433477,-72.11361723
08343003-6,Niblinto,Meteorológicas,Suspendidas,Región de La Araucanía,Comuna de Lumaco,Rio Imperial,520,-38.1461939,-72.82683062
08344001-5,Rio Renaico En Renaico (Ca),Calidad de Aguas,Vigentes,Región de La Araucanía,Comuna de Renaico,Rio Bio-Bio,65,-37.6686345,-72.5878247
08344002-3,Rio Renaico En Ruta 5 Q-860,Calidad de Aguas,Vigentes,Región del Biobío,Comuna de Mulchén,Rio Bio-Bio,0,-37.75759447,-72.46637603
08350001-8,Rio Malleco En Desagüe Malleco,Calidad de Aguas,Vigentes,Región de La Araucanía,Comuna de Curacautín,Rio Bio-Bio,850,-38.21813645,-71.83066808
08350002-6,Laguna Malleco,Meteorológicas,Vigentes,Región de La Araucanía,Comuna de Curacautín,Rio Bio-Bio,894,-38.21520004,-71.81115156
08351001-3,Rio Malleco En Collipulli,Calidad de Aguas,Vigentes,Región de La Araucanía,Comuna de Collipulli,Rio Bio-Bio,153,-37.96472994,-72.43568787
08351003-K,Collipulli,Meteorológicas,Suspendidas,Región de La Araucanía,Comuna de Collipulli,Rio Bio-Bio,240,-37.95896414,-72.42542961
08351004-8,Apr Pidima,Calidad de Aguas,Vigentes,Región de La Araucanía,Comuna de Ercilla,Rio Bio-Bio,0,-38.00861469,-72.42139259
08352002-7,Rio Malleco En Camino Huequen-Renaico (C,Calidad de Aguas,Vigentes,Región de La Araucanía,Comuna de Angol,Rio Bio-Bio,80,-37.80396593,-72.6524679
08352003-5,Río Malleco En Pte Malleco Ruta 180,Calidad de Aguas,Vigentes,Región de La Araucanía,Comuna de Angol,Rio Bio-Bio,0,-37.7970183,-72.65247213
08353001-4,Ercilla (Vida Nueva),Meteorológicas,Vigentes,Región de La Araucanía,Comuna de Ercilla,Rio Bio-Bio,262,-38.04479241,-72.46027603
08356001-0,Rio Rahue En Quebrada Culen,Fluviométricas,Vigentes,Región de La Araucanía,Comuna de Los Sauces,Rio Bio-Bio,65,-37.94140648,-72.80609225
08358001-1,Rio Vergara En Tijeral,Sedimentometricas,Vigentes,Región de La Araucanía,Comuna de Renaico,Rio Bio-Bio,40,-37.73183523,-72.61859917
08358002-K,Angol (La Mona),Meteorológicas,Vigentes,Región de La Araucanía,Comuna de Angol,Rio Bio-Bio,113,-37.77923963,-72.63718532
08358003-8,El Vergel (Angol),Meteorológicas,Suspendidas,Región de La Araucanía,Comuna de Angol,Rio Bio-Bio,75,-37.81784579,-72.64988123
08358004-6,Poco A Poco,Meteorológicas,Vigentes,Región del Biobío,Comuna de Mulchén,Rio Bio-Bio,653,-37.88011666,-71.98676686
08358005-4,Parque Nahuelbuta,Meteorológicas,Vigentes,Región de La Araucanía,Comuna de Angol,Rio Bio-Bio,1177,-37.8232421,-72.96062584
08358006-2,Asoc. Canalistas Biobio Sur,Control de Nivel,Vigentes,Región de La Araucanía,Comuna de Angol,Rio Bio-Bio,110,-37.77922038,-72.63667502
08359002-5,Rio Vergara En Nacimiento,Calidad de Aguas,Vigentes,Región del Biobío,Comuna de Nacimiento,Rio Bio-Bio,0,-37.50923367,-72.66689273
08359003-3,Apr Rihue,Calidad de Aguas,Vigentes,Región del Biobío,Comuna de Negrete,Rio Bio-Bio,0,-37.62703747,-72.63721042
08361000-K,Apr La Generala,Calidad de Aguas,Vigentes,Región del Biobío,Comuna de Santa Juana,Rio Bio-Bio,0,-37.38269316,-72.96088746
08362001-3,Rio Nicodahue En Pichun,Fluviométricas,Vigentes,Región del Biobío,Comuna de Nacimiento,Rio Bio-Bio,0,-37.46511857,-72.74989334
08362002-1,Nacimiento En Piscina Municipal,Control de Nivel,Vigentes,Región del Biobío,Comuna de Nacimiento,Rio Bio-Bio,85,-37.50206225,-72.68162851
08363001-9,Rio Biobio Bajo Junta Rio Vergara (Ca),Calidad de Aguas,Suspendidas,Región del Biobío,Comuna de Los Angeles,Rio Bio-Bio,0,-37.46222873,-72.68063245
08363002-7,Apr Tres Esquinas De Bulnes,Calidad de Aguas,Vigentes,Región del Biobío,Comuna de Los Angeles,Rio Bio-Bio,0,-37.47090139,-72.64527988
08364001-4,Las Achiras,Meteorológicas,Vigentes,Región del Biobío,Comuna de Los Angeles,Rio Bio-Bio,144,-37.3801905,-72.36609854
08364002-2,Apr Rarinco-Natre Rarinco-Santa Clara,Calidad de Aguas,Vigentes,Región del Biobío,Comuna de Los Angeles,Rio Bio-Bio,0,-37.36646111,-72.28816882
08365000-1,Apr Canteras El Hualle,Calidad de Aguas,Vigentes,Región del Biobío,Comuna de Quilleco,Rio Bio-Bio,0,-37.40182039,-72.01031327
08365001-K,Apr Villa Mercedes,Calidad de Aguas,Vigentes,Región del Biobío,Comuna de Quilleco,Rio Bio-Bio,0,-37.40698848,-71.97556964
08366001-5,Rio Huaqui En Diuquin,Calidad de Aguas,Vigentes,Región del Biobío,Comuna de Laja,Rio Bio-Bio,40,-37.36511603,-72.64231383
08366002-3,Estero Quilque En Los Angeles,Meteorológicas,Vigentes,Región del Biobío,Comuna de Los Angeles,Rio Bio-Bio,144,-37.45606735,-72.32727754
08366003-1,Los Angeles En Casa De Huesped Mop,Control de Nivel,Vigentes,Región del Biobío,Comuna de Los Angeles,Rio Bio-Bio,153,-37.43862208,-72.32649721
08366004-K,Estero Quilque En La Vega,Fluviométricas,Vigentes,Región del Biobío,Comuna de Los Angeles,Rio Bio-Bio,0,-37.46700679,-72.34685304
08366005-8,Apr Rere,Calidad de Aguas,Vigentes,Región del Biobío,Comuna de Los Angeles,Rio Bio-Bio,0,-37.39569551,-72.62532784
08367001-0,Laja,Meteorológicas,Vigentes,Región del Biobío,Comuna de Laja,Rio Bio-Bio,53,-37.27719773,-72.71637959
08367002-9,Rio Biobio Antes Junta Rio Laja,Calidad de Aguas,Vigentes,Región del Biobío,Comuna de Laja,Rio Bio-Bio,0,-37.28425064,-72.71666264
08370001-7,"Laguna De La Laja, Sector Puerto Nuevo",Lagos y Embalses,Vigentes,Región del Biobío,Comuna de Antuco,Rio Bio-Bio,0,-37.36841767,-71.36203501
08370002-5,Laguna De La Laja Frente Puntilla El Flaco,Lagos y Embalses,Vigentes,Región del Biobío,Comuna de Antuco,Rio Bio-Bio,0,-37.35147299,-71.30508295
08370003-3,Laguna De La Laja Frente Puntilla Los Machos,Lagos y Embalses,Vigentes,Región del Biobío,Comuna de Antuco,Rio Bio-Bio,0,-37.28840898,-71.30313418
08370004-1,Laguna De La Laja Sector Bahia Colorado,Lagos y Embalses,Vigentes,Región del Biobío,Comuna de Antuco,Rio Bio-Bio,0,-37.2439643,-71.27924622
08370005-K,Laguna De La Laja En Rio Colorado,Lagos y Embalses,Vigentes,Región del Biobío,Comuna de Antuco,Rio Bio-Bio,0,-37.2397989,-71.26007089
08370006-8,Canal Alto Polcura,Fluviométricas,Vigentes,Región del Biobío,Comuna de Antuco,Rio Bio-Bio,1450,-37.209181,-71.23222745
08370007-6,Laguna De La Laja (Lm),Lagos y Embalses,Vigentes,Región del Biobío,Comuna de Antuco,Rio Bio-Bio,1330,-37.36728604,-71.36679818
08370008-4,Pichachen,Meteorológicas,Vigentes,Región del Biobío,Comuna de Antuco,Rio Bio-Bio,1485,-37.52777884,-71.21528112
08370009-2,Rio De Los Pinos En Paso Fronterizo Pichachen,Fluviométricas,Vigentes,Región del Biobío,Comuna de Antuco,Rio Bio-Bio,1460,-37.52945253,-71.21973247
08370010-6,Estacion Nivometrica Los Corralitos,Nivométricas,Vigentes,Región del Biobío,Comuna de Antuco,Rio Bio-Bio,1750,-37.58000562,-71.15723306
08371001-2,Canal De Descarga Central Antuco,Fluviométricas,Vigentes,Región del Biobío,Comuna de Tucapel,Rio Bio-Bio,0,-37.30967523,-71.63274658
08371002-0,Laguna Del Laja (Conaf),Meteorológicas,Vigentes,Región del Biobío,Comuna de Antuco,Rio Bio-Bio,1124,-37.39472984,-71.41167811
08372001-8,Alto Mallines,Nivométricas,Vigentes,Región del Biobío,Comuna de Antuco,Rio Bio-Bio,1770,-37.15949818,-71.24262204
08372002-6,Rio Polcura En Cuatro Junta,Fluviométricas,Vigentes,Región del Biobío,Comuna de Antuco,Rio Bio-Bio,1319,-37.11044188,-71.24463985
08374001-9,Volcan Chillan,Nivométricas,Vigentes,Región de Ñuble,Comuna de Pinto,Rio Itata,2060,-36.8942117,-71.41207734
08374002-7,Canal De Descarga Central El Toro,Fluviométricas,Vigentes,Región del Biobío,Comuna de Antuco,Rio Bio-Bio,0,-37.27398427,-71.46009823
08374003-5,Rio Polcura Aguas Abajo Descarga Central El Toro,Fluviométricas,Vigentes,Región del Biobío,Comuna de Antuco,Rio Bio-Bio,0,-37.27527871,-71.46112147
08375001-4,Rio Polcura  A. Desc. Central El Toro,Fluviométricas,Vigentes,Región del Biobío,Comuna de Antuco,Rio Bio-Bio,710,-37.26973449,-71.46078303
08375002-2,Canal Abanico En Km 049,Fluviométricas,Vigentes,Región del Biobío,Comuna de Antuco,Rio Bio-Bio,890,-37.39522833,-71.45139611
08375003-0,Rio Laja Bajo Descarga Central Antuco (C,Calidad de Aguas,Vigentes,Región del Biobío,Comuna de Antuco,Rio Bio-Bio,450,-37.3097819,-71.63685685
08375004-9,Canal Zañartu Despues Bocatoma Rio Laja,Fluviométricas,Vigentes,Región del Biobío,Comuna de Tucapel,Rio Bio-Bio,490,-37.30539097,-71.64946228
08375005-7,Canal Collao,Fluviométricas,Vigentes,Región del Biobío,Comuna de Tucapel,Rio Bio-Bio,490,-37.30576612,-71.64961083
08375006-5,Canal Mirrihue,Fluviométricas,Vigentes,Región del Biobío,Comuna de Antuco,Rio Bio-Bio,500,-37.32617518,-71.65490915
08375007-3,Apr Agua Y Sol Antuco,Calidad de Aguas,Vigentes,Región del Biobío,Comuna de Antuco,Rio Bio-Bio,0,-37.33436052,-71.67635742
08375008-1,Apr Los Canelos,Calidad de Aguas,Vigentes,Región del Biobío,Comuna de Antuco,Rio Bio-Bio,0,-37.3592453,-71.52964613
08375009-K,Apr Polcura,Calidad de Aguas,Vigentes,Región del Biobío,Comuna de Tucapel,Rio Bio-Bio,0,-37.28795933,-71.72537404
08375010-3,Apr Villa Las Rosas Y Villa Peluca,Calidad de Aguas,Vigentes,Región del Biobío,Comuna de Quilleco,Rio Bio-Bio,0,-37.40618989,-71.97543637
08375011-1,Canal Unificado Mirrihue Ortiz Pinochet,Fluviométricas,Vigentes,Región del Biobío,Comuna de Antuco,Rio Bio-Bio,0,-37.33472447,-71.6397266
08376001-K,Rio Rucue En Camino A Antuco,Fluviométricas,Vigentes,Región del Biobío,Comuna de Antuco,Rio Bio-Bio,450,-37.34317899,-71.79717641
08376002-8,Rio Rucue Aguas Arriba Bocatoma Central Rucue,Calidad de Aguas,Vigentes,Región del Biobío,Comuna de Antuco,Rio Bio-Bio,661,-37.37333564,-71.73805952
08380001-1,Rio Laja En Tucapel,Calidad de Aguas,Vigentes,Región del Biobío,Comuna de Quilleco,Rio Bio-Bio,295,-37.28575467,-71.9814647
08380002-K,Canal Laja Camino A Tucapel,Fluviométricas,Vigentes,Región del Biobío,Comuna de Quilleco,Rio Bio-Bio,285,-37.30405357,-71.9729493
08380003-8,Canal Siberia En Bocatoma (Rec.R.Laja),Fluviométricas,Vigentes,Región del Biobío,Comuna de Tucapel,Rio Bio-Bio,300,-37.25032416,-72.00532475
08380005-4,Canal Laja-Diguillín,Fluviométricas,Vigentes,Región del Biobío,Comuna de Tucapel,Rio Bio-Bio,0,-37.30074943,-71.96422413
08380006-2,Rio Laja En Tucapel 2,Fluviométricas,Vigentes,Región del Biobío,Comuna de Quilleco,Rio Bio-Bio,0,-37.28311677,-71.98708917
08380007-0,Apr El Roble,Calidad de Aguas,Vigentes,Región de Ñuble,Comuna de Yungay,Rio Bio-Bio,0,-37.17301901,-72.15356374
08380008-9,Canal Litre En Bocatoma Rio Laja,Fluviométricas,Vigentes,Región del Biobío,Comuna de Tucapel,Rio Bio-Bio,0,-37.28083525,-71.96639673
08380009-7,Apr La Esperanza-Cholguan Estacion,Calidad de Aguas,Vigentes,Región de Ñuble,Comuna de Yungay,Rio Bio-Bio,0,-37.16532181,-72.07474327
08381003-3,Rio Laja Ag.Arr. Del Salto (Rec.R.Laja),Meteorológicas,Vigentes,Región del Biobío,Comuna de Los Angeles,Rio Bio-Bio,140,-37.21288425,-72.32789739
08381004-1,Canal Batuco En Bocatoma,Fluviométricas,Vigentes,Región del Biobío,Comuna de Cabrero,Rio Bio-Bio,151,-37.20277995,-72.31583916
08381005-K,Canal Rio Claro Los Leones En Bocatoma (Rec.Laja),Fluviométricas,Vigentes,Región del Biobío,Comuna de Cabrero,Rio Bio-Bio,156,-37.20417137,-72.31639821
08381006-8,Canal La Mancha En Bocatoma (Rec.Laja),Fluviométricas,Vigentes,Región del Biobío,Comuna de Cabrero,Rio Bio-Bio,153,-37.20584105,-72.31611373
08381007-6,Estero Zanjon Seco A.J. Laja (Rec.Laja),Fluviométricas,Suspendidas,Región del Biobío,Comuna de Cabrero,Rio Bio-Bio,149,-37.20977282,-72.31981631
08381008-4,Canal Dueñas En Bocatoma (Rec.Laja),Fluviométricas,Vigentes,Región del Biobío,Comuna de Cabrero,Rio Bio-Bio,133,-37.2119458,-72.37333682
08381009-2,Canal Saltos La Aguada En Bocatoma (Rec.R.Laja),Fluviométricas,Vigentes,Región del Biobío,Comuna de Cabrero,Rio Bio-Bio,133,-37.21195299,-72.37528578
08381010-6,Rio Laja En Pte.Longitudinal (Rec.Laja),Calidad de Aguas,Suspendidas,Región del Biobío,Comuna de Los Angeles,Rio Bio-Bio,128,-37.21912913,-72.38274445
08381011-4,Estero Batuco A.J. Laja (Rec.R.Laja),Fluviométricas,Suspendidas,Región del Biobío,Comuna de Yumbel,Rio Bio-Bio,100,-37.20699246,-72.4434509
08381012-2,Yungay En Posta Campanario,Control de Nivel,Vigentes,Región de Ñuble,Comuna de Yungay,Rio Bio-Bio,177,-37.13195783,-72.19560946
08381013-0,Río Laja Aguas Arriba De Conf Río Caliboro,Calidad de Aguas,Vigentes,Región del Biobío,Comuna de Los Angeles,Rio Bio-Bio,0,-37.21896076,-72.39185499
08381014-9,Apr Cambrales,Calidad de Aguas,Vigentes,Región del Biobío,Comuna de Yumbel,Rio Bio-Bio,0,-37.20647501,-72.43744081
08381015-7,Apr Campanario,Calidad de Aguas,Vigentes,Región de Ñuble,Comuna de Yungay,Rio Bio-Bio,0,-37.13690694,-72.17899365
08381016-5,Apr Chillancito De Cabrero,Calidad de Aguas,Vigentes,Región del Biobío,Comuna de Cabrero,Rio Bio-Bio,0,-37.20422371,-72.35475669
08381017-3,Apr Paraguay,Calidad de Aguas,Vigentes,Región del Biobío,Comuna de Los Angeles,Rio Bio-Bio,0,-37.20347846,-72.2346118
08381018-1,Apr Puente Tapihue-Misque,Calidad de Aguas,Vigentes,Región del Biobío,Comuna de Cabrero,Rio Bio-Bio,0,-37.17066846,-72.40913587
08381019-K,Canal Misque En Bocatoma Rio Laja,Fluviométricas,Vigentes,Región del Biobío,Comuna de Cabrero,Rio Bio-Bio,0,-37.21111688,-72.37334304
08381020-3,Canal De Descarga Central Quilleco,Fluviométricas,Vigentes,Región del Biobío,Comuna de Quilleco,Rio Bio-Bio,387,-37.35722934,-71.87334136
08381021-1,Rio Laja Antes Salto Del Laja,Calidad de Aguas,Vigentes,Región del Biobío,Comuna de Cabrero,Rio Bio-Bio,0,-37.21357831,-72.38235043
08382001-2,Estero Cachapoal A.J. Laja (Rec.R.Laja),Fluviométricas,Suspendidas,Región del Biobío,Comuna de Los Angeles,Rio Bio-Bio,100,-37.25504974,-72.49817319
08382002-0,Canal Quilales En Bocatoma (Rec.R.Laja),Fluviométricas,Vigentes,Región del Biobío,Comuna de Los Angeles,Rio Bio-Bio,141,-37.23366444,-72.36486282
08382003-9,Canal Morales En Bocatoma (Rec.R.Laja),Fluviométricas,Vigentes,Región del Biobío,Comuna de Los Angeles,Rio Bio-Bio,141,-37.21450082,-72.36625106
08382004-7,Estero Caliboro A.J. Laja (Rec.R.Laja),Fluviométricas,Suspendidas,Región del Biobío,Comuna de Los Angeles,Rio Bio-Bio,106,-37.24505167,-72.47845044
08382005-5,Apr Los Troncos,Calidad de Aguas,Vigentes,Región del Biobío,Comuna de Los Angeles,Rio Bio-Bio,0,-37.27675877,-72.42757076
08382006-3,Apr Salto Del Laja,Calidad de Aguas,Vigentes,Región del Biobío,Comuna de Los Angeles,Rio Bio-Bio,0,-37.22372183,-72.37202669
08382007-1,Apr Salto Del Laja Oriente,Calidad de Aguas,Vigentes,Región del Biobío,Comuna de Los Angeles,Rio Bio-Bio,0,-37.21980921,-72.37642195
08382008-K,Rio Caliboro En Ruta Q-15,Calidad de Aguas,Vigentes,Región del Biobío,Comuna de Los Angeles,Rio Bio-Bio,0,-37.28829097,-72.19780949
08382009-8,Rio Caliboro Antes Junta Rio Laja,Calidad de Aguas,Vigentes,Región del Biobío,Comuna de Los Angeles,Rio Bio-Bio,0,-37.24528949,-72.49261188
08383001-8,Rio Laja En Puente Perales,Fluviométricas,Vigentes,Región del Biobío,Comuna de Yumbel,Rio Bio-Bio,65,-37.23697695,-72.53923458
08383002-6,Estero Potrerada A.J.Laja (Rec.R.Laja),Fluviométricas,Suspendidas,Región del Biobío,Comuna de Yumbel,Rio Bio-Bio,85,-37.2261622,-72.54484916
08383003-4,Apr Cerro Parra,Calidad de Aguas,Vigentes,Región del Biobío,Comuna de Laja,Rio Bio-Bio,0,-37.2862599,-72.51454244
08384000-5,Cabrero En Municipalidad,Control de Nivel,Vigentes,Región del Biobío,Comuna de Cabrero,Rio Bio-Bio,129,-37.03815735,-72.40490233
08384001-3,Apr Millantu,Calidad de Aguas,Vigentes,Región del Biobío,Comuna de Yumbel,Rio Bio-Bio,0,-36.9871417,-72.62611897
08385001-9,Rio Claro En Camino Yumbel-Estacion,Fluviométricas,Suspendidas,Región del Biobío,Comuna de Yumbel,Rio Bio-Bio,0,-37.1189385,-72.54485187
08385003-5,Rio Claro En Estac. Rio Claro (Rec.Laja),Fluviométricas,Suspendidas,Región del Biobío,Comuna de Yumbel,Rio Bio-Bio,80,-37.20060133,-72.61568422
08385004-3,Rio Claro En Puente Ferroviario (Ca),Calidad de Aguas,Vigentes,Región del Biobío,Comuna de Yumbel,Rio Bio-Bio,0,-37.20276812,-72.61811715
08385005-1,Yumbel En Estadio Municipal,Control de Nivel,Vigentes,Región del Biobío,Comuna de Yumbel,Rio Bio-Bio,96,-37.1450849,-72.53760094
08385006-K,Apr Tomeco,Calidad de Aguas,Vigentes,Región del Biobío,Comuna de Yumbel,Rio Bio-Bio,0,-37.15803126,-72.60643847
08385007-8,Apr Charrua,Calidad de Aguas,Vigentes,Región del Biobío,Comuna de Cabrero,Rio Bio-Bio,0,-37.10050174,-72.32470842
08385008-6,Apr Obras De Rio Claro,Calidad de Aguas,Vigentes,Región del Biobío,Comuna de Yumbel,Rio Bio-Bio,0,-37.08133136,-72.51845179
08385009-4,Apr Rio Claro,Calidad de Aguas,Vigentes,Región del Biobío,Comuna de Yumbel,Rio Bio-Bio,0,-37.19099174,-72.62137105
08385010-8,Monte Aguila,Meteorológicas,Vigentes,Región del Biobío,Comuna de Cabrero,Rio Bio-Bio,150,-37.08639772,-72.44139024
08386001-4,Rio Laja En San Rosendo,Calidad de Aguas,Suspendidas,Región del Biobío,Comuna de San Rosendo,Rio Bio-Bio,40,-37.26608478,-72.72006436
08386002-2,Rio Laja En La Cantera (Rec.R.Laja),Fluviométricas,Suspendidas,Región del Biobío,Comuna de San Rosendo,Rio Bio-Bio,75,-37.25116419,-72.68680579
08386003-0,Río Laja En Puente Laja,Calidad de Aguas,Vigentes,Región del Biobío,Comuna de Laja,Rio Bio-Bio,0,-37.26588894,-72.71271834
08390000-8,Rio Biobio Ante Junta Rio Gomero,Calidad de Aguas,Vigentes,Región del Biobío,Comuna de San Rosendo,Rio Bio-Bio,0,-37.20337936,-72.81329234
08390001-6,Apr Santa Fe,Calidad de Aguas,Vigentes,Región del Biobío,Comuna de Yumbel,Rio Bio-Bio,0,-37.1348733,-72.72788158
08391001-1,Rio Bio Bio En Santa Juana (Ca),Calidad de Aguas,Vigentes,Región del Biobío,Comuna de Santa Juana,Rio Bio-Bio,35,-37.1706099,-72.9358116
08391002-K,Apr Talcamavida,Calidad de Aguas,Vigentes,Región del Biobío,Comuna de Hualqui,Rio Bio-Bio,0,-37.16413559,-72.90329646
08392000-9,Apr Quilacoya,Calidad de Aguas,Vigentes,Región del Biobío,Comuna de Hualqui,Rio Bio-Bio,0,-37.05267209,-72.96144487
08392001-7,Apr Unihue,Calidad de Aguas,Vigentes,Región del Biobío,Comuna de Hualqui,Rio Bio-Bio,0,-37.05565941,-72.94965867
08393002-0,Estero Hualqui En Desembocadura,Fluviométricas,Vigentes,Región del Biobío,Comuna de Hualqui,Rio Bio-Bio,30,-36.98254861,-72.94138848
08394001-8,Rio Biobio En Desembocadura,Fluviométricas,Vigentes,Región del Biobío,Comuna de Concepción,Rio Bio-Bio,16,-36.83784751,-73.06153398
08394002-6,Laguna Grande San Pedro (Lm),Lagos y Embalses,Vigentes,Región del Biobío,Comuna de San Pedro de la Paz,Rio Bio-Bio,18,-36.85059902,-73.0999047
08394003-4,Rio Bio Bio En Desembocadura (Boca Norte,Calidad de Aguas,Vigentes,Región del Biobío,Comuna de Concepción,Rio Bio-Bio,2,-36.83093493,-73.06821165
08394004-2,Rio Biobio En Desembocadura (Boca Sur),Calidad de Aguas,Vigentes,Región del Biobío,Comuna de San Pedro de la Paz,Rio Bio-Bio,2,-36.84323969,-73.07553892
08394005-0,Rio Bio-Bio Antes Planta La Mochita (Ca),Calidad de Aguas,Vigentes,Región del Biobío,Comuna de Concepción,Rio Bio-Bio,0,-36.84362474,-73.05710428
08394006-9,Cerro Verde,Meteorológicas,Suspendidas,Región del Biobío,Comuna de Concepción,Rio Bio-Bio,10,-36.81671244,-73.07212292
08394007-7,Laguna Grande De San Pedro En Sector Sur,Lagos y Embalses,Vigentes,Región del Biobío,Comuna de San Pedro de la Paz,Rio Bio-Bio,0,-36.86876555,-73.11605738
08394008-5,Laguna Grande De San Pedro En Sector Centro,Lagos y Embalses,Vigentes,Región del Biobío,Comuna de San Pedro de la Paz,Rio Bio-Bio,0,-36.86196732,-73.11364442
08394009-3,Laguna Grande De San Pedro En Sector Desagüe,Calidad de Aguas,Vigentes,Región del Biobío,Comuna de San Pedro de la Paz,Rio Bio-Bio,0,-36.84947546,-73.10914017
08394010-7,Lago San Pedro En Sector Centro 2,Calidad de Aguas,Vigentes,Región del Biobío,Comuna de San Pedro de la Paz,Rio Bio-Bio,0,-36.85820383,-73.11049539
08394011-5,Faro Punta Hualpen,Meteorológicas,Suspendidas,Región del Biobío,Comuna de Hualpén,Rio Bio-Bio,40,-36.74776709,-73.18938179
08410001-3,Concepcion Dga.,Meteorológicas,Vigentes,Región del Biobío,Comuna de San Pedro de la Paz,Rio Bio-Bio,28,-36.83321298,-73.10050313
08410002-1,Concepcion Edif. Mop,Meteorológicas,Suspendidas,Región del Biobío,Comuna de Concepción,Rio Bio-Bio,30,-36.81782403,-73.03323963
08410003-K,Pozo Papelera Concepcion,Calidad de Aguas,Vigentes,Región del Biobío,Comuna de Coronel,Costeras e Islas entre Rios Bio-Bio y Carampangue,0,-36.93392146,-73.1533131
08410004-8,San Pedro En Colegio Lomas Coloradas,Control de Nivel,Vigentes,Región del Biobío,Comuna de San Pedro de la Paz,Costeras e Islas entre Rios Bio-Bio y Carampangue,7,-36.87847541,-73.13737139
08430001-2,Rio Laraquete En El Cajon,Fluviométricas,Vigentes,Región del Biobío,Comuna de Arauco,Costeras e Islas entre Rios Bio-Bio y Carampangue,15,-37.16726814,-73.1665692
08430003-9,Pozo Captacion Puntera Horcones 1 Arauco,Calidad de Aguas,Vigentes,Región del Biobío,Comuna de Arauco,Costeras e Islas entre Rios Bio-Bio y Carampangue,10,-37.22587348,-73.23139002
08430004-7,Apr Laraquete-El Pinar,Calidad de Aguas,Vigentes,Región del Biobío,Comuna de Arauco,Costeras e Islas entre Rios Bio-Bio y Carampangue,0,-37.16297745,-73.16595214
08510001-7,Rio Carampangue En Ramadilla (Ca),Fluviométricas,Vigentes,Región del Biobío,Comuna de Arauco,Rio Carampangue,0,-37.31051918,-73.26096884
08520000-3,Carampangue,Meteorológicas,Vigentes,Región del Biobío,Comuna de Arauco,Rio Carampangue,10,-37.25589694,-73.24238079
08520001-1,Apr Huallerehue,Calidad de Aguas,Vigentes,Región del Biobío,Comuna de Santa Juana,Rio Carampangue,0,-37.19092163,-73.00294044
08530001-6,Rio Carampangue En Carampangue,Calidad de Aguas,Suspendidas,Región del Biobío,Comuna de Arauco,Rio Carampangue,3,-37.26263208,-73.25412091
08530002-4,Rio Carampangue Antes Estero Los Patos,Calidad de Aguas,Suspendidas,Región del Biobío,Comuna de Arauco,Rio Carampangue,10,-37.30327658,-73.26921399
08530003-2,Rio Carampangue En  Camino A Arauco (Ca(,Calidad de Aguas,Vigentes,Región del Biobío,Comuna de Arauco,Rio Carampangue,8,-37.23726536,-73.26916915
08530004-0,Apr San Jose De Colico,Calidad de Aguas,Vigentes,Región del Biobío,Comuna de Curanilahue,Rio Carampangue,0,-37.37803355,-73.33480825
08530005-9,Rio Carampangue A. Abajo B.T. Planta Arauc0,Meteorológicas,Vigentes,Región del Biobío,Comuna de Arauco,Rio Carampangue,12,-37.25527994,-73.25611726
08600000-8,Apr Caleta Las Penas,Calidad de Aguas,Vigentes,Región del Biobío,Comuna de Arauco,Costeras Carampangue-Lebu,0,-37.26390897,-73.42954719
08600001-6,Apr Caleta Tubul,Calidad de Aguas,Vigentes,Región del Biobío,Comuna de Arauco,Costeras Carampangue-Lebu,0,-37.24926723,-73.56629938
08600002-4,Apr Llico Arauco,Calidad de Aguas,Vigentes,Región del Biobío,Comuna de Arauco,Costeras Carampangue-Lebu,0,-37.20209201,-73.57680386
08600003-2,Apr Punta Lavapie,Calidad de Aguas,Vigentes,Región del Biobío,Comuna de Arauco,Costeras Carampangue-Lebu,0,-37.17347551,-73.5881878
08600004-0,Punta Lavapie,Meteorológicas,Vigentes,Región del Biobío,Comuna de Arauco,Costeras Carampangue-Lebu,11,-37.14889399,-73.58500798
08700001-K,Curanilahue,Meteorológicas,Vigentes,Región del Biobío,Comuna de Curanilahue,Rio Lebu,146,-37.48503434,-73.3317005
08700002-8,Rio Curanilahue En Curanilahue,Fluviométricas,Vigentes,Región del Biobío,Comuna de Curanilahue,Rio Lebu,149,-37.48073111,-73.33715682
08700003-6,Estero Plegarias Antes De Jta Rio Curanilahue,Meteorológicas,Vigentes,Región del Biobío,Comuna de Curanilahue,Rio Lebu,149,-37.48780437,-73.34409163
08700004-4,Apr Plegarias,Calidad de Aguas,Vigentes,Región del Biobío,Comuna de Curanilahue,Rio Lebu,0,-37.5190807,-73.34361552
08720001-9,Rio Lebu En Las Corrientes (En Los Alamos),Calidad de Aguas,Vigentes,Región del Biobío,Comuna de Los Alamos,Rio Lebu,60,-37.60181472,-73.48780872
08720002-7,Rio Lebu En Los Alamos (Ca),Calidad de Aguas,Suspendidas,Región del Biobío,Comuna de Lebu,Rio Lebu,0,-37.58395617,-73.483255
08720003-5,Apr Pehuen,Calidad de Aguas,Vigentes,Región del Biobío,Comuna de Alto Biobío,Rio Bio-Bio,0,-37.73210356,-71.27945131
08800000-5,Apr Santa Rosa De Lebu,Calidad de Aguas,Vigentes,Región del Biobío,Comuna de Lebu,Costeras Lebu-Paicavi,0,-37.64550596,-73.62535263
08810000-K,Laguna Lloncao-Zmax,Calidad de Aguas,Vigentes,Región del Biobío,Comuna de Cañete,Costeras Lebu-Paicavi,0,-37.87424671,-73.46152918
08810001-8,Laguna Lloncao-Efluente,Calidad de Aguas,Vigentes,Región del Biobío,Comuna de Cañete,Costeras Lebu-Paicavi,0,-37.87887479,-73.46327486
08810002-6,Laguna Lencan-Zmax,Calidad de Aguas,Vigentes,Región del Biobío,Comuna de Los Alamos,Costeras Lebu-Paicavi,0,-37.81050207,-73.47954044
08810003-4,Laguna Lencan-Afluente,Calidad de Aguas,Vigentes,Región del Biobío,Comuna de Cañete,Costeras Lebu-Paicavi,0,-37.82375663,-73.48773299
08810004-2,Laguna Lencan-Efluente,Calidad de Aguas,Vigentes,Región del Biobío,Comuna de Los Alamos,Costeras Lebu-Paicavi,0,-37.8020753,-73.4746474
08810005-0,Apr Antiguala-Temuco-La Araucana,Calidad de Aguas,Vigentes,Región del Biobío,Comuna de Los Alamos,Costeras Lebu-Paicavi,0,-37.66359164,-73.39338703
08810006-9,Apr Llenquehue,Calidad de Aguas,Vigentes,Región del Biobío,Comuna de Cañete,Costeras Lebu-Paicavi,0,-37.74991612,-73.43922745
08820001-2,Rio Caramavida En Caramavida,Fluviométricas,Vigentes,Región del Biobío,Comuna de Los Alamos,Rio Lebu,15,-37.60393493,-73.48587399
08820002-0,Apr Huillinco,Calidad de Aguas,Vigentes,Región del Biobío,Comuna de Cañete,Costeras Lebu-Paicavi,0,-37.7504459,-73.36920708
08821001-8,Rio Cayucupil En Cayucupil,Fluviométricas,Vigentes,Región del Biobío,Comuna de Cañete,Costeras Lebu-Paicavi,47,-37.82060922,-73.25252035
08821002-6,Rio Butamalal En Butamalal,Fluviométricas,Vigentes,Región del Biobío,Comuna de Cañete,Costeras Lebu-Paicavi,51,-37.81954228,-73.24743317
08821003-4,Rio Reputo En Reputo,Fluviométricas,Vigentes,Región del Biobío,Comuna de Cañete,Costeras Lebu-Paicavi,53,-37.82061562,-73.36919777
08821004-2,Rio Peleco Bajo Cayucupil (Ca),Calidad de Aguas,Suspendidas,Región del Biobío,Comuna de Cañete,Costeras Lebu-Paicavi,28,-37.80932611,-73.41094202
08821005-0,Cañete,Meteorológicas,Vigentes,Región del Biobío,Comuna de Cañete,Costeras Lebu-Paicavi,78,-37.79759619,-73.39132892
08821006-9,Rio Leiva En Puente Camino A Contulmo,Fluviométricas,Vigentes,Región del Biobío,Comuna de Cañete,Costeras Lebu-Paicavi,48,-37.8129127,-73.39232568
08822001-3,Rio Tucapel En Cagnete,Calidad de Aguas,Suspendidas,Región del Biobío,Comuna de Cañete,Costeras Lebu-Paicavi,20,-37.80005402,-73.40439408
08822002-1,Rio Elicura En Puente Elicura,Fluviométricas,Vigentes,Región del Biobío,Comuna de Contulmo,Costeras Lebu-Paicavi,25,-37.93727472,-73.21917464
08822003-K,Lago Lanalhue,Lagos y Embalses,Vigentes,Región del Biobío,Comuna de Contulmo,Costeras Lebu-Paicavi,25,-37.90062909,-73.28324793
08822004-8,Rio Lanalhue En Desague Lago Lanalhue,Fluviométricas,Suspendidas,Región del Biobío,Comuna de Contulmo,Costeras Lebu-Paicavi,0,-37.91728732,-73.31657876
08822005-6,Estero Calebu En Puente Calebu,Fluviométricas,Suspendidas,Región del Biobío,Comuna de Contulmo,Costeras Lebu-Paicavi,25,-37.95062705,-73.21657609
08822006-4,Rio Peleco En Puente Ponotro,Fluviométricas,Vigentes,Región del Biobío,Comuna de Cañete,Costeras Lebu-Paicavi,0,-37.83012195,-73.40926886
08822008-0,Contulmo,Meteorológicas,Vigentes,Región del Biobío,Comuna de Contulmo,Costeras Lebu-Paicavi,41,-38.01840331,-73.23016463
08822009-9,Lago Lanalhue En Puerto Peleco,Lagos y Embalses,Vigentes,Región del Biobío,Comuna de Cañete,Costeras Lebu-Paicavi,0,-37.893377,-73.37874976
08822010-2,Lago Lanalhue Frente A Hosteria,Calidad de Aguas,Vigentes,Región del Biobío,Comuna de Contulmo,Costeras Lebu-Paicavi,0,-37.92061671,-73.31307856
08822011-0,Lago Lanalhue En Playa Blanca,Calidad de Aguas,Vigentes,Región del Biobío,Comuna de Contulmo,Costeras Lebu-Paicavi,0,-37.93811891,-73.26725327
08822012-9,Lago Lanalhue En Puerto Manzano,Calidad de Aguas,Vigentes,Región del Biobío,Comuna de Contulmo,Costeras Lebu-Paicavi,0,-37.98182938,-73.26010011
08822013-7,Lago Lanalhue En Zona Centro,Lagos y Embalses,Vigentes,Región del Biobío,Comuna de Cañete,Costeras Lebu-Paicavi,0,-37.92269941,-73.31565899
08822014-5,Apr Lloncao-Paicavi,Calidad de Aguas,Vigentes,Región del Biobío,Comuna de Cañete,Costeras Lebu-Paicavi,0,-37.8989683,-73.44173695
08823000-0,Laguna Los Batros-Zmax,Calidad de Aguas,Vigentes,Región del Biobío,Comuna de Cañete,Costeras Lebu-Paicavi,0,-37.96826728,-73.42111392
08823001-9,Laguna Los Batros-Afluente,Calidad de Aguas,Vigentes,Región del Biobío,Comuna de Cañete,Costeras Lebu-Paicavi,0,-37.96595388,-73.41729307
08823002-7,Laguna Los Batros-Efluente,Calidad de Aguas,Vigentes,Región del Biobío,Comuna de Cañete,Costeras Lebu-Paicavi,0,-37.96463737,-73.43204
08823003-5,Apr Collico,Calidad de Aguas,Vigentes,Región del Biobío,Comuna de Cañete,Costeras Lebu-Paicavi,0,-37.97711655,-73.40836637
08823004-3,Apr Huentelolen,Calidad de Aguas,Vigentes,Región del Biobío,Comuna de Cañete,Costeras Lebu-Paicavi,0,-37.94329718,-73.40460117
08900000-9,Laguna Antiquina-Zmax,Calidad de Aguas,Vigentes,Región del Biobío,Comuna de Cañete,Costeras e Islas entre R.Paicavi y Limite Region,0,-38.0376077,-73.40853905
08900001-7,Laguna Quidico-Zmax,Calidad de Aguas,Vigentes,Región del Biobío,Comuna de Cañete,Costeras e Islas entre R.Paicavi y Limite Region,0,-38.0376077,-73.40853905
08910001-1,Rio Lleu-Lleu En Desague Lago Lleu-Lleu,Fluviométricas,Vigentes,Región del Biobío,Comuna de Tirúa,Costeras e Islas entre R.Paicavi y Limite Region,10,-38.11773513,-73.39150431
08910002-K,Lago Lleulleu-Sector Centro,Calidad de Aguas,Vigentes,Región del Biobío,Comuna de Tirúa,Costeras e Islas entre R.Paicavi y Limite Region,0,-38.16999113,-73.33373709
08910003-8,Lago Lleulleu-Sector Sur,Calidad de Aguas,Vigentes,Región del Biobío,Comuna de Tirúa,Costeras e Islas entre R.Paicavi y Limite Region,0,-38.20620466,-73.35835723
08920000-8,Laguna Butaco-Zmax,Calidad de Aguas,Vigentes,Región del Biobío,Comuna de Tirúa,Costeras e Islas entre R.Paicavi y Limite Region,0,-38.21177507,-73.43970332
08930000-2,Tirua,Meteorológicas,Vigentes,Región del Biobío,Comuna de Tirúa,Costeras e Islas entre R.Paicavi y Limite Region,10,-38.34467617,-73.4924901
09101001-1,Rio Puren En Tranaman,Meteorológicas,Vigentes,Región de La Araucanía,Comuna de Purén,Rio Imperial,90,-38.01937316,-73.01231548
09101002-K,Rio Puren En Puren,Fluviométricas,Suspendidas,Región de La Araucanía,Comuna de Purén,Rio Imperial,0,-38.01339851,-73.04238781
09101003-8,Tranaman,Meteorológicas,Vigentes,Región de La Araucanía,Comuna de Purén,Rio Imperial,78,-38.02141954,-73.00650747
09102001-7,Rio Lumaco En Lumaco,Sedimentometricas,Vigentes,Región de La Araucanía,Comuna de Lumaco,Rio Imperial,70,-38.1671189,-72.9001715
09102003-3,Lumaco,Meteorológicas,Vigentes,Región de La Araucanía,Comuna de Lumaco,Rio Imperial,60,-38.16347685,-72.90210216
09104001-8,Rio Traiguen En Victoria,Fluviométricas,Vigentes,Región de La Araucanía,Comuna de Victoria,Rio Imperial,350,-38.2310744,-72.32201987
09104002-6,Rio Dumo En Santa Ana,Fluviométricas,Vigentes,Región de La Araucanía,Comuna de Ercilla,Rio Imperial,300,-38.16195831,-72.25964046
09104003-4,Las Mercedes (Victoria),Meteorológicas,Vigentes,Región de La Araucanía,Comuna de Victoria,Rio Imperial,421,-38.24614592,-72.22883167
09104004-2,Campamento De Vialidad En Victoria,Control de Nivel,Vigentes,Región de La Araucanía,Comuna de Victoria,Rio Imperial,340,-38.23003763,-72.33544534
09104005-0,Apr Pailahueque,Calidad de Aguas,Vigentes,Región de La Araucanía,Comuna de Ercilla,Rio Imperial,0,-38.12722766,-72.31556624
09105001-3,Rio Traiguen En Traiguen,Calidad de Aguas,Vigentes,Región de La Araucanía,Comuna de Traiguén,Rio Imperial,169,-38.25525542,-72.66917626
09105002-1,Traiguen,Meteorológicas,Vigentes,Región de La Araucanía,Comuna de Traiguén,Rio Imperial,234,-38.256079,-72.65353999
09105003-K,Estadio Fiscal En Traiguen,Control de Nivel,Vigentes,Región de La Araucanía,Comuna de Traiguén,Rio Imperial,175,-38.24673766,-72.67813224
09106001-9,Rio Quino En Longitudinal,Calidad de Aguas,Vigentes,Región de La Araucanía,Comuna de Victoria,Rio Imperial,450,-38.30683261,-72.36138331
09107001-4,Estero Chufquen En Chufquen,Fluviométricas,Vigentes,Región de La Araucanía,Comuna de Traiguén,Rio Imperial,158,-38.3215482,-72.69474493
09111001-6,Rio Quillen En Longitudinal,Calidad de Aguas,Suspendidas,Región de La Araucanía,Comuna de Lautaro,Rio Imperial,278,-38.46769785,-72.42486286
09111002-4,Quillen,Meteorológicas,Vigentes,Región de La Araucanía,Comuna de Perquenco,Rio Imperial,285,-38.46414022,-72.38670224
09112000-3,Perquenco,Meteorológicas,Vigentes,Región de La Araucanía,Comuna de Perquenco,Rio Imperial,290,-38.41853821,-72.37734117
09113001-7,Rio Quillen En Galvarino,Fluviométricas,Vigentes,Región de La Araucanía,Comuna de Galvarino,Rio Imperial,140,-38.40980925,-72.77831196
09113002-5,Rio Quillen En Botrolhue (Ca),Calidad de Aguas,Vigentes,Región de La Araucanía,Comuna de Galvarino,Rio Imperial,0,-38.42314851,-72.86919245
09113003-3,Galvarino,Meteorológicas,Vigentes,Región de La Araucanía,Comuna de Galvarino,Rio Imperial,40,-38.41019162,-72.78375139
09114001-2,La Cabaña,Meteorológicas,Vigentes,Región de La Araucanía,Comuna de Carahue,Rio Imperial,625,-38.54182652,-73.10201888
09115000-K,Rio Repocura En Chacaico,Fluviométricas,Vigentes,Región de La Araucanía,Comuna de Cholchol,Rio Imperial,40,-38.46805709,-72.95917228
09116001-3,Rio Cholchol En Cholchol,Calidad de Aguas,Vigentes,Región de La Araucanía,Comuna de Cholchol,Rio Imperial,20,-38.60771266,-72.84743604
09116002-1,Cholchol,Meteorológicas,Suspendidas,Región de La Araucanía,Comuna de Cholchol,Rio Imperial,20,-38.60454026,-72.84544096
09118002-2,Nueva Imperial,Control de Nivel,Vigentes,Región de La Araucanía,Comuna de Nueva Imperial,Rio Imperial,11,-38.76639535,-72.94500057
09120002-3,Manzanar,Meteorológicas,Suspendidas,Región de La Araucanía,Comuna de Curacautín,Rio Imperial,790,-38.46370206,-71.69932067
09120003-1,Malalcahuello,Meteorológicas,Vigentes,Región de La Araucanía,Comuna de Curacautín,Rio Imperial,950,-38.47094004,-71.57110367
09122001-6,Curacautin,Meteorológicas,Vigentes,Región de La Araucanía,Comuna de Curacautín,Rio Imperial,535,-38.44745792,-71.89610291
09122002-4,Rio Blanco En Curacautin,Fluviométricas,Vigentes,Región de La Araucanía,Comuna de Curacautín,Rio Imperial,405,-38.45525045,-71.86758692
09122003-2,Tolhuaca,Meteorológicas,Suspendidas,Región de La Araucanía,Comuna de Curacautín,Rio Imperial,1350,-38.23647155,-71.71987459
09122004-0,Apr Corretue,Calidad de Aguas,Vigentes,Región de La Araucanía,Comuna de Lautaro,Rio Imperial,0,-38.45167195,-72.25833392
09123001-1,Rio Cautin En Rari-Ruca,Sedimentometricas,Vigentes,Región de La Araucanía,Comuna de Curacautín,Rio Imperial,425,-38.43002642,-72.01042231
09123002-K,Rari-Ruca,Meteorológicas,Vigentes,Región de La Araucanía,Comuna de Curacautín,Rio Imperial,440,-38.42495541,-72.01082625
09123003-8,Rio Collihuanqui En Camino A Curacautin,Fluviométricas,Vigentes,Región de La Araucanía,Comuna de Curacautín,Rio Imperial,590,-38.35167017,-71.95445244
09124001-7,Lautaro,Meteorológicas,Vigentes,Región de La Araucanía,Comuna de Lautaro,Rio Imperial,200,-38.52540096,-72.44347467
09125000-4,Apr Santa Ema,Calidad de Aguas,Vigentes,Región de La Araucanía,Comuna de Curacautín,Rio Imperial,0,-38.46806358,-72.02667075
09126001-8,Rio Collin En Codahue,Fluviométricas,Vigentes,Región de La Araucanía,Comuna de Vilcún,Rio Imperial,250,-38.58341602,-72.18601915
09127001-3,Rio Muco En Puente Muco,Fluviométricas,Vigentes,Región de La Araucanía,Comuna de Lautaro,Rio Imperial,250,-38.60598309,-72.39190777
09129002-2,Rio Cautin En Cajon,Sedimentometricas,Vigentes,Región de La Araucanía,Comuna de Padre Las Casas,Rio Imperial,130,-38.68664343,-72.50265803
09129003-0,Rio Cautin Bajo Temuco (En Panamericana,Calidad de Aguas,Vigentes,Región de La Araucanía,Comuna de Temuco,Rio Imperial,95,-38.75593522,-72.60885566
09129004-9,Cerro Ñielol,Meteorológicas,Suspendidas,Región de La Araucanía,Comuna de Temuco,Rio Imperial,175,-38.72898681,-72.59265054
09129005-7,Pueblo Nuevo (Temuco),Meteorológicas,Vigentes,Región de La Araucanía,Comuna de Temuco,Rio Imperial,119,-38.71270188,-72.55600676
09129006-5,Temuco Centro,Meteorológicas,Vigentes,Región de La Araucanía,Comuna de Temuco,Rio Imperial,122,-38.74254105,-72.58974476
09129007-3,Complejo Deportivo Mop En Temuco,Control de Nivel,Vigentes,Región de La Araucanía,Comuna de Temuco,Rio Imperial,116,-38.71220057,-72.55702431
09129008-1,Estero Botrolhue En Temuco,Fluviométricas,Vigentes,Región de La Araucanía,Comuna de Temuco,Rio Imperial,100,-38.73675518,-72.64803331
09129009-K,Estero Botrolhue En Labranza,Fluviométricas,Vigentes,Región de La Araucanía,Comuna de Temuco,Rio Imperial,64,-38.76785912,-72.75665722
09129010-3,Padre Las Casas,Control de Nivel,Vigentes,Región de La Araucanía,Comuna de Padre Las Casas,Rio Imperial,109,-38.74722288,-72.53944701
09129011-1,Apr Remolino Maquehue,Calidad de Aguas,Vigentes,Región de La Araucanía,Comuna de Temuco,Rio Imperial,0,-38.77111577,-72.68028198
09129012-K,Apr Boroa,Calidad de Aguas,Vigentes,Región de La Araucanía,Comuna de Nueva Imperial,Rio Imperial,0,-38.76361266,-72.84751093
09129013-8,Apr Rengalil,Calidad de Aguas,Vigentes,Región de La Araucanía,Comuna de Temuco,Rio Imperial,0,-38.7661196,-72.79639391
09129014-6,Apr Trani Trani,Calidad de Aguas,Vigentes,Región de La Araucanía,Comuna de Temuco,Rio Imperial,0,-38.7602816,-72.71528258
09129015-4,Apr Botrolhue,Calidad de Aguas,Vigentes,Región de La Araucanía,Comuna de Temuco,Rio Imperial,0,-38.75695176,-72.69028019
09130001-K,Cherquenco,Meteorológicas,Vigentes,Región de La Araucanía,Comuna de Vilcún,Rio Imperial,500,-38.68246982,-72.00211115
09130002-8,Rio Calbuco En Ruta Interlagos,Fluviométricas,Suspendidas,Región de La Araucanía,Comuna de Vilcún,Rio Imperial,640,-38.72801087,-71.93760609
09131001-5,Rio Quepe En Vilcun,Fluviométricas,Vigentes,Región de La Araucanía,Comuna de Vilcún,Rio Imperial,292,-38.68640209,-72.22817306
09131002-3,Vilcun,Meteorológicas,Vigentes,Región de La Araucanía,Comuna de Vilcún,Rio Imperial,290,-38.67379872,-72.22100528
09132001-0,Rio Quepe Despues Estero Puelo (Ca),Calidad de Aguas,Vigentes,Región de La Araucanía,Comuna de Padre Las Casas,Rio Imperial,120,-38.82064326,-72.50247324
09134001-1,Rio Huichahue En Faja 24000,Fluviométricas,Vigentes,Región de La Araucanía,Comuna de Cunco,Rio Imperial,150,-38.85401535,-72.28498741
09134002-K,Apr Prado Huichahue,Calidad de Aguas,Vigentes,Región de La Araucanía,Comuna de Padre Las Casas,Rio Imperial,0,-38.84944516,-72.42973211
09134003-8,Apr San Ramon-Cautin,Calidad de Aguas,Vigentes,Región de La Araucanía,Comuna de Padre Las Casas,Rio Imperial,0,-38.8605557,-72.38639602
09134004-6,Apr Hacienda Allipen,Calidad de Aguas,Vigentes,Región de La Araucanía,Comuna de Freire,Rio Imperial,0,-38.94639005,-72.44334256
09135001-7,Rio Quepe En Quepe,Sedimentometricas,Vigentes,Región de La Araucanía,Comuna de Padre Las Casas,Rio Imperial,80,-38.85407773,-72.61708233
09135002-5,Freire,Meteorológicas,Suspendidas,Región de La Araucanía,Comuna de Freire,Rio Tolten,100,-38.95593937,-72.62043481
09135003-3,Freire Sendos,Meteorológicas,Vigentes,Región de La Araucanía,Comuna de Freire,Rio Tolten,100,-38.95966799,-72.60847022
09135004-1,Freire Campamento Fiscal,Meteorológicas,Suspendidas,Región de La Araucanía,Comuna de Freire,Rio Tolten,100,-38.96732935,-72.62626266
09135005-K,Apr Dollinco Quepe,Calidad de Aguas,Vigentes,Región de La Araucanía,Comuna de Freire,Rio Imperial,0,-38.87833898,-72.65611938
09135006-8,Apr Metrenco,Calidad de Aguas,Vigentes,Región de La Araucanía,Comuna de Padre Las Casas,Rio Imperial,0,-38.82556231,-72.61889755
09135007-6,Apr Licanco,Calidad de Aguas,Vigentes,Región de La Araucanía,Comuna de Padre Las Casas,Rio Imperial,0,-38.7905584,-72.61888884
09140001-4,Rio Cautin En Almagro,Meteorológicas,Vigentes,Región de La Araucanía,Comuna de Nueva Imperial,Rio Imperial,20,-38.77944787,-72.95300601
09140002-2,Almagro,Meteorológicas,Suspendidas,Región de La Araucanía,Comuna de Nueva Imperial,Rio Imperial,20,-38.77815066,-72.95045314
09150001-9,Rio Imperial En Carahue,Calidad de Aguas,Vigentes,Región de La Araucanía,Comuna de Carahue,Rio Imperial,46,-38.71853199,-73.17578261
09150002-7,Apr El Coigue,Calidad de Aguas,Vigentes,Región de La Araucanía,Comuna de Carahue,Rio Imperial,0,-38.72361782,-73.17833336
09151001-4,Carahue,Meteorológicas,Vigentes,Región de La Araucanía,Comuna de Carahue,Rio Imperial,77,-38.71279008,-73.14757916
09151002-2,Rio Damas En Carahue,Fluviométricas,Vigentes,Región de La Araucanía,Comuna de Carahue,Rio Imperial,8,-38.7041705,-73.15750713
09153001-5,Puerto Saavedra,Meteorológicas,Vigentes,Región de La Araucanía,Comuna de Saavedra,Rio Imperial,5,-38.79314463,-73.39588066
09200001-K,Lago Budi,Lagos y Embalses,Vigentes,Región de La Araucanía,Comuna de Saavedra,Rio Budi,0,-38.89537706,-73.25547142
09400000-9,Rio Truful En Camino Internacional,Meteorológicas,Vigentes,Región de La Araucanía,Comuna de Melipeuco,Rio Tolten,520,-38.83917151,-71.6561124
09400001-7,Rio Cabeza De Indio,Calidad de Aguas,Vigentes,Región de La Araucanía,Comuna de Lonquimay,Rio Bio-Bio,855,-38.28371121,-71.55321009
09401001-2,Tricauco,Meteorológicas,Vigentes,Región de La Araucanía,Comuna de Melipeuco,Rio Tolten,520,-38.84401389,-71.55130511
09402001-8,Rio Allipen En Melipeuco,Fluviométricas,Vigentes,Región de La Araucanía,Comuna de Melipeuco,Rio Tolten,450,-38.86530944,-71.73369615
09403001-3,Cunco,Meteorológicas,Vigentes,Región de La Araucanía,Comuna de Cunco,Rio Tolten,380,-38.92974065,-72.01550382
09403002-1,Vivero Forestal Magasa En Cunco,Control de Nivel,Vigentes,Región de La Araucanía,Comuna de Cunco,Rio Tolten,375,-38.9296126,-72.01542846
09404001-9,Rio Allipen En Los Laureles,Meteorológicas,Vigentes,Región de La Araucanía,Comuna de Cunco,Rio Tolten,190,-39.00729385,-72.22996691
09404002-7,Los Laureles,Meteorológicas,Vigentes,Región de La Araucanía,Comuna de Cunco,Rio Tolten,260,-38.99714222,-72.04475483
09404003-5,Quecheregua,Meteorológicas,Suspendidas,Región de La Araucanía,Comuna de Cunco,Rio Tolten,360,-39.00121417,-72.06651009
09404004-3,Apr Las Hortensias,Calidad de Aguas,Vigentes,Región de La Araucanía,Comuna de Cunco,Rio Tolten,0,-38.93806002,-72.15112047
09404005-1,Apr Los Laureles-Cautin,Calidad de Aguas,Vigentes,Región de La Araucanía,Comuna de Cunco,Rio Tolten,0,-38.98750656,-72.24389856
09405001-4,Rio Curaco En Colico,Meteorológicas,Vigentes,Región de La Araucanía,Comuna de Cunco,Rio Tolten,250,-39.06108458,-72.1810184
09405002-2,Lago Colico En Puerto Colico,Calidad de Aguas,Vigentes,Región de La Araucanía,Comuna de Cunco,Rio Tolten,0,-39.06875632,-72.04629824
09405003-0,Lago Colico Sector Centro,Calidad de Aguas,Vigentes,Región de La Araucanía,Comuna de Cunco,Rio Tolten,0,-39.08657243,-71.97224671
09405004-9,Lago Colico Bahia Rio Trafampulli,Calidad de Aguas,Vigentes,Región de La Araucanía,Comuna de Cunco,Rio Tolten,0,-39.10454768,-71.90752456
09405005-7,Lago Colico Rio Trafampulli,Calidad de Aguas,Vigentes,Región de La Araucanía,Comuna de Cunco,Rio Tolten,0,-39.10249205,-71.8745574
09405006-5,Lago Colico En Rio Curaco,Calidad de Aguas,Vigentes,Región de La Araucanía,Comuna de Cunco,Rio Tolten,0,-39.05016453,-72.09151963
09405007-3,Rio Trafampulli En Rinconada,Fluviométricas,Vigentes,Región de La Araucanía,Comuna de Cunco,Rio Tolten,340,-39.090556,-71.86611898
09405008-1,Rio Curaco En Puente Pitrunco,Fluviométricas,Vigentes,Región de La Araucanía,Comuna de Cunco,Rio Tolten,318,-39.05000354,-72.09084459
09405009-K,Rio Trafampulli En Puente Nº 5,Fluviométricas,Vigentes,Región de La Araucanía,Comuna de Cunco,Rio Tolten,502,-39.06389258,-71.76723006
09406002-8,Apr Allipen,Calidad de Aguas,Vigentes,Región de La Araucanía,Comuna de Freire,Rio Tolten,0,-38.98945329,-72.4972291
09406003-6,Apr Choroico-Cunco,Calidad de Aguas,Vigentes,Región de La Araucanía,Comuna de Cunco,Rio Tolten,0,-38.99805733,-72.29083656
09406004-4,Apr Radal,Calidad de Aguas,Vigentes,Región de La Araucanía,Comuna de Freire,Rio Tolten,0,-38.98583882,-72.37944897
09411001-7,Rio Maichin En Puente Quiñenahuin,Fluviométricas,Vigentes,Región de La Araucanía,Comuna de Curarrehue,Rio Tolten,658,-39.21778112,-71.43555765
09411002-5,Quiñenahuin,Meteorológicas,Vigentes,Región de La Araucanía,Comuna de Curarrehue,Rio Tolten,659,-39.21833954,-71.43556538
09412001-2,Rio Trancura En Curarrehue,Fluviométricas,Vigentes,Región de La Araucanía,Comuna de Curarrehue,Rio Tolten,400,-39.36418022,-71.58343756
09412002-0,Curarrehue,Meteorológicas,Vigentes,Región de La Araucanía,Comuna de Curarrehue,Rio Tolten,420,-39.36496314,-71.5822594
09412003-9,Puesco (Aduana),Meteorológicas,Vigentes,Región de La Araucanía,Comuna de Curarrehue,Rio Tolten,620,-39.53348434,-71.55614138
09412004-7,Apr Curarrehue,Calidad de Aguas,Vigentes,Región de La Araucanía,Comuna de Villarrica,Rio Tolten,0,-39.35833499,-72.2291761
09414001-3,Rio Trancura Antes Rio Llafenco,Fluviométricas,Vigentes,Región de La Araucanía,Comuna de Pucón,Rio Tolten,386,-39.33213874,-71.81913589
09414002-1,Llafenco,Meteorológicas,Vigentes,Región de La Araucanía,Comuna de Pucón,Rio Tolten,360,-39.33262273,-71.81812293
09414003-K,Rio Turbio En Puente Turbio,Fluviométricas,Vigentes,Región de La Araucanía,Comuna de Pucón,Rio Tolten,300,-39.29583847,-71.89306262
09416001-4,Rio Liucura En Liucura,Meteorológicas,Vigentes,Región de La Araucanía,Comuna de Pucón,Rio Tolten,402,-39.26045835,-71.82685192
09416002-2,Lago Tinquilco,Meteorológicas,Vigentes,Región de La Araucanía,Comuna de Pucón,Rio Tolten,850,-39.17260059,-71.73190627
09417001-K,Lago Caburgua,Meteorológicas,Vigentes,Región de La Araucanía,Comuna de Pucón,Rio Tolten,480,-39.18795762,-71.77168736
09417002-8,Ojos Del Caburgua,Fluviométricas,Vigentes,Región de La Araucanía,Comuna de Pucón,Rio Tolten,300,-39.24389278,-71.84416697
09417003-6,Lago Caburga Sector Norte,Calidad de Aguas,Vigentes,Región de La Araucanía,Comuna de Cunco,Rio Tolten,0,-39.06899669,-71.72766215
09417004-4,Lago Caburga Sector Centro,Lagos y Embalses,Vigentes,Región de La Araucanía,Comuna de Cunco,Rio Tolten,0,-39.11316327,-71.76987449
09417005-2,Lago Caburga En Sector Desague,Calidad de Aguas,Vigentes,Región de La Araucanía,Comuna de Pucón,Rio Tolten,0,-39.16677502,-71.78350431
09417006-0,Lago Caburga En Rio  Blanco,Calidad de Aguas,Vigentes,Región de La Araucanía,Comuna de Cunco,Rio Tolten,0,-39.0649345,-71.68807547
09417007-9,Lago Caburga (Lm),Lagos y Embalses,Vigentes,Región de La Araucanía,Comuna de Pucón,Rio Tolten,475,-39.18449033,-71.77239611
09417008-7,Rio Carhuello En Puente Pucon,Fluviométricas,Vigentes,Región de La Araucanía,Comuna de Pucón,Rio Tolten,291,-39.24333643,-71.8444457
09417009-5,Estero La Cascada En Puente Caburgua,Fluviométricas,Vigentes,Región de La Araucanía,Comuna de Cunco,Rio Tolten,502,-39.07055832,-71.76195468
09418001-5,Rio Pucon En Balseadero Quelhue (Ca),Calidad de Aguas,Vigentes,Región de La Araucanía,Comuna de Pucón,Rio Tolten,220,-39.25400673,-71.9524278
09420001-6,Rio Tolten En Villarica,Fluviométricas,Vigentes,Región de La Araucanía,Comuna de Villarrica,Rio Tolten,250,-39.2751586,-72.23454411
09420002-4,Pucon,Meteorológicas,Vigentes,Región de La Araucanía,Comuna de Pucón,Rio Tolten,230,-39.28930276,-71.92637787
09420003-2,Villarrica,Meteorológicas,Vigentes,Región de La Araucanía,Comuna de Villarrica,Rio Tolten,210,-39.21773089,-72.29451014
09420004-0,Chanlelfu,Meteorológicas,Vigentes,Región de La Araucanía,Comuna de Loncoche,Rio Valdivia,345,-39.46495868,-72.37495973
09420005-9,Lago Villarrica En Pelagial Villarrica,Calidad de Aguas,Vigentes,Región de La Araucanía,Comuna de Villarrica,Rio Tolten,0,-39.27690854,-72.18579299
09420006-7,Lago Villarrica En Sector Molco,Lagos y Embalses,Vigentes,Región de La Araucanía,Comuna de Villarrica,Rio Tolten,0,-39.29317139,-72.08634128
09420007-5,Lago Villarrica En Sector La Poza,Calidad de Aguas,Vigentes,Región de La Araucanía,Comuna de Pucón,Rio Tolten,0,-39.27935154,-71.99072279
09420008-3,Lago Villarrica En Bahia Pucon,Lagos y Embalses,Suspendidas,Región de La Araucanía,Comuna de Pucón,Rio Tolten,0,-39.27325054,-71.98203723
09420009-1,Lago Villarrica (Lm),Lagos y Embalses,Vigentes,Región de La Araucanía,Comuna de Pucón,Rio Tolten,0,-39.27510938,-71.97100097
09420010-5,Lago Villarrica En Pelagial Centro,Calidad de Aguas,Vigentes,Región de La Araucanía,Comuna de Villarrica,Rio Tolten,0,-39.26151094,-72.09662285
09420011-3,Lago Villarrica En Litoral Villarrica,Lagos y Embalses,Vigentes,Región de La Araucanía,Comuna de Villarrica,Rio Tolten,0,-39.28706556,-72.20802668
09420012-1,Lago Villarrica En Litoral Sur,Calidad de Aguas,Vigentes,Región de La Araucanía,Comuna de Villarrica,Rio Tolten,0,-39.29706441,-72.09467826
09420013-K,Lago Villarrica En Litoral Pucon,Calidad de Aguas,Vigentes,Región de La Araucanía,Comuna de Pucón,Rio Tolten,0,-39.27094884,-71.97940145
09420014-8,Lago Villarrica En Litoral Norte,Calidad de Aguas,Vigentes,Región de La Araucanía,Comuna de Villarrica,Rio Tolten,0,-39.21011781,-72.14217793
09420015-6,Rio Voipir Alto (O Seco),Fluviométricas,Suspendidas,Región de La Araucanía,Comuna de Villarrica,Rio Tolten,695,-39.40650546,-72.05800743
09420016-4,Estero Carmelito (Zanjon Seco),Fluviométricas,Suspendidas,Región de La Araucanía,Comuna de Pucón,Rio Tolten,1035,-39.37539499,-71.95743415
09421001-1,La Cascada,Meteorológicas,Suspendidas,Región de La Araucanía,Comuna de Pucón,Rio Tolten,250,-39.30122198,-71.93349514
09421002-K,Rio Voipir En Puente Voipir,Fluviométricas,Vigentes,Región de La Araucanía,Comuna de Villarrica,Rio Tolten,0,-39.33695169,-72.22138994
09421003-8,Villarrica,Control de Nivel,Vigentes,Región de La Araucanía,Comuna de Villarrica,Rio Tolten,245,-39.27444505,-72.24167726
09421004-6,Apr Llaullau,Calidad de Aguas,Vigentes,Región de La Araucanía,Comuna de Villarrica,Rio Tolten,0,-39.26944665,-72.25583915
09421005-4,Apr Chucauco,Calidad de Aguas,Vigentes,Región de La Araucanía,Comuna de Villarrica,Rio Tolten,0,-39.23777923,-72.2711148
09421006-2,Apr Putue,Calidad de Aguas,Vigentes,Región de La Araucanía,Comuna de Villarrica,Rio Tolten,0,-39.26695168,-72.28389037
09422002-5,Apr Vida Nueva,Calidad de Aguas,Vigentes,Región de La Araucanía,Comuna de Villarrica,Rio Tolten,0,-39.18916704,-72.24472703
09423001-2,Rio Tolten En Coipue,Fluviométricas,Vigentes,Región de La Araucanía,Comuna de Freire,Rio Tolten,200,-39.08053174,-72.45238753
09423002-0,Apr Coipue,Calidad de Aguas,Vigentes,Región de La Araucanía,Comuna de Ercilla,Rio Bio-Bio,0,-38.07333375,-72.44056103
09430001-0,Rio Tolten En Pitrufquen,Fluviométricas,Suspendidas,Región de La Araucanía,Comuna de Freire,Rio Tolten,0,-38.97397897,-72.63470871
09430002-9,Rio Tolten En Longitudinal (Ca),Calidad de Aguas,Suspendidas,Región de La Araucanía,Comuna de Pitrufquén,Rio Tolten,75,-38.97575503,-72.63387625
09430003-7,Freire,Control de Nivel,Vigentes,Región de La Araucanía,Comuna de Freire,Rio Tolten,111,-38.95833616,-72.6125077
09430004-5,Apr Carilafquen,Calidad de Aguas,Vigentes,Región de La Araucanía,Comuna de Pitrufquén,Rio Tolten,0,-39.01555836,-72.54361211
09431000-8,Apr Donguil,Calidad de Aguas,Vigentes,Región de La Araucanía,Comuna de Loncoche,Rio Tolten,0,-39.24667407,-72.42139158
09433001-7,Rio Puyehue En Quitratue,Fluviométricas,Vigentes,Región de La Araucanía,Comuna de Gorbea,Rio Tolten,90,-39.1548558,-72.65828507
09433003-3,Quitratue,Meteorológicas,Vigentes,Región de La Araucanía,Comuna de Gorbea,Rio Tolten,90,-39.15407734,-72.65676029
09434001-2,Rio Donguil En Gorbea,Sedimentometricas,Vigentes,Región de La Araucanía,Comuna de Gorbea,Rio Tolten,85,-39.11773935,-72.67915336
09434002-0,Apr Loica-Pulon,Calidad de Aguas,Vigentes,Región de La Araucanía,Comuna de Pitrufquén,Rio Tolten,0,-39.02750312,-72.60500657
09436001-3,Rio Mahuidanche En Santa Ana,Fluviométricas,Vigentes,Región de La Araucanía,Comuna de Pitrufquén,Rio Tolten,50,-39.08750707,-72.93000004
09437001-9,Rio Tolten En Huilo,Fluviométricas,Suspendidas,Región de La Araucanía,Comuna de Teodoro Schmidt,Rio Tolten,26,-39.01731843,-73.0998907
09437002-7,Rio Tolten En Teodoro Schmidt,Calidad de Aguas,Vigentes,Región de La Araucanía,Comuna de Toltén,Rio Tolten,15,-39.01434591,-73.08287712
09438001-4,Teodoro Schmitd,Meteorológicas,Vigentes,Región de La Araucanía,Comuna de Toltén,Rio Tolten,13,-39.02512649,-73.07930532
09438002-2,Media Luna En Teodoro Schmidt,Control de Nivel,Vigentes,Región de La Araucanía,Comuna de Teodoro Schmidt,Rio Tolten,14,-39.00289296,-73.09547298
09439001-K,Tolten,Meteorológicas,Vigentes,Región de La Araucanía,Comuna de Toltén,Rio Tolten,5,-39.17633692,-73.16208567
10100002-8,Rio Fui En Desagüe Lago Pirihueico,Fluviométricas,Vigentes,Región de Los Ríos,Comuna de Panguipulli,Rio Valdivia,600,-39.87435957,-71.89157922
10100003-6,Rio Hua-Hum En La Frontera (Ca),Calidad de Aguas,Suspendidas,Región de Los Ríos,Comuna de Panguipulli,Rio Valdivia,616,-40.10069322,-71.68348427
10100004-4,Pirihueico En Pirihueico,Meteorológicas,Vigentes,Región de Los Ríos,Comuna de Panguipulli,Rio Valdivia,600,-40.08481574,-71.70269137
10100005-2,Pirihueico En Pto. Fuy,Meteorológicas,Vigentes,Región de Los Ríos,Comuna de Panguipulli,Rio Valdivia,600,-39.87128398,-71.8895678
10100006-0,Rio Huahum En La Frontera,Fluviométricas,Vigentes,Región de Los Ríos,Comuna de Panguipulli,Rio Valdivia,616,-40.09935035,-71.67845798
10100007-9,Lago Pirihueico (Lm),Lagos y Embalses,Vigentes,Región de Los Ríos,Comuna de Panguipulli,Rio Valdivia,170,-39.87096289,-71.89016222
10100008-7,Lago Pirihueico En Puerto Fuy,Calidad de Aguas,Vigentes,Región de Los Ríos,Comuna de Panguipulli,Rio Valdivia,0,-39.98504883,-71.74002003
10100009-5,Rio Fuy En Lago Pirihueico,Calidad de Aguas,Vigentes,Región de Los Ríos,Comuna de Panguipulli,Rio Valdivia,0,-39.87500231,-71.89361712
10100010-9,Rio Lipinza En Lago Pirihueico,Calidad de Aguas,Vigentes,Región de Los Ríos,Comuna de Panguipulli,Rio Valdivia,0,-40.01694329,-71.72487076
10100011-7,Rio Hua Hum En Lago Pirihueico,Calidad de Aguas,Vigentes,Región de Los Ríos,Comuna de Panguipulli,Rio Valdivia,0,-40.01844833,-71.72522356
10102001-0,Rio Liquiñe En Liquiñe,Calidad de Aguas,Vigentes,Región de Los Ríos,Comuna de Panguipulli,Rio Valdivia,600,-39.73061505,-71.85132949
10102002-9,Liquiñe,Meteorológicas,Vigentes,Región de Los Ríos,Comuna de Panguipulli,Rio Valdivia,230,-39.72801015,-71.85359035
10103001-6,Lago Neltume,Meteorológicas,Suspendidas,Región de Los Ríos,Comuna de Panguipulli,Rio Valdivia,260,-39.81956673,-71.98739366
10103002-4,Lago Neltume (Lm),Lagos y Embalses,Vigentes,Región de Los Ríos,Comuna de Panguipulli,Rio Valdivia,170,-39.80762239,-71.98739006
10103003-2,Lago Neltume En Centro,Calidad de Aguas,Vigentes,Región de Los Ríos,Comuna de Panguipulli,Rio Valdivia,0,-39.79428322,-71.98243342
10103004-0,Lago Neltume Rio Neltume,Calidad de Aguas,Vigentes,Región de Los Ríos,Comuna de Panguipulli,Rio Valdivia,0,-39.81515772,-72.00546186
10103005-9,Lago Neltume Rio Cua Cua,Calidad de Aguas,Vigentes,Región de Los Ríos,Comuna de Panguipulli,Rio Valdivia,0,-39.77492458,-71.96242828
10103006-7,Lago Neltume Centro,Calidad de Aguas,Vigentes,Región de Los Ríos,Comuna de Panguipulli,Rio Valdivia,0,-39.79028305,-71.98000694
10103007-5,Rio Neltume En Lago Neltume,Calidad de Aguas,Vigentes,Región de Los Ríos,Comuna de Panguipulli,Rio Valdivia,0,-39.81543309,-72.00356929
10103008-3,Rio Chan Chan En Lago Neltume,Calidad de Aguas,Vigentes,Región de Los Ríos,Comuna de Panguipulli,Rio Valdivia,0,-39.80528104,-71.97896141
10103009-1,Rio Cua Cua En Lago Neltume,Calidad de Aguas,Vigentes,Región de Los Ríos,Comuna de Panguipulli,Rio Valdivia,0,-39.80111314,-71.976399
10103010-5,Estero Huechulafquen En Lago Neltume,Calidad de Aguas,Vigentes,Región de Los Ríos,Comuna de Panguipulli,Rio Valdivia,0,-39.77690195,-71.95871896
10104001-1,Rio Llanquihue Antes Lago Panguipulli,Lagos y Embalses,Vigentes,Región de Los Ríos,Comuna de Panguipulli,Rio Valdivia,140,-39.82283343,-72.08681012
10104002-K,Apr Choshuenco,Calidad de Aguas,Vigentes,Región de Los Ríos,Comuna de Panguipulli,Rio Valdivia,0,-39.83612624,-72.07560354
10105001-7,Desague Lago Pellaifa Mas Rio Llancahue,Calidad de Aguas,Vigentes,Región de Los Ríos,Comuna de Panguipulli,Rio Valdivia,0,-39.60067371,-71.98350175
10105002-5,Rio Coñaripe En Lago Calafquen,Calidad de Aguas,Vigentes,Región de Los Ríos,Comuna de Panguipulli,Rio Valdivia,0,-39.58725036,-72.01539805
10105003-3,Villarrica Pichullancahue,Glaciológicas,Vigentes,Región de La Araucanía,Comuna de Pucón,Rio Valdivia,1793,-39.43500629,-71.8758366
10106001-2,Coñaripe,Meteorológicas,Vigentes,Región de Los Ríos,Comuna de Panguipulli,Rio Valdivia,215,-39.58783203,-72.00440592
10106002-0,Lago Calafquen,Meteorológicas,Vigentes,Región de Los Ríos,Comuna de Panguipulli,Rio Valdivia,385,-39.54484219,-72.13422206
10106003-9,Lican-Ray,Meteorológicas,Vigentes,Región de La Araucanía,Comuna de Villarrica,Rio Valdivia,275,-39.38587752,-72.22401163
10106004-7,Lago Calafquen En Bahia Licanray,Lagos y Embalses,Vigentes,Región de La Araucanía,Comuna de Villarrica,Rio Valdivia,0,-39.49734978,-72.1584183
10106005-5,Lago Calafquen En Centro Del Lago,Calidad de Aguas,Vigentes,Región de La Araucanía,Comuna de Villarrica,Rio Valdivia,0,-39.52079753,-72.18686667
10106006-3,Lago Calafquen En Bahia Coñaripe,Calidad de Aguas,Vigentes,Región de Los Ríos,Comuna de Panguipulli,Rio Valdivia,0,-39.56413203,-72.03601266
10106007-1,Rio Melilahuen En Lago Calafquen,Lagos y Embalses,Vigentes,Región de La Araucanía,Comuna de Villarrica,Rio Valdivia,0,-39.48329429,-72.15574742
10106008-K,Lago Calafquen (Lm),Lagos y Embalses,Vigentes,Región de La Araucanía,Comuna de Villarrica,Rio Valdivia,377,-39.49956549,-72.16540941
10106009-8,Estero Diuco En Lago Calafquen,Calidad de Aguas,Vigentes,Región de Los Ríos,Comuna de Panguipulli,Rio Valdivia,0,-39.55732584,-72.00946696
10106010-1,Estero Colico En Lago Calafquen,Calidad de Aguas,Vigentes,Región de Los Ríos,Comuna de Panguipulli,Rio Valdivia,0,-39.51471566,-72.06806352
10106011-K,Estero Nilfe En Lago Calafquen,Calidad de Aguas,Suspendidas,Región de Los Ríos,Comuna de Panguipulli,Rio Valdivia,0,-39.51707365,-72.0744077
10106012-8,Estero Comonahue En Lago Calafquen,Calidad de Aguas,Vigentes,Región de Los Ríos,Comuna de Panguipulli,Rio Valdivia,0,-39.54062202,-72.05163845
10106013-6,Estero Tralco,Meteorológicas,Vigentes,Región de Los Ríos,Comuna de Panguipulli,Rio Valdivia,378,-39.55483879,-71.99161311
10106014-4,Estero Collico En Pucura,Meteorológicas,Vigentes,Región de Los Ríos,Comuna de Panguipulli,Rio Valdivia,291,-39.51428368,-72.0627318
10106015-2,Lago Calafquen Bahia Conaripe,Calidad de Aguas,Vigentes,Región de Los Ríos,Comuna de Panguipulli,Rio Valdivia,0,-39.56083772,-72.0361181
10106016-0,Lago Calafquen En Bahia Licanray,Calidad de Aguas,Vigentes,Región de La Araucanía,Comuna de Villarrica,Rio Valdivia,0,-39.49611983,-72.13000475
10106017-9,Lago Calafquen Centro,Calidad de Aguas,Vigentes,Región de La Araucanía,Comuna de Villarrica,Rio Valdivia,0,-39.51944638,-72.18389709
10106018-7,Rio Coñaripe En Lago Calafquen,Calidad de Aguas,Vigentes,Región de Los Ríos,Comuna de Panguipulli,Rio Valdivia,0,-39.58168789,-72.02540401
10106019-5,Estero Diuco En Lago Calafquen,Calidad de Aguas,Vigentes,Región de Los Ríos,Comuna de Panguipulli,Rio Valdivia,0,-39.55638948,-72.01333582
10106020-9,Estero Nilfe En Lago Calafquen,Calidad de Aguas,Vigentes,Región de Los Ríos,Comuna de Panguipulli,Rio Valdivia,0,-39.51389225,-72.07363411
10106021-7,Estero Comonahue En Lago Calafquen,Calidad de Aguas,Vigentes,Región de Los Ríos,Comuna de Panguipulli,Rio Valdivia,0,-39.54083736,-72.05444491
10106022-5,Canal Hueinica En Lago Calafquen,Calidad de Aguas,Vigentes,Región de Los Ríos,Comuna de Panguipulli,Rio Valdivia,0,-39.54500815,-72.1027879
10107001-8,Rio Huanehue Antes Lago Panguipulli,Lagos y Embalses,Vigentes,Región de Los Ríos,Comuna de Panguipulli,Rio Valdivia,140,-39.61577819,-72.2354481
10107002-6,Descarga Central Pullingue (Ca),Calidad de Aguas,Suspendidas,Región de Los Ríos,Comuna de Panguipulli,Rio Valdivia,0,-39.61733857,-71.98350724
10107003-4,Canal Hueninca En Desagüe Lago Calafquen,Fluviométricas,Vigentes,Región de Los Ríos,Comuna de Panguipulli,Rio Valdivia,204,-39.54983701,-72.10967337
10107004-2,Apr Coz-Coz,Calidad de Aguas,Vigentes,Región de Los Ríos,Comuna de Panguipulli,Rio Valdivia,0,-39.62022955,-72.23890514
10108001-3,Lago Panguipulli En Panguipulli,Fluviométricas,Suspendidas,Región de Los Ríos,Comuna de Panguipulli,Rio Valdivia,140,-39.63401297,-72.31652124
10108002-1,Lago Panguipulli En Bahia Panguipulli,Calidad de Aguas,Vigentes,Región de Los Ríos,Comuna de Panguipulli,Rio Valdivia,0,-39.65252966,-72.31280989
10108003-K,Lago Panguipulli En Centro Del Lago,Lagos y Embalses,Vigentes,Región de Los Ríos,Comuna de Panguipulli,Rio Valdivia,0,-39.70278704,-72.24718574
10108004-8,Lago Panguipulli En Bahia Choshuenco,Lagos y Embalses,Vigentes,Región de Los Ríos,Comuna de Panguipulli,Rio Valdivia,0,-39.83224415,-72.10720956
10108005-6,Lago Panguipulli (Lm),Lagos y Embalses,Vigentes,Región de Los Ríos,Comuna de Panguipulli,Rio Valdivia,140,-39.83568048,-72.08401187
10108006-4,Lago Panguipulli En Sector Centro,Calidad de Aguas,Vigentes,Región de Los Ríos,Comuna de Panguipulli,Rio Valdivia,0,-39.68317804,-72.243743
10108007-2,Rio Los Ñadis En Lago Panguipulli,Calidad de Aguas,Vigentes,Región de Los Ríos,Comuna de Panguipulli,Rio Valdivia,0,-39.62401946,-72.23538787
10108008-0,Rio Llanquihue 2 Afluente Lago Panguipulli,Calidad de Aguas,Vigentes,Región de Los Ríos,Comuna de Panguipulli,Rio Valdivia,0,-39.83014068,-72.04453428
10108009-9,Lago Panguipulli En Bahia Panguipulli,Calidad de Aguas,Vigentes,Región de Los Ríos,Comuna de Panguipulli,Rio Valdivia,0,-39.82500126,-72.10250173
10108010-2,Lago Panguipulli Centro,Calidad de Aguas,Vigentes,Región de Los Ríos,Comuna de Panguipulli,Rio Valdivia,0,-39.67889498,-72.24167503
10108011-0,Lago Panguipulli En Bahia Choshuenco,Calidad de Aguas,Vigentes,Región de Los Ríos,Comuna de Panguipulli,Rio Valdivia,0,-39.64528479,-72.3080566
10108012-9,Rio Llanquihue En Lago Panguipulli,Calidad de Aguas,Vigentes,Región de Los Ríos,Comuna de Panguipulli,Rio Valdivia,0,-39.82195001,-72.08750166
10108013-7,Rio Huanehue En Lago Panguipulli,Calidad de Aguas,Vigentes,Región de Los Ríos,Comuna de Panguipulli,Rio Valdivia,0,-39.61833785,-72.2241758
10108014-5,Rio Niltre En Lago Panguipulli,Calidad de Aguas,Vigentes,Región de Los Ríos,Comuna de Panguipulli,Rio Valdivia,0,-39.71167708,-72.20818881
10108015-3,Dmc Panguipulli,Meteorológicas,Suspendidas,Región de Los Ríos,Comuna de Panguipulli,Rio Valdivia,228,-39.63445337,-72.34389536
10108016-1,Apr Anca-Comoe,Calidad de Aguas,Vigentes,Región de Los Ríos,Comuna de Panguipulli,Rio Valdivia,0,-39.60767443,-72.3170149
10108017-K,Apr Vista Hermosa - Pelupulli,Calidad de Aguas,Vigentes,Región de Los Ríos,Comuna de Panguipulli,Rio Valdivia,0,-39.65672026,-72.32888233
10108018-8,Apr Chauquen Bajo,Calidad de Aguas,Vigentes,Región de Los Ríos,Comuna de Panguipulli,Rio Valdivia,0,-39.68342686,-72.31584407
10110001-4,Rio Enco En Chan-Chan (Ca),Calidad de Aguas,Vigentes,Región de Los Ríos,Comuna de Panguipulli,Rio Valdivia,130,-39.86096384,-72.13486258
10110002-2,Rio Enco En Desagüe Lago Panguipulli,Meteorológicas,Vigentes,Región de Los Ríos,Comuna de Panguipulli,Rio Valdivia,131,-39.86373679,-72.13553033
10110003-0,Complejo Volcanico Mocho Choshuenco,Glaciológicas,Vigentes,Región de Los Ríos,Comuna de Los Lagos,Rio Valdivia,1565,-39.9513932,-72.05861783
10111001-K,Rio San Pedro En Desague Lago Rinihue,Fluviométricas,Vigentes,Región de Los Ríos,Comuna de Panguipulli,Rio Valdivia,115,-39.77550619,-72.45716359
10111002-8,Lago Riñihue,Meteorológicas,Vigentes,Región de Los Ríos,Comuna de Panguipulli,Rio Valdivia,120,-39.77407231,-72.45339879
10111003-6,Lago Riñihue En Desagüe,Calidad de Aguas,Vigentes,Región de Los Ríos,Comuna de Los Lagos,Rio Valdivia,0,-39.79043404,-72.43592138
10111004-4,Lago Riñihue En Riñihue,Calidad de Aguas,Vigentes,Región de Los Ríos,Comuna de Los Lagos,Rio Valdivia,0,-39.8199232,-72.42311932
10111005-2,Lago Riñihue En Enco,Lagos y Embalses,Vigentes,Región de Los Ríos,Comuna de Los Lagos,Rio Valdivia,0,-39.90204018,-72.19785263
10111006-0,Lago Riñihue (Lm),Lagos y Embalses,Vigentes,Región de Los Ríos,Comuna de Panguipulli,Rio Valdivia,115,-39.77123512,-72.45014125
10111007-9,Lago Riñihue En Sector Enco 2,Calidad de Aguas,Vigentes,Región de Los Ríos,Comuna de Los Lagos,Rio Valdivia,0,-39.88373719,-72.23013403
10111008-7,Lago Riñihue En Sector Centro,Lagos y Embalses,Vigentes,Región de Los Ríos,Comuna de Los Lagos,Rio Valdivia,0,-39.83469101,-72.30827855
10111009-5,Rio Enco En Lago Riñihue,Calidad de Aguas,Vigentes,Región de Los Ríos,Comuna de Los Lagos,Rio Valdivia,0,-39.9228241,-72.17791139
10111010-9,Lago Rinihue Centro,Calidad de Aguas,Vigentes,Región de Los Ríos,Comuna de Panguipulli,Rio Valdivia,0,-39.82611806,-72.31306467
10111011-7,Lago Rinihue En Bahia Rinihue,Calidad de Aguas,Vigentes,Región de Los Ríos,Comuna de Los Lagos,Rio Valdivia,0,-39.81389403,-72.42584443
10111012-5,Lago Rinihue En Bahia Rinihue Desague,Calidad de Aguas,Vigentes,Región de Los Ríos,Comuna de Panguipulli,Rio Valdivia,0,-39.79083778,-72.40667782
10111013-3,Rio Enco En Lago Rinihue,Calidad de Aguas,Vigentes,Región de Los Ríos,Comuna de Los Lagos,Rio Valdivia,0,-39.91528116,-72.17334313
10111014-1,Rio San Pedro En Lago Rinihue,Calidad de Aguas,Vigentes,Región de Los Ríos,Comuna de Panguipulli,Rio Valdivia,0,-39.77195152,-72.45445762
10113001-0,Rio San Pedro En Malihue,Calidad de Aguas,Suspendidas,Región de Los Ríos,Comuna de Los Lagos,Rio Valdivia,110,-39.73400792,-72.68319477
10113002-9,Río San Pedro Aarr Confl Río Quinchilca,Calidad de Aguas,Vigentes,Región de Los Ríos,Comuna de Los Lagos,Rio Valdivia,33,-39.84984811,-72.74932542
10113003-7,Rio San Pedro En Pucono,Fluviométricas,Suspendidas,Región de Los Ríos,Comuna de Los Lagos,Rio Valdivia,78,-39.75927768,-72.58945874
10115000-3,Apr Nontuela Alto,Calidad de Aguas,Vigentes,Región de Los Ríos,Comuna de Futrono,Rio Valdivia,0,-40.048266,-72.46972007
10115001-1,Apr Lumaco-Paillaco,Calidad de Aguas,Vigentes,Región de Los Ríos,Comuna de Los Lagos,Rio Valdivia,0,-39.99967889,-72.70971625
10116001-7,Rio Quinchilca En Quinquilco (Ca),Calidad de Aguas,Suspendidas,Región de Los Ríos,Comuna de Los Lagos,Rio Valdivia,0,-39.900682,-72.58321015
10116002-5,Apr Las Huellas,Calidad de Aguas,Vigentes,Región de Los Ríos,Comuna de Los Lagos,Rio Valdivia,0,-39.90265288,-72.59307135
10116003-3,Apr Las Huellas,Calidad de Aguas,Vigentes,Región de Los Ríos,Comuna de Los Lagos,Rio Valdivia,0,-39.89861888,-72.59055758
10117000-4,Rio Quinchilca En Ruta T-39,Fluviométricas,Vigentes,Región de Los Ríos,Comuna de Los Lagos,Rio Valdivia,38,-39.85889691,-72.75278202
10117001-2,Apr Colo-Colo,Calidad de Aguas,Vigentes,Región de Los Ríos,Comuna de Los Lagos,Rio Valdivia,0,-39.88485513,-72.67352719
10120000-0,Estadio Municipal De Paillaco,Control de Nivel,Vigentes,Región de Los Ríos,Comuna de Paillaco,Rio Valdivia,93,-40.06883822,-72.86878886
10120001-9,Apr Lumaco,Calidad de Aguas,Vigentes,Región de Los Ríos,Comuna de Paillaco,Rio Valdivia,0,-40.01818344,-72.78763415
10120002-7,Apr Manao,Calidad de Aguas,Vigentes,Región de Los Ríos,Comuna de Paillaco,Rio Valdivia,0,-40.09494539,-72.83337091
10120003-5,Apr El Salto,Calidad de Aguas,Vigentes,Región de Los Ríos,Comuna de Paillaco,Rio Valdivia,0,-40.01818344,-72.78763415
10121001-4,Rio Collileufu En Los Lagos,Fluviométricas,Vigentes,Región de Los Ríos,Comuna de Los Lagos,Rio Valdivia,25,-39.86419501,-72.81408904
10121002-2,Apr Los Coligues,Calidad de Aguas,Vigentes,Región de Los Ríos,Comuna de Los Lagos,Rio Valdivia,0,-39.87054996,-72.78156018
10122001-K,Rio Calle Calle En Balsa San Javier,Calidad de Aguas,Vigentes,Región de Los Ríos,Comuna de Máfil,Rio Valdivia,14,-39.77824414,-72.98595062
10122003-6,Rio Calle Calle En Pupunahue,Meteorológicas,Vigentes,Región de Los Ríos,Comuna de Máfil,Rio Valdivia,60,-39.80859312,-72.90493186
10122004-4,Río Callecalle Aarr Balsa San Javier - Antilhue,Calidad de Aguas,Vigentes,Región de Los Ríos,Comuna de Los Lagos,Rio Valdivia,11,-39.80260749,-72.94755933
10122005-2,Apr Pancul,Calidad de Aguas,Vigentes,Región de Los Ríos,Comuna de Los Lagos,Rio Valdivia,0,-39.85578461,-72.78769335
10123001-5,Rio Calle-Calle En Planta Sendos (Ca),Calidad de Aguas,Suspendidas,Región de Los Ríos,Comuna de Valdivia,Rio Valdivia,0,-39.76735128,-73.21656953
10123002-3,Rio Calle-Calle En Puente P.Valdivia (Ca,Calidad de Aguas,Suspendidas,Región de Los Ríos,Comuna de Valdivia,Rio Valdivia,0,-39.80067966,-73.23324063
10123003-1,Estero Los Pinos (Se),Sedimentometricas,Suspendidas,Región de Los Ríos,Comuna de Valdivia,Rio Valdivia,10,-39.76734771,-73.1832388
10123004-K,Llancahue,Meteorológicas,Vigentes,Región de Los Ríos,Comuna de Valdivia,Rio Valdivia,70,-39.85639485,-73.17861286
10123005-8,Valdivia,Meteorológicas,Suspendidas,Región de Los Ríos,Comuna de Valdivia,Rio Valdivia,10,-39.81706688,-73.24268143
10123006-6,Valdivia (U. Austral),Meteorológicas,Vigentes,Región de Los Ríos,Comuna de Valdivia,Rio Valdivia,10,-39.8325075,-73.24378366
10123007-4,Río Callecalle Antes Cuesta Soto,Calidad de Aguas,Vigentes,Región de Los Ríos,Comuna de Valdivia,Rio Valdivia,4,-39.80622793,-73.15842119
10123008-2,Apr Pishuinco,Calidad de Aguas,Vigentes,Región de Los Ríos,Comuna de Valdivia,Rio Valdivia,0,-39.80626863,-73.05493795
10130001-3,Loncoche,Meteorológicas,Vigentes,Región de La Araucanía,Comuna de Loncoche,Rio Valdivia,120,-39.37194675,-72.61745413
10130002-1,Rio Cruces Ante Loncoche,Calidad de Aguas,Vigentes,Región de La Araucanía,Comuna de Loncoche,Rio Valdivia,0,-39.37205895,-72.62029415
10130003-K,Recinto Vialidad Salida A Villarrica,Control de Nivel,Vigentes,Región de La Araucanía,Comuna de Loncoche,Rio Valdivia,120,-39.37201402,-72.61721969
10132000-6,Apr Puyehue,Calidad de Aguas,Vigentes,Región de Los Ríos,Comuna de Panguipulli,Rio Valdivia,0,-39.66270474,-72.38518169
10133000-1,Rio Leufucade En Purulon,Fluviométricas,Vigentes,Región de Los Ríos,Comuna de Lanco,Rio Valdivia,97,-39.47811531,-72.69087446
10134001-5,Rio Cruces En Rucaco,Sedimentometricas,Vigentes,Región de Los Ríos,Comuna de Mariquina,Rio Valdivia,60,-39.55350406,-72.9007581
10134002-3,San Jose Mariquina,Meteorológicas,Vigentes,Región de Los Ríos,Comuna de Mariquina,Rio Valdivia,30,-39.55644455,-72.90094876
10134003-1,Rio Cruces En Cahuincura,Calidad de Aguas,Vigentes,Región de Los Ríos,Comuna de Mariquina,Rio Valdivia,0,-39.54955685,-73.05172402
10134004-K,Rio Cruces Ante Bocatoma Celco,Calidad de Aguas,Vigentes,Región de Los Ríos,Comuna de Mariquina,Rio Valdivia,0,-39.55760718,-72.88755229
10134005-8,Estadio Fiscal San Jose De La Mariquina,Control de Nivel,Vigentes,Región de Los Ríos,Comuna de Mariquina,Rio Valdivia,22,-39.53950443,-72.97027399
10134006-6,Río Cruces Aab Estación Cruces En Rucaco,Calidad de Aguas,Vigentes,Región de Los Ríos,Comuna de Mariquina,Rio Valdivia,36,-39.54239165,-72.96176509
10135002-9,Rio Cruces En San Luis De Alba,Calidad de Aguas,Vigentes,Región de Los Ríos,Comuna de Mariquina,Rio Valdivia,10,-39.60843719,-73.15284146
10135003-7,Apr Pelchuquin,Calidad de Aguas,Vigentes,Región de Los Ríos,Comuna de Mariquina,Rio Valdivia,0,-39.62514372,-73.07643608
10137001-1,Rio Inaque En Mafil,Calidad de Aguas,Vigentes,Región de Los Ríos,Comuna de Máfil,Rio Valdivia,25,-39.67085433,-72.98646239
10137002-K,Huichaco,Meteorológicas,Vigentes,Región de Los Ríos,Comuna de Máfil,Rio Valdivia,95,-39.71578991,-72.73788449
10137003-8,Estadio Municipal De Mafil,Control de Nivel,Vigentes,Región de Los Ríos,Comuna de Máfil,Rio Valdivia,27,-39.66679241,-72.94590808
10138002-5,Apr Pufudi,Calidad de Aguas,Vigentes,Región de Los Ríos,Comuna de Mariquina,Rio Valdivia,0,-39.67270703,-73.08041002
10138003-3,Apr Tralcao,Calidad de Aguas,Vigentes,Región de Los Ríos,Comuna de Mariquina,Rio Valdivia,0,-39.68654987,-73.12924681
10139000-4,Río Cruces En Punucapa,Calidad de Aguas,Vigentes,Región de Los Ríos,Comuna de Valdivia,Rio Valdivia,8,-39.75428996,-73.25823843
10139001-2,Apr El Arenal Sta Elvira,Calidad de Aguas,Vigentes,Región de Los Ríos,Comuna de Valdivia,Rio Valdivia,0,-39.77532588,-73.19973719
10139002-0,Apr Cabo Blanco,Calidad de Aguas,Vigentes,Región de Los Ríos,Comuna de Valdivia,Rio Valdivia,0,-39.78200528,-73.23870455
10140001-8,Rio Santo Domingo En Rinconada De Piedra,Fluviométricas,Vigentes,Región de Los Ríos,Comuna de Valdivia,Rio Valdivia,0,-39.91707393,-73.10844454
10140002-6,Estadio Felix Gallardo De Valdivia,Control de Nivel,Vigentes,Región de Los Ríos,Comuna de Valdivia,Rio Valdivia,15,-39.83157445,-73.2139511
10141001-3,Catamutun,Meteorológicas,Vigentes,Región de Los Ríos,Comuna de La Unión,Rio Valdivia,150,-40.16620825,-73.16854819
10142003-5,Rio Futa En Tres Chiflones,Fluviométricas,Vigentes,Región de Los Ríos,Comuna de Corral,Rio Valdivia,10,-40.03225457,-73.15542511
10144001-K,Rio Valdivia En Transbordador (Ca),Calidad de Aguas,Vigentes,Región de Los Ríos,Comuna de Panguipulli,Rio Valdivia,5,-39.80402458,-72.25249175
10144002-8,Pozo Hospital De Valdivia,Calidad de Aguas,Vigentes,Región de Los Ríos,Comuna de Valdivia,Rio Valdivia,0,-39.83094396,-73.2387053
10144003-6,Río Calle Calle Antes Confl Canal Cau Cau,Calidad de Aguas,Vigentes,Región de Los Ríos,Comuna de Valdivia,Rio Valdivia,3,-39.81294113,-73.2326346
10220000-4,Apr Chaihuin,Calidad de Aguas,Vigentes,Región de Los Ríos,Comuna de Corral,Costeras entre R.Valdivia y R.Bueno,0,-39.96620656,-73.61944326
10301000-4,Lago Maihue Rio Blanco O Pillanleufu,Calidad de Aguas,Vigentes,Región de Los Ríos,Comuna de Futrono,Rio Bueno,70,-40.25263686,-72.0378932
10301001-2,Lago Maihue Rio Heinahue,Calidad de Aguas,Vigentes,Región de Los Ríos,Comuna de Lago Ranco,Rio Bueno,70,-40.31817441,-71.98451699
10302000-K,Lago Maihue Rio Melipue,Calidad de Aguas,Vigentes,Región de Los Ríos,Comuna de Lago Ranco,Rio Bueno,70,-40.33495123,-71.99927501
10303001-3,Lago Maihue En Rio Melpue,Lagos y Embalses,Vigentes,Región de Los Ríos,Comuna de Lago Ranco,Rio Bueno,0,-40.3301447,-71.99497806
10304001-9,Rio Calcurrupe En Desembocadura,Fluviométricas,Vigentes,Región de Los Ríos,Comuna de Futrono,Rio Bueno,160,-40.23102625,-72.26034505
10304002-7,Lago Maihue,Meteorológicas,Vigentes,Región de Los Ríos,Comuna de Futrono,Rio Bueno,100,-40.21813052,-72.14648785
10304003-5,Lago Maihue Sector Centro,Calidad de Aguas,Vigentes,Región de Los Ríos,Comuna de Lago Ranco,Rio Bueno,0,-40.28792398,-72.01637998
10304004-3,Lago Maihue Sector Los Llolles,Lagos y Embalses,Vigentes,Región de Los Ríos,Comuna de Lago Ranco,Rio Bueno,0,-40.24430956,-72.12442942
10304005-1,Lago Maihue En Rio Blanco,Calidad de Aguas,Vigentes,Región de Los Ríos,Comuna de Futrono,Rio Bueno,0,-40.25273676,-72.03827679
10304006-K,Lago Maihue En Rio Calcurrupe,Calidad de Aguas,Vigentes,Región de Los Ríos,Comuna de Lago Ranco,Rio Bueno,0,-40.22721045,-72.15490861
10304007-8,Lago Maihue (Lm),Lagos y Embalses,Vigentes,Región de Los Ríos,Comuna de Lago Ranco,Rio Bueno,93,-40.328892,-72.0105618
10304008-6,Lago Ranco Sector Bahia Futrono,Calidad de Aguas,Vigentes,Región de Los Ríos,Comuna de Futrono,Rio Bueno,0,-40.1923033,-72.34500766
10304009-4,Lago Maihue Rio Calcurrupe,Calidad de Aguas,Vigentes,Región de Los Ríos,Comuna de Lago Ranco,Rio Bueno,0,-40.22736434,-72.15457311
10304010-8,Apr Calcurrupe,Calidad de Aguas,Vigentes,Región de Los Ríos,Comuna de Lago Ranco,Rio Bueno,0,-40.2356491,-72.2505561
10305001-4,Rio Caunahue Camino A Llifen,Fluviométricas,Vigentes,Región de Los Ríos,Comuna de Futrono,Rio Bueno,90,-40.15623683,-72.25321219
10305002-2,Caunahue,Meteorológicas,Vigentes,Región de Los Ríos,Comuna de Futrono,Rio Bueno,100,-40.1598622,-72.25263161
10306001-K,Rio Nilahue En Mayay,Calidad de Aguas,Vigentes,Región de Los Ríos,Comuna de Lago Ranco,Rio Bueno,80,-40.28965393,-72.17045123
10307001-5,Lago Ranco,Meteorológicas,Vigentes,Región de Los Ríos,Comuna de Lago Ranco,Rio Bueno,100,-40.31791534,-72.46903136
10307002-3,Lago Ranco En Futrono,Calidad de Aguas,Vigentes,Región de Los Ríos,Comuna de Futrono,Rio Bueno,0,-40.1476325,-72.41057035
10307003-1,Lago Ranco En Puerto Nuevo,Lagos y Embalses,Vigentes,Región de Los Ríos,Comuna de La Unión,Rio Bueno,0,-40.26235661,-72.55197874
10307004-K,Lago Ranco En Riñinahue,Calidad de Aguas,Vigentes,Región de Los Ríos,Comuna de Lago Ranco,Rio Bueno,0,-40.30736407,-72.30779529
10307005-8,Lago Ranco (Lm),Lagos y Embalses,Vigentes,Región de Los Ríos,Comuna de Lago Ranco,Rio Bueno,70,-40.31402765,-72.47208314
10307006-6,Lago Ranco En Riñinahue 2,Calidad de Aguas,Vigentes,Región de Los Ríos,Comuna de Lago Ranco,Rio Bueno,0,-40.25958536,-72.39662777
10307007-4,Lago Maihue Centro Z Max,Calidad de Aguas,Vigentes,Región de Los Ríos,Comuna de Lago Ranco,Rio Bueno,0,-40.28792206,-72.01595663
10307008-2,Apr Puerto Las Rosas,Calidad de Aguas,Vigentes,Región de Los Ríos,Comuna de Futrono,Rio Bueno,0,-40.12331583,-72.37321685
10310001-1,Rio Bueno En Puerto Lapi (Ca),Calidad de Aguas,Vigentes,Región de Los Ríos,Comuna de La Unión,Rio Bueno,72,-40.24902658,-72.6334362
10310002-K,Apr Ignao,Calidad de Aguas,Vigentes,Región de Los Ríos,Comuna de Lago Ranco,Rio Bueno,0,-40.33179667,-72.55612024
10310003-8,Apr Llifen,Calidad de Aguas,Vigentes,Región de Los Ríos,Comuna de Lago Ranco,Rio Bueno,0,-40.3316155,-72.55522045
10310004-6,Apr Sta Rosa Grande,Calidad de Aguas,Vigentes,Región de Los Ríos,Comuna de Paillaco,Rio Bueno,0,-40.13915989,-72.58879124
10310005-4,Apr Sta Rosa Chica,Calidad de Aguas,Vigentes,Región de Los Ríos,Comuna de Paillaco,Rio Bueno,0,-40.17769337,-72.55854892
10310006-2,Apr Cuinco Alto,Calidad de Aguas,Vigentes,Región de Los Ríos,Comuna de La Unión,Rio Bueno,0,-40.18412806,-72.59741712
10310007-0,Apr Ignao,Calidad de Aguas,Suspendidas,Región de Los Ríos,Comuna de Lago Ranco,Rio Bueno,0,-40.33173242,-72.55606371
10310008-9,Apr Los Copihues,Calidad de Aguas,Vigentes,Región de Los Ríos,Comuna de Río Bueno,Rio Bueno,0,-40.32640973,-72.61651644
10310009-7,Apr Sta Rosa Chica,Calidad de Aguas,Suspendidas,Región de Los Ríos,Comuna de Paillaco,Rio Bueno,0,-40.17361528,-72.55611167
10311001-7,Rio Bueno En Bueno,Fluviométricas,Vigentes,Región de Los Ríos,Comuna de Río Bueno,Rio Bueno,45,-40.32886486,-72.95752306
10311002-5,Rio Bueno 5 Km. Al Norte Pueblo Rio Buen,Calidad de Aguas,Suspendidas,Región de Los Ríos,Comuna de La Unión,Rio Bueno,45,-40.31736189,-72.9332265
10311003-3,Rio Bueno En Longitudinal (Ca),Calidad de Aguas,Suspendidas,Región de Los Ríos,Comuna de La Unión,Rio Bueno,0,-40.31736315,-72.99989546
10311004-1,Pozo Fundo Las Vertientes En Rio Bueno,Calidad de Aguas,Vigentes,Región de Los Ríos,Comuna de La Unión,Rio Bueno,0,-40.32374778,-72.97646178
10311005-K,Multicancha Villa Los Rios En La Union,Control de Nivel,Vigentes,Región de Los Ríos,Comuna de La Unión,Rio Bueno,22,-40.30449107,-73.08782934
10311006-8,Apr Cayurruca,Calidad de Aguas,Vigentes,Región de Los Ríos,Comuna de Río Bueno,Rio Bueno,0,-40.3065862,-72.69396537
10311007-6,Apr Curaco,Calidad de Aguas,Vigentes,Región de Los Ríos,Comuna de Río Bueno,Rio Bueno,0,-40.3398596,-72.90392106
10311008-4,Apr El Meli,Calidad de Aguas,Vigentes,Región de Los Ríos,Comuna de Río Bueno,Rio Bueno,0,-40.31818696,-72.63942442
10311009-2,Apr Huape Roi Roi,Calidad de Aguas,Vigentes,Región de Los Ríos,Comuna de La Unión,Rio Bueno,0,-40.22295089,-72.75237984
10311010-6,Apr Los Leones,Calidad de Aguas,Vigentes,Región de Los Ríos,Comuna de Río Bueno,Rio Bueno,0,-40.37372628,-72.62077347
10311011-4,Apr Pataguas De Pilmaiquen,Calidad de Aguas,Vigentes,Región de Los Ríos,Comuna de La Unión,Rio Bueno,0,-40.26739863,-72.76731324
10311012-2,Apr Traiguen,Calidad de Aguas,Vigentes,Región de Los Ríos,Comuna de La Unión,Rio Bueno,0,-40.26349081,-72.86864006
10311013-0,Apr Vivanco,Calidad de Aguas,Vigentes,Región de Los Ríos,Comuna de Río Bueno,Rio Bueno,0,-40.37249873,-72.620216
10311014-9,Apr Traiguen Chiscahue,Calidad de Aguas,Vigentes,Región de Los Ríos,Comuna de La Unión,Rio Bueno,0,-40.26354972,-72.86841479
10311015-7,Apr Pampa Negron,Calidad de Aguas,Vigentes,Región de Los Ríos,Comuna de La Unión,Rio Bueno,0,-40.31681881,-72.96764229
10312001-2,El Llolly,Meteorológicas,Vigentes,Región de Los Ríos,Comuna de Paillaco,Rio Bueno,225,-40.06790825,-72.61682036
10312002-0,Apr Auquinco  (Rio Bueno),Calidad de Aguas,Vigentes,Región de Los Ríos,Comuna de La Unión,Rio Bueno,0,-40.23749659,-72.94604897
10312003-9,Apr Dollinco,Calidad de Aguas,Vigentes,Región de Los Ríos,Comuna de Futrono,Rio Bueno,0,-40.10422566,-72.50545594
10312004-7,Apr Pichirropulli,Calidad de Aguas,Vigentes,Región de Los Ríos,Comuna de Paillaco,Rio Bueno,0,-40.14871397,-72.89420937
10312005-5,Apr Arcoiris,Calidad de Aguas,Vigentes,Región de Los Ríos,Comuna de Paillaco,Rio Bueno,0,-40.12965773,-72.72549585
10312006-3,Apr Santa Filomena,Calidad de Aguas,Vigentes,Región de Los Ríos,Comuna de Paillaco,Rio Bueno,0,-40.12218155,-72.68554286
10312007-1,Apr El Maiten,Calidad de Aguas,Vigentes,Región de Los Ríos,Comuna de Paillaco,Rio Bueno,0,-40.07477002,-72.67473138
10313001-8,Rio Llollelhue En La Union,Fluviométricas,Vigentes,Región de Los Ríos,Comuna de La Unión,Rio Bueno,20,-40.30218731,-73.08634119
10313002-6,Rio Llollelhue Ante Rio Bueno,Calidad de Aguas,Vigentes,Región de Los Ríos,Comuna de La Unión,Rio Bueno,0,-40.32603515,-73.10893739
10313003-4,Apr Los Esteros Niscon,Calidad de Aguas,Vigentes,Región de Los Ríos,Comuna de La Unión,Rio Bueno,0,-40.19461364,-72.81174604
10313004-2,Apr Rofuco Alto,Calidad de Aguas,Vigentes,Región de Los Ríos,Comuna de La Unión,Rio Bueno,0,-40.20775675,-72.84099047
10313005-0,Apr Auquinco,Calidad de Aguas,Vigentes,Región de Los Ríos,Comuna de La Unión,Rio Bueno,0,-40.23748613,-72.94596701
10313006-9,Apr Choroico-La Union,Calidad de Aguas,Vigentes,Región de Los Ríos,Comuna de La Unión,Rio Bueno,0,-40.20973257,-72.92585538
10322001-7,Rio Gol-Gol Bajo Salto El Indio,Calidad de Aguas,Vigentes,Región de Los Ríos,Comuna de Río Bueno,Rio Bueno,330,-40.66377493,-72.17974101
10322002-5,Anticura,Meteorológicas,Vigentes,Región de Los Ríos,Comuna de Río Bueno,Rio Bueno,350,-40.65598683,-72.18429147
10322003-3,Rio Gol Gol En Puente Nº 2,Fluviométricas,Vigentes,Región de Los Lagos,Comuna de Puyehue,Rio Bueno,330,-40.66558469,-72.25439825
10323001-2,Rio Pilmaiquen En Desague Lago Puyehue (,Calidad de Aguas,Vigentes,Región de Los Lagos,Comuna de Puyehue,Rio Bueno,220,-40.68194132,-72.60537004
10323002-0,Futacuhuin,Meteorológicas,Vigentes,Región de Los Lagos,Comuna de Puyehue,Rio Bueno,195,-40.7308592,-72.43313412
10323003-9,Lago Puyehue (Lm),Lagos y Embalses,Vigentes,Región de Los Lagos,Comuna de Puyehue,Rio Bueno,190,-40.67709436,-72.59320359
10323004-7,Lago Puyehue En Entre Lagos,Calidad de Aguas,Vigentes,Región de Los Lagos,Comuna de Puyehue,Rio Bueno,0,-40.68364386,-72.60233914
10323005-5,Lago Puyehue En Sector Centro,Calidad de Aguas,Vigentes,Región de Los Ríos,Comuna de Río Bueno,Rio Bueno,0,-40.63759493,-72.46441581
10323006-3,Lago Puyehue En Sector Caulle,Calidad de Aguas,Vigentes,Región de Los Ríos,Comuna de Río Bueno,Rio Bueno,0,-40.65048577,-72.38535367
10323007-1,Lago Puyehue En Bahia Caulle,Calidad de Aguas,Vigentes,Región de Los Ríos,Comuna de Río Bueno,Rio Bueno,0,-40.6402804,-72.36278915
10323008-K,Lago Puyehue Centro,Calidad de Aguas,Vigentes,Región de Los Lagos,Comuna de Puyehue,Rio Bueno,0,-40.67278236,-72.46666705
10323009-8,Lago Puyehue En Bahia Entrelagos,Calidad de Aguas,Vigentes,Región de Los Lagos,Comuna de Puyehue,Rio Bueno,0,-40.70972772,-72.40333632
10323010-1,Rio Pilmaiquen En Lago Puyehue,Calidad de Aguas,Vigentes,Región de Los Ríos,Comuna de Río Bueno,Rio Bueno,0,-40.67500226,-72.60001063
10323011-K,Rio Lican En Lago Puyehue,Calidad de Aguas,Vigentes,Región de Los Ríos,Comuna de Río Bueno,Rio Bueno,0,-40.64306399,-72.40973092
10323012-8,Rio Chanlelfu En Lago Puyehue,Calidad de Aguas,Vigentes,Región de Los Lagos,Comuna de Puyehue,Rio Bueno,0,-40.67500716,-72.33667086
10323013-6,Rio Golgol En Lago Puyehue,Calidad de Aguas,Vigentes,Región de Los Lagos,Comuna de Puyehue,Rio Bueno,0,-40.6719524,-72.33583427
10323014-4,Rio Pescadero En Lago Puyehue,Calidad de Aguas,Vigentes,Región de Los Lagos,Comuna de Puyehue,Rio Bueno,0,-40.70972772,-72.40333632
10323015-2,Apr Boquial,Calidad de Aguas,Vigentes,Región de Los Ríos,Comuna de Río Bueno,Rio Bueno,0,-40.61245769,-72.45716405
10323016-0,Apr Mantilhue,Calidad de Aguas,Vigentes,Región de Los Ríos,Comuna de Río Bueno,Rio Bueno,0,-40.61311535,-72.48305983
10324000-K,Apr Carimallin,Calidad de Aguas,Vigentes,Región de Los Ríos,Comuna de Río Bueno,Rio Bueno,0,-40.55522587,-72.77253826
10324001-8,Apr Trehuaco,Calidad de Aguas,Vigentes,Región de Los Ríos,Comuna de Río Bueno,Rio Bueno,0,-40.60465565,-72.6722829
10324002-6,Apr Curra-Luma,Calidad de Aguas,Vigentes,Región de Los Ríos,Comuna de Río Bueno,Rio Bueno,0,-40.47374322,-72.88731727
10325000-5,Apr Champulli,Calidad de Aguas,Vigentes,Región de Los Ríos,Comuna de Río Bueno,Rio Bueno,0,-40.54452804,-72.72009913
10325001-3,Apr Ponhuipa,Calidad de Aguas,Vigentes,Región de Los Ríos,Comuna de Río Bueno,Rio Bueno,0,-40.5672038,-72.69394547
10325002-1,Apr Champulli,Calidad de Aguas,Vigentes,Región de Los Ríos,Comuna de Río Bueno,Rio Bueno,0,-40.54450863,-72.72002894
10325003-K,Apr Buenaventura,Calidad de Aguas,Vigentes,Región de Los Ríos,Comuna de Río Bueno,Rio Bueno,0,-40.54452804,-72.72009913
10326000-0,Apr Folilco Rio Bueno,Calidad de Aguas,Vigentes,Región de Los Ríos,Comuna de Río Bueno,Rio Bueno,0,-40.44380666,-72.65020725
10326001-9,Apr Futahuente,Calidad de Aguas,Vigentes,Región de Los Ríos,Comuna de Río Bueno,Rio Bueno,0,-40.49581044,-72.67923654
10326002-7,Apr Nolgehue,Calidad de Aguas,Vigentes,Región de Los Ríos,Comuna de Río Bueno,Rio Bueno,0,-40.48941707,-72.78487505
10327001-4,Rio Chirre Antes Junta Rio Pilmaiquen,Fluviométricas,Vigentes,Región de Los Ríos,Comuna de Río Bueno,Rio Bueno,0,-40.43776532,-72.91262462
10327002-2,Apr Cuncun,Calidad de Aguas,Vigentes,Región de Los Ríos,Comuna de Río Bueno,Rio Bueno,0,-40.43817931,-72.79286574
10327003-0,Apr Litran,Calidad de Aguas,Vigentes,Región de Los Ríos,Comuna de Río Bueno,Rio Bueno,0,-40.41969415,-72.82801568
10327004-9,Apr Marriamo,Calidad de Aguas,Vigentes,Región de Los Ríos,Comuna de Río Bueno,Rio Bueno,0,-40.45890386,-72.83604584
10327005-7,Apr Trapi,Calidad de Aguas,Vigentes,Región de Los Ríos,Comuna de Río Bueno,Rio Bueno,0,-40.4015006,-72.70691782
10328001-K,Rio Pilmaiquen En San Pablo,Calidad de Aguas,Vigentes,Región de Los Ríos,Comuna de Río Bueno,Rio Bueno,40,-40.38340789,-72.99807222
10330001-0,Rio Bueno En Trumao,Calidad de Aguas,Vigentes,Región de Los Ríos,Comuna de La Unión,Rio Bueno,15,-40.35397179,-73.14573138
10330002-9,Apr Trumao,Calidad de Aguas,Vigentes,Región de Los Lagos,Comuna de San Pablo,Rio Bueno,0,-40.36146063,-73.16340282
10330003-7,Apr Quilacahuin,Calidad de Aguas,Vigentes,Región de Los Lagos,Comuna de San Pablo,Rio Bueno,0,-40.35797057,-73.252076
10340001-5,Rio Rahue En Desague Lago Rupanco,Meteorológicas,Vigentes,Región de Los Lagos,Comuna de Puerto Octay,Rio Bueno,130,-40.78790311,-72.69095765
10340002-3,Rupanco,Meteorológicas,Vigentes,Región de Los Lagos,Comuna de Puyehue,Rio Bueno,170,-40.76788167,-72.67716171
10340003-1,Lago Rupanco (Lm),Lagos y Embalses,Vigentes,Región de Los Lagos,Comuna de Puyehue,Rio Bueno,120,-40.78570843,-72.45403541
10340004-K,Lago Rupanco En Sector Desague,Calidad de Aguas,Vigentes,Región de Los Lagos,Comuna de Puerto Octay,Rio Bueno,0,-40.80664908,-72.57388643
10340005-8,Lago Rupanco En Sector Cascada,Calidad de Aguas,Vigentes,Región de Los Lagos,Comuna de Puerto Octay,Rio Bueno,0,-40.87470709,-72.34302437
10340006-6,Lago Rupanco En Sector Puerto Gaviota,Calidad de Aguas,Vigentes,Región de Los Lagos,Comuna de Puerto Octay,Rio Bueno,0,-40.88081992,-72.23078988
10340007-4,Rio Frutillar En Lago Rupanco,Calidad de Aguas,Vigentes,Región de Los Lagos,Comuna de Puerto Octay,Rio Bueno,0,-40.85543072,-72.46209031
10343001-1,Rio Coihueco Antes Junta Pichicope,Calidad de Aguas,Vigentes,Región de Los Lagos,Comuna de Puerto Octay,Rio Bueno,150,-40.93595126,-72.68435854
10343002-K,Rio Coihueco Antes Junta Rio Rahue,Fluviométricas,Vigentes,Región de Los Lagos,Comuna de Puerto Octay,Rio Bueno,75,-40.83552688,-72.91711768
10344002-5,Rio Rahue En Longitudinal (Ca),Calidad de Aguas,Vigentes,Región de Los Lagos,Comuna de Río Negro,Rio Bueno,0,-40.67156046,-73.12525856
10344003-3,Rio Rahue Antes Junta Rio Negro,Meteorológicas,Vigentes,Región de Los Lagos,Comuna de Osorno,Rio Bueno,40,-40.63333644,-73.18139357
10344004-1,Rio Rahue En Chan Chan,Fluviométricas,Vigentes,Región de Los Lagos,Comuna de Osorno,Rio Bueno,50,-40.70588762,-73.01890013
10344005-K,Apr Rincon Chahuilco,Calidad de Aguas,Vigentes,Región de Los Lagos,Comuna de Río Negro,Rio Bueno,0,-40.69790004,-73.12083926
10344006-8,Apr Las Quemas Bajo,Calidad de Aguas,Vigentes,Región de Los Lagos,Comuna de Osorno,Rio Bueno,0,-40.65791797,-73.05637333
10344007-6,Apr Cancura,Calidad de Aguas,Vigentes,Región de Los Lagos,Comuna de Osorno,Rio Bueno,0,-40.75704829,-72.96536619
10344008-4,Apr Chan-Chan,Calidad de Aguas,Vigentes,Región de Los Lagos,Comuna de Río Negro,Rio Bueno,0,-40.81444472,-72.98945933
10350001-K,Fresia,Meteorológicas,Vigentes,Región de Los Lagos,Comuna de Fresia,Rio Bueno,148,-41.15731498,-73.41336463
10350002-8,Pozo Lechera Fresia (Leche Sur),Calidad de Aguas,Vigentes,Región de Los Lagos,Comuna de Fresia,Rio Bueno,0,-41.15346125,-73.41543587
10350003-6,Apr Los Polizones,Calidad de Aguas,Vigentes,Región de Los Lagos,Comuna de Fresia,Rio Bueno,0,-41.13014595,-73.37189438
10351001-5,Rio Toro En Tegualda,Fluviométricas,Vigentes,Región de Los Lagos,Comuna de Fresia,Rio Bueno,95,-41.04818764,-73.3886827
10351002-3,Apr Estacion Concordia,Calidad de Aguas,Vigentes,Región de Los Lagos,Comuna de Purranque,Rio Bueno,0,-41.00578102,-73.29246212
10352000-2,Apr Colonia La Radio,Calidad de Aguas,Vigentes,Región de Los Lagos,Comuna de Frutillar,Rio Bueno,0,-41.10353981,-73.07641728
10354001-1,Rio Negro,Meteorológicas,Suspendidas,Región de Los Lagos,Comuna de Río Negro,Rio Bueno,50,-40.7834837,-73.21379164
10354002-K,Apr Tres Esteros,Calidad de Aguas,Vigentes,Región de Los Lagos,Comuna de Río Negro,Rio Bueno,0,-40.79036475,-73.28556126
10355001-7,Purranque,Meteorológicas,Vigentes,Región de Los Lagos,Comuna de Purranque,Rio Bueno,145,-40.91137709,-73.13306768
10355002-5,Inia La Pampa En Purranque,Control de Nivel,Vigentes,Región de Los Lagos,Comuna de Purranque,Rio Bueno,102,-40.86740641,-73.15689593
10355003-3,Rio Forrahue En Rio Negro,Meteorológicas,Vigentes,Región de Los Lagos,Comuna de Río Negro,Rio Bueno,52,-40.79611875,-73.21417596
10356001-2,Rio Negro En Chahuilco,Calidad de Aguas,Vigentes,Región de Los Lagos,Comuna de Río Negro,Rio Bueno,45,-40.71647393,-73.22140918
10356002-0,Apr Quisquilelfun,Calidad de Aguas,Vigentes,Región de Los Lagos,Comuna de Río Negro,Rio Bueno,0,-40.74351587,-73.13135181
10360002-2,Adolfo Matthei,Meteorológicas,Vigentes,Región de Los Lagos,Comuna de Osorno,Rio Bueno,55,-40.59045578,-73.11223563
10362001-5,Rio Damas En Tacamo,Fluviométricas,Vigentes,Región de Los Lagos,Comuna de Osorno,Rio Bueno,1250,-40.62951792,-73.04955939
10362002-3,Rio Damas En Ruta 5 (Ca),Calidad de Aguas,Vigentes,Región de Los Lagos,Comuna de Osorno,Rio Bueno,1250,-40.57204562,-73.1457479
10362003-1,Pozo Poblacion Kolbe En Osorno,Calidad de Aguas,Suspendidas,Región de Los Lagos,Comuna de Osorno,Rio Bueno,0,-40.56796103,-73.11821918
10362004-K,Prueba Gprs8,Fluviométricas,Suspendidas,Región de Los Lagos,Comuna de Osorno,Rio Bueno,0,-40.57709055,-73.14240692
10362005-8,Pozo Polloico,Calidad de Aguas,Vigentes,Región de Los Lagos,Comuna de Osorno,Rio Bueno,0,-40.58206839,-73.01705342
10362006-6,Apr Las Lumas,Calidad de Aguas,Vigentes,Región de Los Lagos,Comuna de Osorno,Rio Bueno,0,-40.59096211,-72.94863307
10363002-9,Rio Forrahue En Aromos,Fluviométricas,Vigentes,Región de Los Lagos,Comuna de Purranque,Rio Bueno,0,-40.9046839,-73.13192627
10363003-7,Rahue Alto,Meteorológicas,Suspendidas,Región de Los Lagos,Comuna de Osorno,Rio Bueno,45,-40.56681238,-73.16212267
10363004-5,Osorno,Meteorológicas,Suspendidas,Región de Los Lagos,Comuna de Osorno,Rio Bueno,30,-40.57264579,-73.12101763
10363005-3,Inia Remehue,Control de Nivel,Vigentes,Región de Los Lagos,Comuna de Osorno,Rio Bueno,80,-40.51848425,-73.05651213
10364001-6,Rio Rahue En Forrahue,Fluviométricas,Vigentes,Región de Los Lagos,Comuna de Osorno,Rio Bueno,17,-40.52935551,-73.26938802
10371001-4,Trinidad,Meteorológicas,Vigentes,Región de Los Lagos,Comuna de San Pablo,Rio Bueno,40,-40.31486614,-73.43324714
10372001-K,Venecia,Meteorológicas,Vigentes,Región de Los Ríos,Comuna de La Unión,Rio Bueno,900,-40.19402749,-73.43102766
10401001-6,Rio Tranallaguin En Carrico,Fluviométricas,Vigentes,Región de Los Lagos,Comuna de San Juan de la Costa,Cuencas e Islas entre R.Bueno y R. Puelo,45,-40.58948296,-73.51786698
10401002-4,Bahia Mansa,Meteorológicas,Vigentes,Región de Los Lagos,Comuna de San Juan de la Costa,Cuencas e Islas entre R.Bueno y R. Puelo,84,-40.58583414,-73.73277792
10401003-2,Dmc San Juan De La Costa Bahia Mansa,Meteorológicas,Suspendidas,Región de Los Lagos,Comuna de San Juan de la Costa,Cuencas e Islas entre R.Bueno y R. Puelo,72,-40.58667232,-73.735279
10404001-2,Llico Bajo,Meteorológicas,Suspendidas,Región de Los Lagos,Comuna de Los Muermos,Cuencas e Islas entre R.Bueno y R. Puelo,15,-41.28738924,-73.83521918
10405001-8,Rio Hueyusca En Napeco,Fluviométricas,Suspendidas,Región de Los Lagos,Comuna de Fresia,Cuencas e Islas entre R.Bueno y R. Puelo,25,-41.10071423,-73.66659406
10405002-6,Rio Hueyusca En Camarones,Fluviométricas,Vigentes,Región de Los Lagos,Comuna de Purranque,Cuencas e Islas entre R.Bueno y R. Puelo,40,-40.99814331,-73.62001136
10405004-2,Llico Bajo,Meteorológicas,Vigentes,Región de Los Lagos,Comuna de Los Muermos,Cuencas e Islas entre R.Bueno y R. Puelo,19,-41.28738924,-73.83521918
10405005-0,Rio La Plata Antes Junta Rio Hueyusca,Fluviométricas,Vigentes,Región de Los Lagos,Comuna de Purranque,Cuencas e Islas entre R.Bueno y R. Puelo,50,-41.00288553,-73.60240974
10405006-9,Cañitas,Meteorológicas,Vigentes,Región de Los Lagos,Comuna de Los Muermos,Cuencas e Islas entre R.Bueno y R. Puelo,123,-41.31722269,-73.45501111
10405007-7,Hueyusca,Meteorológicas,Vigentes,Región de Los Lagos,Comuna de Purranque,Cuencas e Islas entre R.Bueno y R. Puelo,50,-40.99972536,-73.58555727
10407000-0,Apr Coyan,Calidad de Aguas,Vigentes,Región de Los Lagos,Comuna de Maullín,Cuencas e Islas entre R.Bueno y R. Puelo,0,-41.56792406,-73.5717807
10410001-5,Rio Tepu En Pte. Camino  Pto. Varas-Ense (Afluen),Calidad de Aguas,Vigentes,Región de Los Lagos,Comuna de Puerto Varas,Cuencas e Islas entre R.Bueno y R. Puelo,0,-41.23331158,-72.59521641
10410003-1,Rio Pescado En Pte. Cam.Pto.Varas-Ensena (Afluent),Calidad de Aguas,Vigentes,Región de Los Lagos,Comuna de Puerto Varas,Cuencas e Islas entre R.Bueno y R. Puelo,0,-41.25363195,-72.7953964
10410004-K,Frutillar,Meteorológicas,Vigentes,Región de Los Lagos,Comuna de Frutillar,Cuencas e Islas entre R.Bueno y R. Puelo,142,-41.13072544,-73.06360292
10410005-8,La Ensenada,Meteorológicas,Suspendidas,Región de Los Lagos,Comuna de Puerto Varas,Cuencas e Islas entre R.Bueno y R. Puelo,62,-41.22766721,-72.56792441
10410006-6,Lago Llanquihue En Puerto Octay,Lagos y Embalses,Vigentes,Región de Los Lagos,Comuna de Puerto Octay,Cuencas e Islas entre R.Bueno y R. Puelo,0,-40.97652443,-72.86315026
10410007-4,Lago Llanquihue En Frutillar,Lagos y Embalses,Vigentes,Región de Los Lagos,Comuna de Frutillar,Cuencas e Islas entre R.Bueno y R. Puelo,0,-41.13180262,-72.98928058
10410008-2,Lago Llanquihue En Puerto Varas,Lagos y Embalses,Vigentes,Región de Los Lagos,Comuna de Puerto Varas,Cuencas e Islas entre R.Bueno y R. Puelo,0,-41.31153466,-72.96233491
10410009-0,Lago Llanquihue En Ensenada,Lagos y Embalses,Vigentes,Región de Los Lagos,Comuna de Puerto Varas,Cuencas e Islas entre R.Bueno y R. Puelo,0,-41.19656399,-72.59393925
10410010-4,Lago Llanquihue (Lm),Lagos y Embalses,Vigentes,Región de Los Lagos,Comuna de Puerto Varas,Cuencas e Islas entre R.Bueno y R. Puelo,52,-41.27489363,-72.85960516
10410011-2,Lago Llanquihue En Z Max,Calidad de Aguas,Vigentes,Región de Los Lagos,Comuna de Puerto Octay,Cuencas e Islas entre R.Bueno y R. Puelo,0,-41.09757453,-72.66243606
10410012-0,Lago Llanquihue En Puerto Octay 2,Calidad de Aguas,Vigentes,Región de Los Lagos,Comuna de Puerto Octay,Cuencas e Islas entre R.Bueno y R. Puelo,0,-41.01710843,-72.85087399
10410013-9,Lago Llanquihue En Frutillar 2,Calidad de Aguas,Vigentes,Región de Los Lagos,Comuna de Frutillar,Cuencas e Islas entre R.Bueno y R. Puelo,0,-41.13376467,-72.95087112
10410014-7,Lago Llanquihue En Puerto Varas 2,Lagos y Embalses,Vigentes,Región de Los Lagos,Comuna de Puerto Varas,Cuencas e Islas entre R.Bueno y R. Puelo,0,-41.26710587,-72.93420735
10410015-5,Cascada,Meteorológicas,Vigentes,Región de Los Lagos,Comuna de Puerto Octay,Cuencas e Islas entre R.Bueno y R. Puelo,75,-41.07877192,-72.63265435
10410016-3,Pozo Apr El Tepual Las Quemas 2,Calidad de Aguas,Vigentes,Región de Los Lagos,Comuna de Puerto Montt,Cuencas e Islas entre R.Bueno y R. Puelo,72,-41.41914578,-73.1196959
10410017-1,Lago Llanquihue Puerto Octay 2 Litoral,Calidad de Aguas,Vigentes,Región de Los Lagos,Comuna de Puerto Octay,Cuencas e Islas entre R.Bueno y R. Puelo,99,-40.98542236,-72.87037527
10410018-K,Lago Llanquihue Frutillar 2 Litoral,Calidad de Aguas,Vigentes,Región de Los Lagos,Comuna de Frutillar,Cuencas e Islas entre R.Bueno y R. Puelo,111,-41.14625839,-73.01623327
10410019-8,Lago Llanquihue Puerto Varas 2 Litoral,Calidad de Aguas,Vigentes,Región de Los Lagos,Comuna de Puerto Varas,Cuencas e Islas entre R.Bueno y R. Puelo,53,-41.30498188,-72.93328662
10410020-1,Lago Llanquihue Ensenada Litoral,Calidad de Aguas,Vigentes,Región de Los Lagos,Comuna de Puerto Varas,Cuencas e Islas entre R.Bueno y R. Puelo,62,-41.21793511,-72.59340628
10410021-K,Canal Puerto Varas,Calidad de Aguas,Vigentes,Región de Los Lagos,Comuna de Puerto Varas,Cuencas e Islas entre R.Bueno y R. Puelo,0,-41.31361503,-72.97917401
10410022-8,Apr Ensenada,Calidad de Aguas,Vigentes,Región de Los Lagos,Comuna de Puerto Varas,Cuencas e Islas entre R.Bueno y R. Puelo,0,-41.22547116,-72.56587041
10410023-6,Quebrada Honda Sector De Descarga Del Humedal,Calidad de Aguas,Vigentes,Región de Los Lagos,Comuna de Puerto Varas,Cuencas e Islas entre R.Bueno y R. Puelo,0,-41.3252848,-72.96111784
10410024-4,Quebrada Honda Ingreso Del Cauce Al Humedal,Calidad de Aguas,Vigentes,Región de Los Lagos,Comuna de Puerto Varas,Cuencas e Islas entre R.Bueno y R. Puelo,0,-41.32667196,-72.96112237
10410025-2,Quebrada Honda En Desembocadura  Al Lago Llanquihu,Calidad de Aguas,Vigentes,Región de Los Lagos,Comuna de Puerto Varas,Cuencas e Islas entre R.Bueno y R. Puelo,0,-41.32389353,-72.95834147
10411002-9,Rio Negro En Las Lomas,Fluviométricas,Vigentes,Región de Los Lagos,Comuna de Puerto Montt,Cuencas e Islas entre R.Bueno y R. Puelo,60,-41.39117994,-73.0670386
10411003-7,Rio Maullin En Llanquihue (Efluente),Calidad de Aguas,Vigentes,Región de Los Lagos,Comuna de Llanquihue,Cuencas e Islas entre R.Bueno y R. Puelo,50,-41.26225398,-73.00274649
10411005-3,"Pozo Km 13,7 Puerto Montt-Areopuerto El Tepual",Calidad de Aguas,Vigentes,Región de Los Lagos,Comuna de Puerto Montt,Cuencas e Islas entre R.Bueno y R. Puelo,0,-41.41791996,-73.12847803
10411007-K,Direccion De Vialidad Camino A Pargua,Control de Nivel,Vigentes,Región de Los Lagos,Comuna de Puerto Montt,Cuencas e Islas entre R.Bueno y R. Puelo,90,-41.45842079,-72.96597945
10411008-8,Rio Maullin Ante Junta Rio Negro,Calidad de Aguas,Vigentes,Región de Los Lagos,Comuna de Puerto Varas,Cuencas e Islas entre R.Bueno y R. Puelo,0,-41.36097917,-73.0499406
10411009-6,Rio Maullin Camino A Nueva Braunau,Calidad de Aguas,Vigentes,Región de Los Lagos,Comuna de Puerto Varas,Cuencas e Islas entre R.Bueno y R. Puelo,0,-41.3386922,-73.02543724
10411010-K,Rio Blanco En Ruta 225,Meteorológicas,Suspendidas,Región de Los Lagos,Comuna de Puerto Varas,Cuencas e Islas entre R.Bueno y R. Puelo,0,-41.23014692,-72.62062534
10411011-8,Rio Maullin En Desague Lago Llanquihue,Fluviométricas,Vigentes,Región de Los Lagos,Comuna de Llanquihue,Cuencas e Islas entre R.Bueno y R. Puelo,0,-41.26667071,-73.00501133
10411012-6,Apr Alto Bonito,Calidad de Aguas,Vigentes,Región de Los Lagos,Comuna de Puerto Montt,Cuencas e Islas entre R.Bueno y R. Puelo,0,-41.48635972,-73.01806011
10412000-8,Apr Nueva Braunau,Calidad de Aguas,Vigentes,Región de Los Lagos,Comuna de Puerto Varas,Cuencas e Islas entre R.Bueno y R. Puelo,0,-41.32502426,-73.0751491
10413000-3,Apr Paraguay Chico,Calidad de Aguas,Vigentes,Región de Los Lagos,Comuna de Los Muermos,Cuencas e Islas entre R.Bueno y R. Puelo,0,-41.43769021,-73.28804575
10414001-7,Rio Maullin En Las Quemas,Fluviométricas,Vigentes,Región de Los Lagos,Comuna de Puerto Varas,Cuencas e Islas entre R.Bueno y R. Puelo,0,-41.39449372,-73.19619296
10414002-5,Apr Las Quemas San Antonio,Calidad de Aguas,Vigentes,Región de Los Lagos,Comuna de Puerto Montt,Cuencas e Islas entre R.Bueno y R. Puelo,0,-41.50066986,-73.1170992
10415000-4,Apr Trapen Chinquihue Paitao,Calidad de Aguas,Vigentes,Región de Los Lagos,Comuna de Puerto Montt,Cuencas e Islas entre R.Bueno y R. Puelo,0,-41.52567499,-73.09590325
10417001-3,Maullin,Meteorológicas,Vigentes,Región de Los Lagos,Comuna de Maullín,Cuencas e Islas entre R.Bueno y R. Puelo,5,-41.619313,-73.60289932
10417002-1,Apr Lolcura,Calidad de Aguas,Vigentes,Región de Los Lagos,Comuna de Maullín,Cuencas e Islas entre R.Bueno y R. Puelo,0,-41.58874961,-73.55244991
10417003-K,Apr Lepihue - La Pasada,Calidad de Aguas,Vigentes,Región de Los Lagos,Comuna de Maullín,Cuencas e Islas entre R.Bueno y R. Puelo,0,-41.60264548,-73.58851106
10420000-1,Apr Amortajado,Calidad de Aguas,Vigentes,Región de Los Lagos,Comuna de Maullín,Cuencas e Islas entre R.Bueno y R. Puelo,0,-41.64113458,-73.6640724
10420001-K,Apr Carelmapu,Calidad de Aguas,Vigentes,Región de Los Lagos,Comuna de Maullín,Cuencas e Islas entre R.Bueno y R. Puelo,0,-41.73314958,-73.69232399
10421000-7,Apr El Penasco,Calidad de Aguas,Vigentes,Región de Los Lagos,Comuna de Calbuco,Cuencas e Islas entre R.Bueno y R. Puelo,0,-41.72518248,-73.26841106
10422000-2,Apr Puntilla San Rafael,Calidad de Aguas,Vigentes,Región de Los Lagos,Comuna de Calbuco,Cuencas e Islas entre R.Bueno y R. Puelo,0,-41.77077139,-73.16725594
10422001-0,Apr El Yale,Calidad de Aguas,Vigentes,Región de Los Lagos,Comuna de Calbuco,Cuencas e Islas entre R.Bueno y R. Puelo,0,-41.69690737,-73.19218779
10423000-8,Calbuco,Meteorológicas,Vigentes,Región de Los Lagos,Comuna de Calbuco,Cuencas e Islas entre R.Bueno y R. Puelo,7,-41.79750506,-73.18555916
10423001-6,Apr Caicaen,Calidad de Aguas,Vigentes,Región de Los Lagos,Comuna de Calbuco,Cuencas e Islas entre R.Bueno y R. Puelo,0,-41.80111765,-73.16296077
10423002-4,Apr Punta Machil,Calidad de Aguas,Vigentes,Región de Los Lagos,Comuna de Calbuco,Cuencas e Islas entre R.Bueno y R. Puelo,0,-41.78096239,-73.0793548
10423003-2,Apr Chauquear Alto,Calidad de Aguas,Vigentes,Región de Los Lagos,Comuna de Calbuco,Cuencas e Islas entre R.Bueno y R. Puelo,0,-41.80094526,-73.03502939
10423004-0,Apr Yaco Alto Y Bajo,Calidad de Aguas,Vigentes,Región de Los Lagos,Comuna de Calbuco,Cuencas e Islas entre R.Bueno y R. Puelo,0,-41.74896551,-73.22394582
10425001-7,Puerto Montt,Meteorológicas,Vigentes,Región de Los Lagos,Comuna de Puerto Montt,Cuencas e Islas entre R.Bueno y R. Puelo,90,-41.46277002,-72.94615892
10430001-4,Lago Chapo,Meteorológicas,Vigentes,Región de Los Lagos,Comuna de Puerto Montt,Cuencas e Islas entre R.Bueno y R. Puelo,270,-41.41636061,-72.59592712
10430002-2,Lago Chapo Sector Centro,Calidad de Aguas,Vigentes,Región de Los Lagos,Comuna de Puerto Montt,Cuencas e Islas entre R.Bueno y R. Puelo,0,-41.46712765,-72.4793172
10430003-0,Lago Chapo Sector Chamiza,Calidad de Aguas,Vigentes,Región de Los Lagos,Comuna de Puerto Montt,Cuencas e Islas entre R.Bueno y R. Puelo,0,-41.43240081,-72.54349145
10430004-9,Lago Chapo Sector Canutillar,Calidad de Aguas,Vigentes,Región de Los Lagos,Comuna de Puerto Montt,Cuencas e Islas entre R.Bueno y R. Puelo,0,-41.49600519,-72.43709658
10430005-7,Lago Chapo (Lm),Meteorológicas,Vigentes,Región de Los Lagos,Comuna de Puerto Montt,Cuencas e Islas entre R.Bueno y R. Puelo,290,-41.43398665,-72.57791108
10430006-5,Lago Chapo En Sector Centro 2,Lagos y Embalses,Vigentes,Región de Los Lagos,Comuna de Puerto Montt,Cuencas e Islas entre R.Bueno y R. Puelo,0,-41.42435739,-72.52498413
10430007-3,Lago Chapo En Suroriente,Lagos y Embalses,Vigentes,Región de Los Lagos,Comuna de Puerto Montt,Cuencas e Islas entre R.Bueno y R. Puelo,0,-41.49869994,-72.44000915
10430008-1,Rio Negro En Lago Chapo,Calidad de Aguas,Vigentes,Región de Los Lagos,Comuna de Puerto Montt,Cuencas e Islas entre R.Bueno y R. Puelo,0,-41.4036874,-72.47321899
10431000-1,Rio Blanco Ante Junta Rio Chamiza,Fluviométricas,Suspendidas,Región de Los Lagos,Comuna de Puerto Montt,Cuencas e Islas entre R.Bueno y R. Puelo,242,-41.43135499,-72.59542156
10431001-K,Rio Lenca Bajo Bocatoma,Fluviométricas,Vigentes,Región de Los Lagos,Comuna de Puerto Montt,Cuencas e Islas entre R.Bueno y R. Puelo,320,-41.51280731,-72.64752732
10432001-5,Rio Chamiza En Puente Chamiza,Calidad de Aguas,Vigentes,Región de Los Lagos,Comuna de Puerto Montt,Cuencas e Islas entre R.Bueno y R. Puelo,1250,-41.48859158,-72.83960772
10432002-3,Rio Chamiza Ante Junta Rio Chico,Fluviométricas,Vigentes,Región de Los Lagos,Comuna de Puerto Montt,Cuencas e Islas entre R.Bueno y R. Puelo,8,-41.44642622,-72.81158754
10432003-1,Rio Chico Ante Rio Chamiza,Fluviométricas,Vigentes,Región de Los Lagos,Comuna de Puerto Montt,Cuencas e Islas entre R.Bueno y R. Puelo,0,-41.42176117,-72.81940429
10432004-K,Pelluco (U. Austral),Meteorológicas,Suspendidas,Región de Los Lagos,Comuna de Puerto Montt,Cuencas e Islas entre R.Bueno y R. Puelo,25,-41.49184144,-72.89571974
10432005-8,Rio Chamiza Frente A Noria I-7,Fluviométricas,Suspendidas,Región de Los Lagos,Comuna de Puerto Montt,Cuencas e Islas entre R.Bueno y R. Puelo,0,-41.46906745,-72.83960097
10432006-6,Prueba Gprs9,Fluviométricas,Suspendidas,Región de Los Lagos,Comuna de Puerto Montt,Cuencas e Islas entre R.Bueno y R. Puelo,0,-41.48952563,-72.8711913
10440000-0,Captacion Lenca,Fluviométricas,Vigentes,Región de Los Lagos,Comuna de Puerto Montt,Cuencas e Islas entre R.Bueno y R. Puelo,0,-41.51501723,-72.60754422
10451000-0,Monte Tronador En Casa Pangue,Glaciológicas,Vigentes,Región de Los Lagos,Comuna de Puerto Varas,Cuencas e Islas entre R.Bueno y R. Puelo,430,-41.07611328,-71.87723088
10454001-5,Rio Petrohue En Desague Lago Todos Los Santos,Calidad de Aguas,Vigentes,Región de Los Lagos,Comuna de Puerto Varas,Cuencas e Islas entre R.Bueno y R. Puelo,150,-41.14072768,-72.40593837
10454002-3,Lago Todos Los Santos Sector Peulla,Lagos y Embalses,Vigentes,Región de Los Lagos,Comuna de Puerto Varas,Cuencas e Islas entre R.Bueno y R. Puelo,0,-41.1072209,-72.11661172
10454003-1,Lago Todos Los Santos  Sector Petrohue,Lagos y Embalses,Vigentes,Región de Los Lagos,Comuna de Puerto Varas,Cuencas e Islas entre R.Bueno y R. Puelo,0,-41.12943541,-72.38414369
10454004-K,Lago Todos Los Santos Sector Islas Margaritas,Lagos y Embalses,Vigentes,Región de Los Lagos,Comuna de Puerto Varas,Cuencas e Islas entre R.Bueno y R. Puelo,0,-41.08915978,-72.32080269
10454005-8,Lago Todos Los Santos En Sector Centro,Lagos y Embalses,Vigentes,Región de Los Lagos,Comuna de Puerto Varas,Cuencas e Islas entre R.Bueno y R. Puelo,0,-41.11082598,-72.31135919
10454006-6,Rio Negro En Lago Todos Los Santos,Calidad de Aguas,Vigentes,Región de Los Lagos,Comuna de Puerto Varas,Cuencas e Islas entre R.Bueno y R. Puelo,0,-41.06712967,-72.02863677
10454007-4,Rio Blanco En Lago Todos Los Santos,Calidad de Aguas,Vigentes,Región de Los Lagos,Comuna de Puerto Varas,Cuencas e Islas entre R.Bueno y R. Puelo,0,-41.16687854,-72.10365063
10454008-2,Control De Niveles Lago Todos Los Santos (Lm),Lagos y Embalses,Vigentes,Región de Los Lagos,Comuna de Puerto Varas,Cuencas e Islas entre R.Bueno y R. Puelo,195,-41.13722719,-72.39889256
10461000-5,Rio Cochamo Ante Junta Rio Del Este,Calidad de Aguas,Vigentes,Región de Los Lagos,Comuna de Cochamó,Cuencas e Islas entre R.Bueno y R. Puelo,13,-41.48711314,-72.24616791
10500000-6,Rio Manso En  La Frontera,Fluviométricas,Suspendidas,Región de Los Lagos,Comuna de Cochamó,Rio Puelo,485,-41.50155563,-71.84928928
10503001-0,Rio Manso Antes Junta Rio Puelo,Fluviométricas,Vigentes,Región de Los Lagos,Comuna de Cochamó,Rio Puelo,28,-41.72723927,-72.01683328
10503002-9,Rio Manso Ante Junta Rio Puelo,Calidad de Aguas,Vigentes,Región de Los Lagos,Comuna de Cochamó,Rio Puelo,0,-41.72269198,-72.01373809
10510000-0,Rio Puelo En La Frontera,Fluviométricas,Suspendidas,Región de Los Lagos,Comuna de Cochamó,Rio Puelo,220,-42.10414594,-71.73003094
10512000-1,Llanada Grande,Meteorológicas,Vigentes,Región de Los Lagos,Comuna de Cochamó,Rio Puelo,248,-41.87003401,-71.93947607
10514001-0,Rio Puelo Antes Junta Con Manso,Fluviométricas,Vigentes,Región de Los Lagos,Comuna de Cochamó,Rio Puelo,23,-41.76104489,-72.05583706
10520001-3,Rio Puelo En Desague Lago Tagua Tagua,Fluviométricas,Vigentes,Región de Los Lagos,Comuna de Cochamó,Rio Puelo,22,-41.64403761,-72.17213589
10520002-1,Lago Tagua Tagua Estacion Centro,Calidad de Aguas,Vigentes,Región de Los Lagos,Comuna de Futaleufú,Rio Yelcho,0,-43.19945018,-72.14195287
10520003-K,Estacion Control Niveles Lago Tagua Tagua (Lm),Lagos y Embalses,Vigentes,Región de Los Lagos,Comuna de Cochamó,Rio Puelo,20,-41.64834129,-72.18528745
10523001-K,Puelo,Meteorológicas,Vigentes,Región de Los Lagos,Comuna de Cochamó,Rio Puelo,5,-41.65834073,-72.30096726
10523002-8,Rio Puelo En Carrera Basilio,Fluviométricas,Vigentes,Región de Los Lagos,Comuna de Cochamó,Rio Puelo,0,-41.61268146,-72.2343855
10610001-2,Hornopiren,Meteorológicas,Vigentes,Región de Los Lagos,Comuna de Hualaihué,Costeras entre R.Puelo y R.Yelcho,25,-41.93908074,-72.43485998
10682000-7,Dmc Nueva Chaiten,Meteorológicas,Suspendidas,Región de Los Lagos,Comuna de Chaitén,Costeras entre R.Puelo y R.Yelcho,26,-42.78500421,-72.83473007
10683001-0,Chaiten,Meteorológicas,Suspendidas,Región de Los Lagos,Comuna de Chaitén,Costeras entre R.Puelo y R.Yelcho,10,-42.91549233,-72.71070353
10683002-9,Rio Blanco En Chaiten,Meteorológicas,Suspendidas,Región de Los Lagos,Comuna de Chaitén,Costeras entre R.Puelo y R.Yelcho,10,-42.92240557,-72.70653888
10683003-7,Chaitén Meteorológica,Meteorológicas,Vigentes,Región de Los Lagos,Comuna de Chaitén,Costeras entre R.Puelo y R.Yelcho,526,-42.91993851,-72.71014678
10701001-7,Lago Espolon,Meteorológicas,Vigentes,Región de Los Lagos,Comuna de Futaleufú,Rio Yelcho,350,-43.21559998,-71.94997572
10701002-5,Rio Espolon En Desague Lago Espolon,Fluviométricas,Vigentes,Región de Los Lagos,Comuna de Futaleufú,Rio Yelcho,380,-43.21357758,-71.94250424
10701003-3,Lago Espolon (Lm),Lagos y Embalses,Vigentes,Región de Los Lagos,Comuna de Futaleufú,Rio Yelcho,380,-43.21744515,-71.86684117
10701004-1,Lago Espolon Centro,Calidad de Aguas,Vigentes,Región de Los Lagos,Comuna de Futaleufú,Rio Yelcho,0,-43.17500649,-71.98444725
10701005-K,Rio Espolon Desague,Calidad de Aguas,Vigentes,Región de Los Lagos,Comuna de Futaleufú,Rio Yelcho,0,-43.21000277,-71.94111358
10702002-0,Rio Futaleufu En La Frontera,Fluviométricas,Vigentes,Región de Los Lagos,Comuna de Futaleufú,Rio Yelcho,314,-43.17863621,-71.75745449
10702003-9,Lago Lonconao Estacion Norte,Calidad de Aguas,Vigentes,Región de Los Lagos,Comuna de Futaleufú,Rio Yelcho,0,-43.23111961,-71.92944633
10704001-3,Palena,Meteorológicas,Vigentes,Región de Los Lagos,Comuna de Palena,Rio Palena y Costeras Limite Decima Region,275,-43.61199154,-71.80225798
10704002-1,Rio Futaleufu Ante Junta Rio Malito,Fluviométricas,Vigentes,Región de Los Lagos,Comuna de Palena,Rio Yelcho,42,-43.45345072,-72.10975309
10710001-6,Puerto. Cardenas,Meteorológicas,Vigentes,Región de Los Lagos,Comuna de Chaitén,Rio Yelcho,55,-43.17456597,-72.43638569
10710002-4,Lago Yelcho (Lm),Lagos y Embalses,Vigentes,Región de Los Lagos,Comuna de Chaitén,Rio Yelcho,75,-43.17105506,-72.42040464
10710003-2,Lago Yelcho Estacion Norte,Calidad de Aguas,Vigentes,Región de Los Lagos,Comuna de Chaitén,Rio Yelcho,0,-43.19945319,-72.41278315
10711001-1,Rio Yelcho En Desgue Lago Yelcho (Ca),Calidad de Aguas,Vigentes,Región de Los Lagos,Comuna de Chaitén,Rio Yelcho,0,-43.17478097,-72.43834514
10900001-9,Quemchi,Meteorológicas,Vigentes,Región de Los Lagos,Comuna de Quemchi,Islas Chiloe y Circundantes,5,-42.15676604,-73.49029845
10900002-7,Ancud 2 (Doh),Meteorológicas,Vigentes,Región de Los Lagos,Comuna de Ancud,Islas Chiloe y Circundantes,9,-41.87990739,-73.79633136
10901002-2,Castro 1 (Dga),Meteorológicas,Suspendidas,Región de Los Lagos,Comuna de Castro,Islas Chiloe y Circundantes,50,-42.45881851,-73.77438253
10901003-0,Chonchi,Meteorológicas,Vigentes,Región de Los Lagos,Comuna de Chonchi,Islas Chiloe y Circundantes,30,-42.6181678,-73.7721885
10901004-9,Castro 2  (Doh),Meteorológicas,Vigentes,Región de Los Lagos,Comuna de Castro,Islas Chiloe y Circundantes,20,-42.48020411,-73.77409901
10901005-7,Apr Rauco Alto,Calidad de Aguas,Vigentes,Región de Los Lagos,Comuna de Chonchi,Islas Chiloe y Circundantes,0,-42.55589629,-73.80387502
10901006-5,Pozo Municipalidad Castro,Calidad de Aguas,Vigentes,Región de Los Lagos,Comuna de Dalcahue,Islas Chiloe y Circundantes,0,-42.38333976,-73.73695512
10902001-K,Desague L.De Natri Km.49 Castro-Quellon,Calidad de Aguas,Vigentes,Región de Los Lagos,Comuna de Chonchi,Islas Chiloe y Circundantes,32,-42.82072083,-73.78610908
10902002-8,Quellon,Meteorológicas,Vigentes,Región de Los Lagos,Comuna de Quellón,Islas Chiloe y Circundantes,50,-43.11320464,-73.61946584
10902003-6,Lago Natri-Zmax,Calidad de Aguas,Vigentes,Región de Los Lagos,Comuna de Chonchi,Islas Chiloe y Circundantes,0,-42.79296418,-73.81945813
10902004-4,Lago Yaldad-Zmax,Calidad de Aguas,Vigentes,Región de Los Lagos,Comuna de Quellón,Islas Chiloe y Circundantes,0,-43.02920977,-73.84387062
10902005-2,Lago San Antonio Z Max,Calidad de Aguas,Vigentes,Región de Los Lagos,Comuna de Quellón,Islas Chiloe y Circundantes,0,-42.95560378,-73.73170071
10902006-0,Apr Natri,Calidad de Aguas,Vigentes,Región de Los Lagos,Comuna de Chonchi,Islas Chiloe y Circundantes,0,-42.79776137,-73.77632282
10903001-5,Rio Vilcun En Bel-Ben,Fluviométricas,Vigentes,Región de Los Lagos,Comuna de Ancud,Islas Chiloe y Circundantes,0,-42.04106,-73.68385384
10903003-1,Ancud 1 (Dga),Meteorológicas,Vigentes,Región de Los Lagos,Comuna de Ancud,Islas Chiloe y Circundantes,20,-41.86385188,-73.8227182
10903004-K,Dmc Ancud Liceo Agricola,Meteorológicas,Suspendidas,Región de Los Lagos,Comuna de Ancud,Islas Chiloe y Circundantes,32,-41.86611965,-73.81639895
10903005-8,Apr El Quitral,Calidad de Aguas,Vigentes,Región de Los Lagos,Comuna de Ancud,Islas Chiloe y Circundantes,0,-41.92326898,-73.63485442
10903006-6,Apr Curamo,Calidad de Aguas,Vigentes,Región de Los Lagos,Comuna de Ancud,Islas Chiloe y Circundantes,0,-41.86915308,-73.74086325
10903007-4,Apr Puguenun,Calidad de Aguas,Vigentes,Región de Los Lagos,Comuna de Ancud,Islas Chiloe y Circundantes,0,-41.83100095,-73.68540864
10904001-0,Rio Grande En San Pedro,Fluviométricas,Vigentes,Región de Los Lagos,Comuna de Dalcahue,Islas Chiloe y Circundantes,0,-42.35322023,-73.84236692
10904002-9,Rio Pudhuapi En San Pedro (Ca),Calidad de Aguas,Suspendidas,Región de Los Lagos,Comuna de Dalcahue,Islas Chiloe y Circundantes,0,-42.36742158,-73.86660186
10904004-5,Rio Puntra En Camino Ancud-Castro (Ca),Calidad de Aguas,Vigentes,Región de Los Lagos,Comuna de Dalcahue,Islas Chiloe y Circundantes,0,-42.16585501,-73.72408844
10904005-3,Chepu,Meteorológicas,Vigentes,Región de Los Lagos,Comuna de Ancud,Islas Chiloe y Circundantes,20,-42.04448123,-73.96011856
10904006-1,Pozo Piruquina,Calidad de Aguas,Vigentes,Región de Los Lagos,Comuna de Castro,Islas Chiloe y Circundantes,0,-42.38153546,-73.79608789
10906003-8,Rio Bravo En Puente Milildeo N 1,Calidad de Aguas,Vigentes,Región de Los Lagos,Comuna de Chonchi,Islas Chiloe y Circundantes,1250,-42.6893694,-73.93939227
10906004-6,Cucao,Meteorológicas,Vigentes,Región de Los Lagos,Comuna de Chonchi,Islas Chiloe y Circundantes,12,-42.62451131,-74.10844939
10906005-4,Lago Tepuheico - Z Max,Calidad de Aguas,Vigentes,Región de Los Lagos,Comuna de Chonchi,Islas Chiloe y Circundantes,0,-42.79106644,-73.9639091
10906006-2,Lago Tarahuin-Zmax,Calidad de Aguas,Vigentes,Región de Los Lagos,Comuna de Chonchi,Islas Chiloe y Circundantes,0,-42.71498533,-73.73088499
10906007-0,Lago Huillinco-Zmax,Calidad de Aguas,Vigentes,Región de Los Lagos,Comuna de Chonchi,Islas Chiloe y Circundantes,0,-42.66940534,-73.93853587
10906008-9,Apr Tara,Calidad de Aguas,Vigentes,Región de Los Lagos,Comuna de Chonchi,Islas Chiloe y Circundantes,0,-42.68955918,-73.79470922
10907000-9,Lago Chaiguata-Zmax,Calidad de Aguas,Vigentes,Región de Los Lagos,Comuna de Quellón,Islas Chiloe y Circundantes,0,-43.15126544,-73.84073604
10921000-5,Apr Puqueldon,Calidad de Aguas,Vigentes,Región de Los Lagos,Comuna de Puqueldón,Islas Chiloe y Circundantes,0,-42.60032393,-73.66786591
11020004-8,Rio Tigre En La Frontera,Fluviométricas,Vigentes,Región de Los Lagos,Comuna de Palena,Rio Palena y Costeras Limite Decima Region,650,-43.72443141,-71.70879976
11022001-4,Rio Tranquilo En Carretera Austral,Calidad de Aguas,Vigentes,Región Aysén del General Carlos Ibáñez del Campo,Comuna de Río Ibáñez,Rio Baker,1250,-46.62214815,-72.67539209
11023001-K,Valle Rio Frio,Meteorológicas,Vigentes,Región de Los Lagos,Comuna de Chaitén,Rio Palena y Costeras Limite Decima Region,215,-43.50562626,-72.34493669
11024000-7,Rio Palena Ante Junta Rosselot,Calidad de Aguas,Vigentes,Región Aysén del General Carlos Ibáñez del Campo,Comuna de Cisnes,Rio Palena y Costeras Limite Decima Region,48,-43.95634381,-72.40101187
11031001-3,Lago Verde,Meteorológicas,Vigentes,Región Aysén del General Carlos Ibáñez del Campo,Comuna de Lago Verde,Rio Palena y Costeras Limite Decima Region,350,-44.23991362,-71.84691828
11033001-4,Villa Alegre (L.E.),Meteorológicas,Suspendidas,Región Aysén del General Carlos Ibáñez del Campo,Comuna de Cisnes,Rio Palena y Costeras Limite Decima Region,150,-44.06774819,-72.20067355
11034001-K,Bordalit,Meteorológicas,Vigentes,Región Aysén del General Carlos Ibáñez del Campo,Comuna de Cisnes,Rio Palena y Costeras Limite Decima Region,90,-44.04742174,-72.31586987
11034002-8,Desagüe Lago Rosselot,Calidad de Aguas,Vigentes,Región Aysén del General Carlos Ibáñez del Campo,Comuna de Cisnes,Rio Palena y Costeras Limite Decima Region,72,-43.99328123,-72.30878527
11034003-6,Lago Roselot Boya,Calidad de Aguas,Vigentes,Región Aysén del General Carlos Ibáñez del Campo,Comuna de Cisnes,Rio Palena y Costeras Limite Decima Region,0,-44.02201615,-72.31362346
11034004-4,Lago Rosselot Sector Centro 1,Calidad de Aguas,Vigentes,Región Aysén del General Carlos Ibáñez del Campo,Comuna de Cisnes,Rio Palena y Costeras Limite Decima Region,0,-44.06628144,-72.31082177
11034005-2,Rio Rosselot En Nacimiento,Fluviométricas,Vigentes,Región Aysén del General Carlos Ibáñez del Campo,Comuna de Cisnes,Rio Palena y Costeras Limite Decima Region,71,-43.99028575,-72.30584055
11040001-2,Rio Palena Bajo Junta Rosselot,Fluviométricas,Vigentes,Región Aysén del General Carlos Ibáñez del Campo,Comuna de Cisnes,Rio Palena y Costeras Limite Decima Region,40,-43.98360341,-72.4919054
11040002-0,Rio Palena Bajo Junta Rosselot,Calidad de Aguas,Vigentes,Región Aysén del General Carlos Ibáñez del Campo,Comuna de Cisnes,Rio Palena y Costeras Limite Decima Region,33,-43.9851407,-72.49549414
11041001-8,La Junta,Meteorológicas,Vigentes,Región Aysén del General Carlos Ibáñez del Campo,Comuna de Cisnes,Rio Palena y Costeras Limite Decima Region,45,-43.96286886,-72.40209834
11041002-6,Lago Risopatron Centro,Calidad de Aguas,Vigentes,Región Aysén del General Carlos Ibáñez del Campo,Comuna de Cisnes,Rio Palena y Costeras Limite Decima Region,0,-44.26271928,-72.5155402
11041003-4,Lago Risopatron Boya,Calidad de Aguas,Vigentes,Región Aysén del General Carlos Ibáñez del Campo,Comuna de Cisnes,Rio Palena y Costeras Limite Decima Region,0,-44.21928033,-72.49781446
11041004-2,Lago Risopatron Rio Desague,Calidad de Aguas,Vigentes,Región Aysén del General Carlos Ibáñez del Campo,Comuna de Cisnes,Rio Palena y Costeras Limite Decima Region,0,-44.19408937,-72.49039723
11041005-0,Estacion Rissopatron,Meteorológicas,Vigentes,Región Aysén del General Carlos Ibáñez del Campo,Comuna de Cisnes,Rio Palena y Costeras Limite Decima Region,518,-44.1947224,-72.49667716
11043001-9,Marin Balmaceda,Meteorológicas,Vigentes,Región Aysén del General Carlos Ibáñez del Campo,Comuna de Cisnes,Rio Palena y Costeras Limite Decima Region,10,-43.77518043,-72.9532286
11120001-7,Puerto Puyuhuapi,Meteorológicas,Vigentes,Región Aysén del General Carlos Ibáñez del Campo,Comuna de Cisnes,Costeras e Islas entre R.Palena y R.Aisen,10,-44.32341604,-72.55514079
11120002-5,Puerto Gala,Meteorológicas,Vigentes,Región Aysén del General Carlos Ibáñez del Campo,Comuna de Cisnes,Costeras e Islas entre R.Palena y R.Aisen,167,-44.27222248,-73.21500569
11130001-1,Rio Ventisquero En Carretera Austral,Fluviométricas,Vigentes,Región Aysén del General Carlos Ibáñez del Campo,Comuna de Cisnes,Costeras e Islas entre R.Palena y R.Aisen,45,-44.46044906,-72.56200858
11140001-6,Rio Cisnes,Meteorológicas,Vigentes,Región Aysén del General Carlos Ibáñez del Campo,Comuna de Lago Verde,Costeras e Islas entre R.Palena y R.Aisen,740,-44.49694932,-71.31500199
11141001-1,Rio Cisnes En Estancia Rio Cisnes,Fluviométricas,Vigentes,Región Aysén del General Carlos Ibáñez del Campo,Comuna de Lago Verde,Costeras e Islas entre R.Palena y R.Aisen,480,-44.59417267,-71.55086027
11143001-2,Rio Cisnes Antes Junta Rio Moro,Fluviométricas,Vigentes,Región Aysén del General Carlos Ibáñez del Campo,Comuna de Lago Verde,Costeras e Islas entre R.Palena y R.Aisen,500,-44.66377859,-71.80926117
11143002-0,Rio Moro Antes Junta Rio Cisnes,Fluviométricas,Vigentes,Región Aysén del General Carlos Ibáñez del Campo,Comuna de Lago Verde,Costeras e Islas entre R.Palena y R.Aisen,516,-44.66598674,-71.81244587
11143003-9,La Tapera,Meteorológicas,Vigentes,Región Aysén del General Carlos Ibáñez del Campo,Comuna de Lago Verde,Costeras e Islas entre R.Palena y R.Aisen,550,-44.64804725,-71.67378068
11144001-8,Rio Cisne En Puente Carretera Austral (C,Calidad de Aguas,Vigentes,Región Aysén del General Carlos Ibáñez del Campo,Comuna de Lago Verde,Costeras e Islas entre R.Palena y R.Aisen,0,-44.70149234,-72.23249918
11144002-6,Cisnes Medio,Meteorológicas,Vigentes,Región Aysén del General Carlos Ibáñez del Campo,Comuna de Lago Verde,Costeras e Islas entre R.Palena y R.Aisen,180,-44.66846933,-72.26890574
11144003-4,Laguna Las Torres Centro,Calidad de Aguas,Vigentes,Región Aysén del General Carlos Ibáñez del Campo,Comuna de Lago Verde,Costeras e Islas entre R.Palena y R.Aisen,0,-44.79313643,-72.21406114
11144004-2,Laguna Las Torres Boya,Calidad de Aguas,Vigentes,Región Aysén del General Carlos Ibáñez del Campo,Comuna de Lago Verde,Costeras e Islas entre R.Palena y R.Aisen,0,-44.78568721,-72.22348314
11147001-4,Rio Cisnes En Puerto Cisnes,Sedimentometricas,Vigentes,Región Aysén del General Carlos Ibáñez del Campo,Comuna de Cisnes,Costeras e Islas entre R.Palena y R.Aisen,16,-44.7661196,-72.6244541
11147002-2,Rio Grande En Carretera Austral,Fluviométricas,Vigentes,Región Aysén del General Carlos Ibáñez del Campo,Comuna de Lago Verde,Costeras e Islas entre R.Palena y R.Aisen,200,-44.64230817,-72.28068544
11147003-0,Puerto Cisnes,Meteorológicas,Vigentes,Región Aysén del General Carlos Ibáñez del Campo,Comuna de Cisnes,Costeras e Islas entre R.Palena y R.Aisen,10,-44.72611632,-72.68194545
11147004-9,Estacion Portezuelo Queulat,Meteorológicas,Vigentes,Región Aysén del General Carlos Ibáñez del Campo,Comuna de Cisnes,Costeras e Islas entre R.Palena y R.Aisen,518,-44.59305879,-72.42000958
11180000-6,Islas Huichas,Meteorológicas,Vigentes,Región Aysén del General Carlos Ibáñez del Campo,Comuna de Aysén,Costeras e Islas entre R.Palena y R.Aisen,6,-45.15529653,-73.51889163
11201001-7,Melinka,Meteorológicas,Vigentes,Región Aysén del General Carlos Ibáñez del Campo,Comuna de Guaitecas,Archipielagos de Las Guaitecas y de los Chonos,0,-43.89515902,-73.74535606
11300001-5,Estancia Baño Nuevo,Meteorológicas,Vigentes,Región Aysén del General Carlos Ibáñez del Campo,Comuna de Coihaique,Rio Aisen,700,-45.26862042,-71.52700101
11302001-6,Rio Ñireguao En Villa Mañiguales,Calidad de Aguas,Vigentes,Región Aysén del General Carlos Ibáñez del Campo,Comuna de Aysén,Rio Aisen,188,-45.17009438,-72.14313536
11302002-4,Ñirehuao,Meteorológicas,Vigentes,Región Aysén del General Carlos Ibáñez del Campo,Comuna de Coihaique,Rio Aisen,535,-45.27035355,-71.70964344
11303001-1,Rio Toqui A. Junta Desgue Lag. P.A.Cerda,Calidad de Aguas,Suspendidas,Región Aysén del General Carlos Ibáñez del Campo,Comuna de Coihaique,Rio Aisen,0,-45.01103528,-72.13678377
11303002-K,Rio Toqui 200 M.A.Ab. Pta. Hidroelectric,Calidad de Aguas,Vigentes,Región Aysén del General Carlos Ibáñez del Campo,Comuna de Coihaique,Rio Aisen,0,-44.99415019,-72.04056035
11303003-8,Rio Toqui En Campamento (Ca),Calidad de Aguas,Suspendidas,Región Aysén del General Carlos Ibáñez del Campo,Comuna de Coihaique,Rio Aisen,0,-45.00637176,-71.99817536
11304001-7,Villa Mañihuales,Meteorológicas,Vigentes,Región Aysén del General Carlos Ibáñez del Campo,Comuna de Aysén,Rio Aisen,150,-45.14500331,-72.13833515
11305001-2,Rio Gnirehuao Antes Junta Rio Magnihuale,Calidad de Aguas,Vigentes,Región Aysén del General Carlos Ibáñez del Campo,Comuna de Aysén,Rio Aisen,0,-45.2374797,-72.25270458
11307001-3,Rio Emperador Guillermo Antes Junta Mañiguales,Calidad de Aguas,Vigentes,Región Aysén del General Carlos Ibáñez del Campo,Comuna de Aysén,Rio Aisen,180,-45.26159348,-72.26688732
11307002-1,Villa Ortega,Meteorológicas,Vigentes,Región Aysén del General Carlos Ibáñez del Campo,Comuna de Coihaique,Rio Aisen,550,-45.37145453,-71.98027049
11308001-9,Rio Magniguales Antes Junta Rio Simpson,Fluviométricas,Vigentes,Región Aysén del General Carlos Ibáñez del Campo,Comuna de Aysén,Rio Aisen,20,-45.39900636,-72.48029908
11308002-7,Rio Mañihuales En Puente N 2,Calidad de Aguas,Vigentes,Región Aysén del General Carlos Ibáñez del Campo,Comuna de Aysén,Rio Aisen,0,-45.10114332,-72.14934978
11310001-K,Rio Huemules Frente Cerro Galera,Fluviométricas,Vigentes,Región Aysén del General Carlos Ibáñez del Campo,Comuna de Coihaique,Rio Aisen,510,-45.84347566,-71.77872992
11310002-8,Rio Oscuro En Camino Cerro Portezuelo,Fluviométricas,Vigentes,Región Aysén del General Carlos Ibáñez del Campo,Comuna de Coihaique,Rio Aisen,525,-45.94146857,-71.70864217
11310003-6,Rio Blanco Chico Antes Junta Oscuro,Meteorológicas,Vigentes,Región Aysén del General Carlos Ibáñez del Campo,Comuna de Coihaique,Rio Aisen,515,-45.89112927,-71.72444409
11312001-0,Rio Blanco Antes Junta Huemules,Fluviométricas,Vigentes,Región Aysén del General Carlos Ibáñez del Campo,Comuna de Coihaique,Rio Aisen,450,-45.81252362,-71.91544224
11314001-1,Rio Pollux Antes Junta Simpson,Fluviométricas,Vigentes,Región Aysén del General Carlos Ibáñez del Campo,Comuna de Coihaique,Rio Aisen,226,-45.62645151,-72.11494573
11314002-K,Cerro Divisadero,Meteorológicas,Vigentes,Región Aysén del General Carlos Ibáñez del Campo,Comuna de Coihaique,Rio Aisen,1322,-45.63250062,-72.02001247
11314003-8,Rio Pollux En Desague Lago Frio,Meteorológicas,Vigentes,Región Aysén del General Carlos Ibáñez del Campo,Comuna de Coihaique,Rio Aisen,517,-45.6644488,-71.96223482
11314004-6,Lago Castor Boya,Calidad de Aguas,Vigentes,Región Aysén del General Carlos Ibáñez del Campo,Comuna de Coihaique,Rio Aisen,0,-45.59287902,-71.74892848
11314005-4,Lago Pollux Centro,Calidad de Aguas,Vigentes,Región Aysén del General Carlos Ibáñez del Campo,Comuna de Coihaique,Rio Aisen,0,-45.67479199,-71.8587652
11314006-2,Lago Castor Sector Centro 1,Calidad de Aguas,Vigentes,Región Aysén del General Carlos Ibáñez del Campo,Comuna de Coihaique,Rio Aisen,0,-45.59000628,-71.76872392
11314007-0,Lago Pollux Desague 1,Calidad de Aguas,Vigentes,Región Aysén del General Carlos Ibáñez del Campo,Comuna de Coihaique,Rio Aisen,0,-45.66380854,-71.88567756
11314008-9,Lago Pollux Afluente,Calidad de Aguas,Vigentes,Región Aysén del General Carlos Ibáñez del Campo,Comuna de Coihaique,Rio Aisen,0,-45.7014875,-71.87674924
11314009-7,Rio Pollux Afluente 2,Calidad de Aguas,Vigentes,Región Aysén del General Carlos Ibáñez del Campo,Comuna de Coihaique,Rio Aisen,0,-45.70631884,-71.87612365
11315001-7,Rio Claro En Pisicultura,Calidad de Aguas,Vigentes,Región Aysén del General Carlos Ibáñez del Campo,Comuna de Coihaique,Rio Aisen,224,-45.57489461,-72.08385473
11315003-3,Rio Claro En El Puente,Fluviométricas,Suspendidas,Región Aysén del General Carlos Ibáñez del Campo,Comuna de Coihaique,Rio Aisen,0,-45.57489424,-72.08172713
11315005-K,"Rio Claro 800 M.A,Arriba Pte. Ramon Osse",Calidad de Aguas,Vigentes,Región Aysén del General Carlos Ibáñez del Campo,Comuna de Coihaique,Rio Aisen,0,-45.58749054,-72.1027139
11315006-8,Estacion De Prueba Teniente Vidal,Meteorológicas,Vigentes,Región Aysén del General Carlos Ibáñez del Campo,Comuna de Coihaique,Rio Aisen,308,-45.59666891,-72.11361431
11316001-2,Rio Coyhaique En Tejas Verdes,Fluviométricas,Vigentes,Región Aysén del General Carlos Ibáñez del Campo,Comuna de Coihaique,Rio Aisen,335,-45.56729511,-72.03103921
11316002-0,Rio Coyhaique Antes Junta Con Rio Simpso,Calidad de Aguas,Suspendidas,Región Aysén del General Carlos Ibáñez del Campo,Comuna de Coihaique,Rio Aisen,330,-45.55575094,-72.06742069
11316003-9,Coyhaique (Escuela Agricola),Meteorológicas,Vigentes,Región Aysén del General Carlos Ibáñez del Campo,Comuna de Coihaique,Rio Aisen,343,-45.57173255,-72.02653737
11316004-7,Coyhaique Alto,Meteorológicas,Vigentes,Región Aysén del General Carlos Ibáñez del Campo,Comuna de Coihaique,Rio Aisen,730,-45.48067451,-71.60437503
11316005-5,Laguna Perdices Boya,Calidad de Aguas,Vigentes,Región Aysén del General Carlos Ibáñez del Campo,Comuna de Coihaique,Rio Aisen,0,-45.54960245,-71.84511711
11316006-3,Laguna Las Perdices Sector Centro,Calidad de Aguas,Vigentes,Región Aysén del General Carlos Ibáñez del Campo,Comuna de Coihaique,Rio Aisen,0,-45.54951381,-71.84144862
11317001-8,Rio Simpson Bajo Junta Coyhaique,Fluviométricas,Vigentes,Región Aysén del General Carlos Ibáñez del Campo,Comuna de Coihaique,Rio Aisen,210,-45.55165633,-72.06815912
11317002-6,Rio Simpson En P. Entel A.Ab. De Coyhaiq,Calidad de Aguas,Vigentes,Región Aysén del General Carlos Ibáñez del Campo,Comuna de Coihaique,Rio Aisen,0,-45.55268198,-72.0684901
11317003-4,Rio Simpson En Pte. O.Mondaca A.Ab.Coyha,Calidad de Aguas,Vigentes,Región Aysén del General Carlos Ibáñez del Campo,Comuna de Coihaique,Rio Aisen,0,-45.55245659,-72.0684762
11317004-2,Rio Simpson Antes Rio Coihayque,Calidad de Aguas,Suspendidas,Región Aysén del General Carlos Ibáñez del Campo,Comuna de Coihaique,Rio Aisen,1250,-45.55085751,-72.06649675
11317005-0,Coyhaique Conaf,Meteorológicas,Vigentes,Región Aysén del General Carlos Ibáñez del Campo,Comuna de Coihaique,Rio Aisen,340,-45.54879041,-72.0536908
11318001-3,Rio Simpson Antes Junta Rio Magniguales,Fluviométricas,Vigentes,Región Aysén del General Carlos Ibáñez del Campo,Comuna de Aysén,Rio Aisen,20,-45.40084295,-72.48316899
11318002-1,El Balseo,Meteorológicas,Vigentes,Región Aysén del General Carlos Ibáñez del Campo,Comuna de Aysén,Rio Aisen,25,-45.40727743,-72.47820599
11330000-0,Lago La Paloma Centro,Calidad de Aguas,Vigentes,Región Aysén del General Carlos Ibáñez del Campo,Comuna de Coihaique,Rio Aisen,0,-45.91372734,-72.1138686
11331001-4,Rio La Paloma Antes Río Desague,Fluviométricas,Vigentes,Región Aysén del General Carlos Ibáñez del Campo,Comuna de Coihaique,Rio Aisen,232,-45.80611455,-72.42361871
11332002-8,Lago Atravesado Centro,Calidad de Aguas,Vigentes,Región Aysén del General Carlos Ibáñez del Campo,Comuna de Coihaique,Rio Aisen,0,-45.69646737,-72.29872441
11332003-6,Lago Elizalde Boya,Calidad de Aguas,Vigentes,Región Aysén del General Carlos Ibáñez del Campo,Comuna de Coihaique,Rio Aisen,0,-45.784596,-72.1938504
11332004-4,Laguna Verde Centro,Calidad de Aguas,Vigentes,Región Aysén del General Carlos Ibáñez del Campo,Comuna de Coihaique,Rio Aisen,0,-45.79584488,-72.22209612
11332005-2,Lago Elizalde Sector Centro,Calidad de Aguas,Vigentes,Región Aysén del General Carlos Ibáñez del Campo,Comuna de Coihaique,Rio Aisen,0,-45.78523603,-72.24190847
11333001-5,Rio Desague Bajo Junta Rio Paloma,Meteorológicas,Vigentes,Región Aysén del General Carlos Ibáñez del Campo,Comuna de Coihaique,Rio Aisen,217,-45.78055784,-72.46611628
11335001-6,Rio Blanco Bajo Junta Riesco,Calidad de Aguas,Suspendidas,Región Aysén del General Carlos Ibáñez del Campo,Comuna de Aysén,Rio Aisen,16,-45.46773465,-72.61622821
11335002-4,Rio Blanco En Desague Lago Caro,Fluviométricas,Vigentes,Región Aysén del General Carlos Ibáñez del Campo,Comuna de Coihaique,Rio Aisen,270,-45.79898331,-72.60545514
11336001-1,Desague Lago Riesco,Calidad de Aguas,Vigentes,Región Aysén del General Carlos Ibáñez del Campo,Comuna de Aysén,Rio Aisen,1250,-45.49697127,-72.67429289
11336002-K,Lago Riesco Centro,Calidad de Aguas,Vigentes,Región Aysén del General Carlos Ibáñez del Campo,Comuna de Aysén,Rio Aisen,0,-45.52333776,-72.72441403
11336003-8,Laguna Alta Centro,Calidad de Aguas,Vigentes,Región Aysén del General Carlos Ibáñez del Campo,Comuna de Aysén,Rio Aisen,0,-45.53206289,-72.70611919
11336004-6,Lago Riesco Boya,Calidad de Aguas,Vigentes,Región Aysén del General Carlos Ibáñez del Campo,Comuna de Aysén,Rio Aisen,0,-45.46584055,-72.72726703
11336005-4,Lago Riesco Rio Condor,Calidad de Aguas,Vigentes,Región Aysén del General Carlos Ibáñez del Campo,Comuna de Aysén,Rio Aisen,0,-45.56593225,-72.74897725
11336006-2,Lago Riesgo Rio Los Pinos,Calidad de Aguas,Vigentes,Región Aysén del General Carlos Ibáñez del Campo,Comuna de Aysén,Rio Aisen,0,-45.50296164,-72.690034
11337001-7,Rio Blanco Antes Junta Rio Aysen,Calidad de Aguas,Vigentes,Región Aysén del General Carlos Ibáñez del Campo,Comuna de Aysén,Rio Aisen,21,-45.43238773,-72.58928467
11342001-4,Rio Aysen En Puerto Aysen,Meteorológicas,Vigentes,Región Aysén del General Carlos Ibáñez del Campo,Comuna de Aysén,Rio Aisen,32,-45.4075077,-72.62318572
11342002-2,Puerto Aysen,Meteorológicas,Suspendidas,Región Aysén del General Carlos Ibáñez del Campo,Comuna de Aysén,Rio Aisen,10,-45.40140922,-72.69986418
11400001-9,Puerto Chacabuco,Meteorológicas,Vigentes,Región Aysén del General Carlos Ibáñez del Campo,Comuna de Aysén,Costeras e Islas entre R Aisen y R Baker y Canal Gral. Martinez,20,-45.4622413,-72.81587637
11405001-6,Rio Lagunillas En Desague Lago Condor,Fluviométricas,Vigentes,Región Aysén del General Carlos Ibáñez del Campo,Comuna de Aysén,Costeras e Islas entre R Aisen y R Baker y Canal Gral. Martinez,10,-45.47979296,-72.94380322
11420000-K,Rio Exploradores En Nacimiento,Glaciológicas,Vigentes,Región Aysén del General Carlos Ibáñez del Campo,Comuna de Chile Chico,Costeras e Islas entre R Aisen y R Baker y Canal Gral. Martinez,150,-46.50311219,-73.15045139
11421000-5,Glaciar Exploradores,Glaciológicas,Vigentes,Región Aysén del General Carlos Ibáñez del Campo,Comuna de Chile Chico,Costeras e Islas entre R Aisen y R Baker y Canal Gral. Martinez,190,-46.51778443,-73.17695306
11440000-9,Laguna San Rafael,Glaciológicas,Vigentes,Región Aysén del General Carlos Ibáñez del Campo,Comuna de Aysén,Costeras e Islas entre R Aisen y R Baker y Canal Gral. Martinez,3,-46.63833936,-73.87222846
11440001-7,Hielo Norte En Glaciar San Rafael,Glaciológicas,Vigentes,Región Aysén del General Carlos Ibáñez del Campo,Comuna de Aysén,Costeras e Islas entre R Aisen y R Baker y Canal Gral. Martinez,1189,-46.70533989,-73.59352342
11480000-7,Rio Huemules En Glaciar Steffen,Glaciológicas,Vigentes,Región Aysén del General Carlos Ibáñez del Campo,Comuna de Tortel,Costeras e Islas entre R Aisen y R Baker y Canal Gral. Martinez,23,-47.54250144,-73.67333831
11480001-5,Laguna Steffens 1,Glaciológicas,Vigentes,Región Aysén del General Carlos Ibáñez del Campo,Comuna de Tortel,Costeras e Islas entre R Aisen y R Baker y Canal Gral. Martinez,361,-47.42222288,-73.74695204
11480002-3,Laguna Tempanos,Glaciológicas,Vigentes,Región Aysén del General Carlos Ibáñez del Campo,Comuna de Tortel,Costeras e Islas entre R Aisen y R Baker y Canal Gral. Martinez,177,-47.45445249,-73.75584461
11480003-1,Laguna Hpn4,Glaciológicas,Vigentes,Región Aysén del General Carlos Ibáñez del Campo,Comuna de Tortel,Costeras e Islas entre R Aisen y R Baker y Canal Gral. Martinez,708,-47.4411175,-73.57140095
11500002-0,Rio Ibanez Antes Junta Cajon,Fluviométricas,Vigentes,Región Aysén del General Carlos Ibáñez del Campo,Comuna de Río Ibáñez,Rio Baker,356,-46.08586626,-72.58214836
11503001-9,Villa Cerro Castillo,Meteorológicas,Vigentes,Región Aysén del General Carlos Ibáñez del Campo,Comuna de Río Ibáñez,Rio Baker,345,-46.12117836,-72.15848311
11503002-7,Estacion Portezuelo Ibañez,Meteorológicas,Vigentes,Región Aysén del General Carlos Ibáñez del Campo,Comuna de Río Ibáñez,Rio Baker,1080,-46.07778479,-72.0508452
11504001-4,Rio Claro Antes Junta Rio Ibagnez,Fluviométricas,Suspendidas,Región Aysén del General Carlos Ibáñez del Campo,Comuna de Río Ibáñez,Rio Baker,0,-46.25087508,-71.96685985
11505001-K,Rio Ibañez En Desembocadura,Sedimentometricas,Vigentes,Región Aysén del General Carlos Ibáñez del Campo,Comuna de Río Ibáñez,Rio Baker,220,-46.26854504,-71.98887751
11511001-2,Puerto Ibañez,Meteorológicas,Suspendidas,Región Aysén del General Carlos Ibáñez del Campo,Comuna de Río Ibáñez,Rio Baker,215,-46.29004366,-71.93380423
11513001-3,Bahia Murta,Meteorológicas,Vigentes,Región Aysén del General Carlos Ibáñez del Campo,Comuna de Río Ibáñez,Rio Baker,240,-46.45575582,-72.6726152
11513002-1,Lago General Carrera  Pto Sanchez Pto Sanchez,Calidad de Aguas,Vigentes,Región Aysén del General Carlos Ibáñez del Campo,Comuna de Río Ibáñez,Rio Baker,0,-46.59650518,-72.58239403
11513003-K,Lago General Carrera Cristal,Calidad de Aguas,Vigentes,Región Aysén del General Carlos Ibáñez del Campo,Comuna de Río Ibáñez,Rio Baker,0,-46.55684848,-72.30837601
11513004-8,Lago General Carrera Murta,Calidad de Aguas,Vigentes,Región Aysén del General Carlos Ibáñez del Campo,Comuna de Río Ibáñez,Rio Baker,0,-46.47221849,-72.69446166
11513005-6,Lago General Carrera Pto Alarcon,Calidad de Aguas,Vigentes,Región Aysén del General Carlos Ibáñez del Campo,Comuna de Río Ibáñez,Rio Baker,0,-46.62354589,-72.51339458
11513006-4,Lago General Carrera Punto Medio,Calidad de Aguas,Vigentes,Región Aysén del General Carlos Ibáñez del Campo,Comuna de Chile Chico,Rio Baker,0,-46.63666056,-72.42364504
11514001-9,Rio Murta En Desembocadura,Calidad de Aguas,Vigentes,Región Aysén del General Carlos Ibáñez del Campo,Comuna de Río Ibáñez,Rio Baker,219,-46.44742622,-72.71927061
11514002-7,Rio Engaño En Carretera Austral,Calidad de Aguas,Vigentes,Región Aysén del General Carlos Ibáñez del Campo,Comuna de Río Ibáñez,Rio Baker,0,-46.45766279,-72.72306241
11515000-6,Lago General Carrera Leones,Calidad de Aguas,Vigentes,Región Aysén del General Carlos Ibáñez del Campo,Comuna de Chile Chico,Rio Baker,0,-46.76490249,-72.78801667
11515001-4,Lago General Carrera Punto Medio Guadal,Calidad de Aguas,Vigentes,Región Aysén del General Carlos Ibáñez del Campo,Comuna de Chile Chico,Rio Baker,0,-46.79074358,-72.74715073
11515002-2,Lago General Carrera Tranquilo,Calidad de Aguas,Vigentes,Región Aysén del General Carlos Ibáñez del Campo,Comuna de Chile Chico,Rio Baker,0,-46.62164041,-72.66990161
11516001-K,Rio Los Leones En Carretera Austral,Calidad de Aguas,Vigentes,Región Aysén del General Carlos Ibáñez del Campo,Comuna de Chile Chico,Rio Baker,1250,-46.73739059,-72.86039156
11516002-8,Rio Los Leones En Carretera Austral,Fluviométricas,Vigentes,Región Aysén del General Carlos Ibáñez del Campo,Comuna de Chile Chico,Rio Baker,218,-46.74054131,-72.86284575
11517001-5,Desague Lago General Carrera,Calidad de Aguas,Vigentes,Región Aysén del General Carlos Ibáñez del Campo,Comuna de Chile Chico,Rio Baker,1250,-47.00416329,-72.83620891
11517002-3,Lago General Carrera En Desagüe,Fluviométricas,Vigentes,Región Aysén del General Carlos Ibáñez del Campo,Comuna de Chile Chico,Rio Baker,210,-46.84645145,-72.80320344
11520002-K,Rio Jeinimeni En Chile Chico,Calidad de Aguas,Vigentes,Región Aysén del General Carlos Ibáñez del Campo,Comuna de Chile Chico,Rio Baker,267,-46.58678105,-71.66980498
11520003-8,Rio Amarillo Ante Junta Rio Jeinimeni,Fluviométricas,Vigentes,Región Aysén del General Carlos Ibáñez del Campo,Comuna de Chile Chico,Rio Baker,1419,-46.81889612,-71.98639501
11520004-6,Rio Las Nieves Antes Junta Jeinimeni,Fluviométricas,Vigentes,Región Aysén del General Carlos Ibáñez del Campo,Comuna de Chile Chico,Rio Baker,721,-46.78833554,-71.9119556
11520005-4,Rio Jeinimeni En Nacimiento,Fluviométricas,Vigentes,Región Aysén del General Carlos Ibáñez del Campo,Comuna de Chile Chico,Rio Baker,845,-46.83500869,-72.00889543
11521001-7,Rio El Bagno En Chile Chico,Calidad de Aguas,Vigentes,Región Aysén del General Carlos Ibáñez del Campo,Comuna de Chile Chico,Rio Baker,414,-46.55495081,-71.89344872
11521002-5,Chile Chico,Meteorológicas,Vigentes,Región Aysén del General Carlos Ibáñez del Campo,Comuna de Chile Chico,Rio Baker,215,-46.54345495,-71.6993224
11521003-3,Lago General Carrera (Chile Chico),Lagos y Embalses,Vigentes,Región Aysén del General Carlos Ibáñez del Campo,Comuna de Chile Chico,Rio Baker,201,-46.53588907,-71.73101686
11521004-1,Rio Aviles En Carretera,Calidad de Aguas,Vigentes,Región Aysén del General Carlos Ibáñez del Campo,Comuna de Chile Chico,Rio Baker,0,-46.5902646,-72.22700831
11521005-K,Lago General Carrera Fachinal,Meteorológicas,Vigentes,Región Aysén del General Carlos Ibáñez del Campo,Comuna de Chile Chico,Rio Baker,18,-46.54338924,-72.22650214
11521006-8,Lago General Carrera Chile Chico,Calidad de Aguas,Vigentes,Región Aysén del General Carlos Ibáñez del Campo,Comuna de Chile Chico,Rio Baker,0,-46.52771174,-71.71158165
11521007-6,Estacion Paso Las Llaves,Meteorológicas,Vigentes,Región Aysén del General Carlos Ibáñez del Campo,Comuna de Chile Chico,Rio Baker,295,-46.59194901,-72.33028051
11522000-4,Rio Maitenes En Carretera,Calidad de Aguas,Vigentes,Región Aysén del General Carlos Ibáñez del Campo,Comuna de Chile Chico,Rio Baker,0,-46.74934824,-72.51854426
11523001-8,Puerto Guadal,Meteorológicas,Suspendidas,Región Aysén del General Carlos Ibáñez del Campo,Comuna de Chile Chico,Rio Baker,210,-46.84257852,-72.70583353
11523002-6,Lago General Carrera En Puerto Guadal,Meteorológicas,Vigentes,Región Aysén del General Carlos Ibáñez del Campo,Comuna de Chile Chico,Rio Baker,205,-46.84201229,-72.69735879
11523003-4,Lago General Carrera Guadal,Calidad de Aguas,Vigentes,Región Aysén del General Carlos Ibáñez del Campo,Comuna de Chile Chico,Rio Baker,0,-46.83608117,-72.69778277
11523004-2,Lago General Carrera Maqui,Calidad de Aguas,Vigentes,Región Aysén del General Carlos Ibáñez del Campo,Comuna de Chile Chico,Rio Baker,0,-46.81599669,-72.66636569
11530000-8,Rio Baker En Desague Lago Bertrand,Calidad de Aguas,Vigentes,Región Aysén del General Carlos Ibáñez del Campo,Comuna de Chile Chico,Rio Baker,200,-47.05181083,-72.81284596
11532000-9,Rio Nef Antes Junta Estero El Rebalse,Glaciológicas,Vigentes,Región Aysén del General Carlos Ibáñez del Campo,Comuna de Cochrane,Rio Baker,281,-47.141934,-73.0898403
11532001-7,Rio Nef Antes Junta Estero El Rebalse (M),Meteorológicas,Vigentes,Región Aysén del General Carlos Ibáñez del Campo,Comuna de Cochrane,Rio Baker,280,-47.14000376,-73.09389239
11533001-2,Estancia Valle Chacabuco,Meteorológicas,Vigentes,Región Aysén del General Carlos Ibáñez del Campo,Comuna de Cochrane,Rio Baker,343,-47.11864906,-72.49376943
11533002-0,Rio Nef Ante Junta Baker,Calidad de Aguas,Vigentes,Región Aysén del General Carlos Ibáñez del Campo,Comuna de Cochrane,Rio Baker,0,-47.12466493,-72.77766276
11535000-5,Rio Duna En Carretera,Calidad de Aguas,Vigentes,Región Aysén del General Carlos Ibáñez del Campo,Comuna de Chile Chico,Rio Baker,0,-46.7732974,-72.58843978
11535001-3,Rio Chacabuco En Carretera Austral,Calidad de Aguas,Vigentes,Región Aysén del General Carlos Ibáñez del Campo,Comuna de Cochrane,Rio Baker,0,-47.11501376,-72.60562372
11536001-9,Rio Cochrane En Cochrane,Fluviométricas,Vigentes,Región Aysén del General Carlos Ibáñez del Campo,Comuna de Cochrane,Rio Baker,140,-47.25385112,-72.56760846
11536002-7,Lago Cochrane,Lagos y Embalses,Vigentes,Región Aysén del General Carlos Ibáñez del Campo,Comuna de Cochrane,Rio Baker,0,-47.16757647,-72.14982667
11536003-5,Aerodromo Cochrane,Meteorológicas,Suspendidas,Región Aysén del General Carlos Ibáñez del Campo,Comuna de Cochrane,Rio Baker,200,-47.24507698,-72.5829036
11536004-3,Rio Baker En Angostura Chacabuco,Fluviométricas,Vigentes,Región Aysén del General Carlos Ibáñez del Campo,Comuna de Cochrane,Rio Baker,160,-47.14136187,-72.72560861
11536005-1,Rio El Salto Ante Junta Baker,Fluviométricas,Suspendidas,Región Aysén del General Carlos Ibáñez del Campo,Comuna de Cochrane,Rio Baker,0,-47.33423988,-72.51650154
11536006-K,Rio Cochrane En Nacimiento,Calidad de Aguas,Vigentes,Región Aysén del General Carlos Ibáñez del Campo,Comuna de Cochrane,Rio Baker,0,-47.24945667,-72.53422783
11536007-8,Lago Cochrane Boya,Calidad de Aguas,Vigentes,Región Aysén del General Carlos Ibáñez del Campo,Comuna de Cochrane,Rio Baker,0,-47.26136217,-72.48292688
11536008-6,Lago El Camino Centro,Calidad de Aguas,Vigentes,Región Aysén del General Carlos Ibáñez del Campo,Comuna de Cochrane,Rio Baker,0,-47.25715056,-72.51589401
11536009-4,Lago Cochrane Sector Bahia Vidal,Calidad de Aguas,Vigentes,Región Aysén del General Carlos Ibáñez del Campo,Comuna de Cochrane,Rio Baker,0,-47.26136217,-72.48292688
11536010-8,Lago Cochrane Rio Desague,Calidad de Aguas,Vigentes,Región Aysén del General Carlos Ibáñez del Campo,Comuna de Cochrane,Rio Baker,0,-47.23812314,-72.51407528
11539000-7,Rio Baker En La Balsa,Calidad de Aguas,Vigentes,Región Aysén del General Carlos Ibáñez del Campo,Comuna de Cochrane,Rio Baker,0,-47.20584175,-72.63202792
11539001-5,Rio Cochrane En Carretera,Calidad de Aguas,Vigentes,Región Aysén del General Carlos Ibáñez del Campo,Comuna de Cochrane,Rio Baker,0,-47.25604463,-72.5840829
11539002-3,Rio El Salto En Pasarela,Calidad de Aguas,Vigentes,Región Aysén del General Carlos Ibáñez del Campo,Comuna de Cochrane,Rio Baker,0,-47.29577572,-72.69190254
11539003-1,Rio Baker Bajo Cochrane Sobre Salto,Calidad de Aguas,Suspendidas,Región Aysén del General Carlos Ibáñez del Campo,Comuna de Cochrane,Rio Baker,0,-47.28140664,-72.70364918
11540000-2,Lago Cachet 2 En Glaciar Colonia,Glaciológicas,Vigentes,Región Aysén del General Carlos Ibáñez del Campo,Comuna de Cochrane,Rio Baker,427,-47.19896176,-73.24990107
11541000-8,Rio Colonia En Nacimiento,Glaciológicas,Vigentes,Región Aysén del General Carlos Ibáñez del Campo,Comuna de Cochrane,Rio Baker,146,-47.34332735,-73.11762874
11542001-1,Rio Baker En Colonia,Fluviométricas,Vigentes,Región Aysén del General Carlos Ibáñez del Campo,Comuna de Cochrane,Rio Baker,105,-47.35416764,-72.85288215
11543001-7,Lago General Carrera En Puerto Guadal,Meteorológicas,Suspendidas,Región Aysén del General Carlos Ibáñez del Campo,Comuna de Chile Chico,Rio Baker,215,-46.84978774,-72.69735427
11543002-5,Rio Ñadis Ante Junta Baker,Fluviométricas,Suspendidas,Región Aysén del General Carlos Ibáñez del Campo,Comuna de Cochrane,Rio Baker,0,-47.50924562,-72.91653981
11544000-4,Rio Ñadis Bajo Barrancoso,Calidad de Aguas,Vigentes,Región Aysén del General Carlos Ibáñez del Campo,Comuna de Cochrane,Rio Baker,0,-47.49520227,-72.89897196
11545000-K,Rio Baker Bajo Ñadis,Calidad de Aguas,Vigentes,Región Aysén del General Carlos Ibáñez del Campo,Comuna de Cochrane,Rio Baker,45,-47.50407254,-72.97994224
11546001-3,Caleta Tortel,Meteorológicas,Vigentes,Región Aysén del General Carlos Ibáñez del Campo,Comuna de Tortel,Rio Baker,10,-47.79524892,-73.53183501
11548000-6,Rio Jaramillo En Carretera,Calidad de Aguas,Vigentes,Región Aysén del General Carlos Ibáñez del Campo,Comuna de Cochrane,Rio Baker,0,-47.69643273,-73.04609361
11548001-4,Desague Lago Vargas En Carretera Austral,Calidad de Aguas,Vigentes,Región Aysén del General Carlos Ibáñez del Campo,Comuna de Cochrane,Rio Baker,0,-47.6652652,-72.98792826
11549000-1,Rio Baker En Km 110,Calidad de Aguas,Vigentes,Región Aysén del General Carlos Ibáñez del Campo,Comuna de Tortel,Rio Baker,0,-47.78028979,-73.3899238
11614001-2,Rio Bravo,Meteorológicas,Vigentes,Región Aysén del General Carlos Ibáñez del Campo,Comuna de O'Higgins,Costeras e Islas entre R. Baker y R. Pascua,36,-48.03278496,-73.02250084
11700001-K,Rio Mayer Reten,Meteorológicas,Suspendidas,Región Aysén del General Carlos Ibáñez del Campo,Comuna de O'Higgins,Rio Pascua,450,-48.20927628,-72.32261194
11701001-5,Rio Mayer En Desembocadura,Fluviométricas,Vigentes,Región Aysén del General Carlos Ibáñez del Campo,Comuna de O'Higgins,Rio Pascua,350,-48.41493177,-72.5465014
11701002-3,Villa Ohiggins,Meteorológicas,Suspendidas,Región Aysén del General Carlos Ibáñez del Campo,Comuna de O'Higgins,Rio Pascua,270,-48.47012169,-72.55873742
11702000-2,Lago O´Higgins En Villa O´Higgins,Lagos y Embalses,Vigentes,Región Aysén del General Carlos Ibáñez del Campo,Comuna de O'Higgins,Rio Pascua,300,-48.5166676,-72.59473205
11704001-1,Candelario Mancilla,Meteorológicas,Vigentes,Región Aysén del General Carlos Ibáñez del Campo,Comuna de O'Higgins,Rio Pascua,300,-48.87751275,-72.73954054
11705001-7,Glaciar Chico En Campo De Hielo Sur,Glaciológicas,Vigentes,Región Aysén del General Carlos Ibáñez del Campo,Comuna de O'Higgins,Vertiente del Atlantico,1611,-49.15583988,-73.13861099
11706000-4,Glaciar O'Higgins En Punta Nahuelcar,Glaciológicas,Vigentes,Región Aysén del General Carlos Ibáñez del Campo,Comuna de O'Higgins,Rio Pascua,5,-48.93060727,-73.13561359
11706001-2,Hielo Sur En Glaciar O´Higgins,Glaciológicas,Vigentes,Región Aysén del General Carlos Ibáñez del Campo,Comuna de O'Higgins,Rio Pascua,1070,-48.92541753,-73.27377877
11710000-6,Rio Pascua En Desague Lago O'Higgins,Fluviométricas,Vigentes,Región Aysén del General Carlos Ibáñez del Campo,Comuna de O'Higgins,Rio Pascua,260,-48.38262212,-72.9605734
11711000-1,Rio Pascua Ante Junta Rio Quetru,Calidad de Aguas,Vigentes,Región Aysén del General Carlos Ibáñez del Campo,Comuna de O'Higgins,Rio Pascua,20,-48.15911878,-73.08833069
11800000-5,Fiordo Jorge Montt,Glaciológicas,Vigentes,Región Aysén del General Carlos Ibáñez del Campo,Comuna de Tortel,Costeras entre R. Pascua Limite Region. Archipielago Guayeco,170,-48.25455993,-73.45962616
12000000-4,Fiordos Tempanos,Glaciológicas,Vigentes,Región Aysén del General Carlos Ibáñez del Campo,Comuna de Tortel,Costeras entre R. Pascua Limite Region. Archipielago Guayeco,20,-48.70223039,-73.98806773
12020000-3,Hielo Sur En Glaciar Greve,Meteorológicas,Vigentes,Región Aysén del General Carlos Ibáñez del Campo,Comuna de Tortel,Costeras entre R. Pascua Limite Region. Archipielago Guayeco,1428,-48.8329113,-73.58130756
12020001-1,Hielo Sur En Glaciar Greve Nunatak Occidental,Glaciológicas,Vigentes,Región Aysén del General Carlos Ibáñez del Campo,Comuna de Tortel,Costeras entre Limite Region y Seno Andrew,915,-48.83402525,-73.72353061
12080001-9,Fiordo Andrew,Glaciológicas,Vigentes,Región de Magallanes y La Antártica Chilena,Comuna de Natales,Costeras entre Limite Region y Seno Andrew,10,-50.37777878,-73.56029046
12125001-2,Puerto Eden,Meteorológicas,Suspendidas,Región de Magallanes y La Antártica Chilena,Comuna de Natales,Islas entre limite Region y Canal Ancho y Estrecho de la Concepcion,10,-49.12375923,-74.4069156
12125002-0,Rio Punta Eva En Puerto Eden,Fluviométricas,Suspendidas,Región de Magallanes y La Antártica Chilena,Comuna de Natales,Islas entre limite Region y Canal Ancho y Estrecho de la Concepcion,10,-49.0889768,-74.41994445
12210000-6,Fiordo Amalia,Glaciológicas,Vigentes,Región de Magallanes y La Antártica Chilena,Comuna de Natales,Costeras entre Seno Andrew y R. Hollemberg e islas al oriente,30,-50.96215238,-73.76769934
12250001-2,Glaciar Bernal,Glaciológicas,Vigentes,Región de Magallanes y La Antártica Chilena,Comuna de Natales,Costeras entre Seno Andrew y R. Hollemberg e islas al oriente,2,-51.871948,-73.31501416
12271000-9,Rio Talcahuano En Peninsula Antonio Varas,Calidad de Aguas,Vigentes,Región de Magallanes y La Antártica Chilena,Comuna de Natales,Costeras entre Seno Andrew y R. Hollemberg e islas al oriente,14,-51.7460355,-72.8994348
12273000-K,Glaciar Balmaceda,Meteorológicas,Vigentes,Región de Magallanes y La Antártica Chilena,Comuna de Natales,Costeras entre Seno Andrew y R. Hollemberg e islas al oriente,5,-51.41470123,-73.10291616
12280001-6,Rio Paine En Parque Nacional,Fluviométricas,Suspendidas,Región de Magallanes y La Antártica Chilena,Comuna de Torres del Paine,Costeras entre Seno Andrew y R. Hollemberg e islas al oriente,46,-50.98047688,-72.80039976
12280002-4,Rio Paine En Parque Nacional 2,Calidad de Aguas,Vigentes,Región de Magallanes y La Antártica Chilena,Comuna de Torres del Paine,Costeras entre Seno Andrew y R. Hollemberg e islas al oriente,90,-50.96331894,-72.79195307
12280004-0,Lago Dickson,Lagos y Embalses,Vigentes,Región de Magallanes y La Antártica Chilena,Comuna de Torres del Paine,Costeras entre Seno Andrew y R. Hollemberg e islas al oriente,200,-50.82381719,-73.11237565
12280005-9,Rio Paine En Laguna Amarga,Fluviométricas,Vigentes,Región de Magallanes y La Antártica Chilena,Comuna de Torres del Paine,Costeras entre Seno Andrew y R. Hollemberg e islas al oriente,77,-50.9778192,-72.80063936
12280006-7,Lago Paine,Meteorológicas,Vigentes,Región de Magallanes y La Antártica Chilena,Comuna de Torres del Paine,Costeras entre Seno Andrew y R. Hollemberg e islas al oriente,446,-50.83881575,-72.83179866
12281000-3,Rio Paine En Desembocadura Lago Toro,Calidad de Aguas,Vigentes,Región de Magallanes y La Antártica Chilena,Comuna de Torres del Paine,Costeras entre Seno Andrew y R. Hollemberg e islas al oriente,0,-51.16199416,-72.95836286
12282000-9,Lago Nordenskjoltd,Lagos y Embalses,Vigentes,Región de Magallanes y La Antártica Chilena,Comuna de Torres del Paine,Costeras entre Seno Andrew y R. Hollemberg e islas al oriente,0,-51.03909642,-72.93680996
12283001-2,Cerro Guido,Meteorológicas,Vigentes,Región de Magallanes y La Antártica Chilena,Comuna de Torres del Paine,Costeras entre Seno Andrew y R. Hollemberg e islas al oriente,230,-50.94102051,-72.45562463
12283002-0,Estancia Rio Paine,Meteorológicas,Suspendidas,Región de Magallanes y La Antártica Chilena,Comuna de Torres del Paine,Costeras entre Seno Andrew y R. Hollemberg e islas al oriente,150,-51.23716383,-72.90208595
12283003-9,Lago Pehoe,Meteorológicas,Vigentes,Región de Magallanes y La Antártica Chilena,Comuna de Torres del Paine,Costeras entre Seno Andrew y R. Hollemberg e islas al oriente,40,-51.07385385,-73.09281027
12283004-7,Laguna Azul,Meteorológicas,Suspendidas,Región de Magallanes y La Antártica Chilena,Comuna de Torres del Paine,Costeras entre Seno Andrew y R. Hollemberg e islas al oriente,240,-50.87993098,-72.73261963
12283005-5,Estancia La Porfiada,Meteorológicas,Vigentes,Región de Magallanes y La Antártica Chilena,Comuna de Torres del Paine,Costeras entre Seno Andrew y R. Hollemberg e islas al oriente,1783,-50.75222537,-72.72861801
12284001-8,Lago Sarmiento En Bagno Viejo,Fluviométricas,Suspendidas,Región de Magallanes y La Antártica Chilena,Comuna de Torres del Paine,Costeras entre Seno Andrew y R. Hollemberg e islas al oriente,55,-51.00104109,-72.63317013
12284002-6,Rio Baguales En Cerro Guido,Fluviométricas,Vigentes,Región de Magallanes y La Antártica Chilena,Comuna de Torres del Paine,Costeras entre Seno Andrew y R. Hollemberg e islas al oriente,80,-51.01064939,-72.48902599
12284003-4,Rio Vizcachas En Cerro Guido,Calidad de Aguas,Vigentes,Región de Magallanes y La Antártica Chilena,Comuna de Torres del Paine,Costeras entre Seno Andrew y R. Hollemberg e islas al oriente,80,-51.01323527,-72.48589206
12284004-2,Rio Las Chinas En Pte Carretero,Fluviométricas,Suspendidas,Región de Magallanes y La Antártica Chilena,Comuna de Torres del Paine,Costeras entre Seno Andrew y R. Hollemberg e islas al oriente,65,-51.21770976,-72.44981648
12284005-0,Rio Don Guillermo En Cerro Castillo,Calidad de Aguas,Vigentes,Región de Magallanes y La Antártica Chilena,Comuna de Torres del Paine,Costeras entre Seno Andrew y R. Hollemberg e islas al oriente,125,-51.25244623,-72.32267283
12284006-9,Rio Las Chinas En Cerro Guido,Fluviométricas,Vigentes,Región de Magallanes y La Antártica Chilena,Comuna de Torres del Paine,Costeras entre Seno Andrew y R. Hollemberg e islas al oriente,75,-51.01692827,-72.50501347
12284007-7,Rio Las Chinas Antes Desague Del Toro,Fluviométricas,Vigentes,Región de Magallanes y La Antártica Chilena,Comuna de Torres del Paine,Costeras entre Seno Andrew y R. Hollemberg e islas al oriente,50,-51.24784614,-72.53529347
12284008-5,Rio Las Chinas En Castillo (Ca),Fluviométricas,Vigentes,Región de Magallanes y La Antártica Chilena,Comuna de Torres del Paine,Costeras entre Seno Andrew y R. Hollemberg e islas al oriente,310,-51.19897429,-72.45019318
12284009-3,Lago Sarmiento,Meteorológicas,Vigentes,Región de Magallanes y La Antártica Chilena,Comuna de Torres del Paine,Costeras entre Seno Andrew y R. Hollemberg e islas al oriente,110,-51.04620127,-72.89146652
12284010-7,Cerro Castillo,Meteorológicas,Vigentes,Región de Magallanes y La Antártica Chilena,Comuna de Torres del Paine,Costeras entre Seno Andrew y R. Hollemberg e islas al oriente,130,-51.25567011,-72.34494595
12284011-5,Rio Don Guillermo Abajo Cerro Castillo,Calidad de Aguas,Vigentes,Región de Magallanes y La Antártica Chilena,Comuna de Torres del Paine,Costeras entre Seno Andrew y R. Hollemberg e islas al oriente,0,-51.25536302,-72.35084031
12285001-3,Rio Chorrillos Tres Pasos Ruta N 9,Calidad de Aguas,Vigentes,Región de Magallanes y La Antártica Chilena,Comuna de Natales,Costeras entre Seno Andrew y R. Hollemberg e islas al oriente,158,-51.44887989,-72.48472346
12285002-1,Lago El Toro En Estancia Paine,Lagos y Embalses,Vigentes,Región de Magallanes y La Antártica Chilena,Comuna de Torres del Paine,Costeras entre Seno Andrew y R. Hollemberg e islas al oriente,46,-51.16771806,-72.9498562
12285003-K,Rio Tres Pasos En Desague Lago Toro,Fluviométricas,Vigentes,Región de Magallanes y La Antártica Chilena,Comuna de Torres del Paine,Costeras entre Seno Andrew y R. Hollemberg e islas al oriente,46,-51.3055492,-72.64932781
12285004-8,Rio Picana En Ruta 9 Norte,Calidad de Aguas,Vigentes,Región de Magallanes y La Antártica Chilena,Comuna de Torres del Paine,Costeras entre Seno Andrew y R. Hollemberg e islas al oriente,0,-51.35731228,-72.43448293
12286001-9,Torres Del Paine,Meteorológicas,Vigentes,Región de Magallanes y La Antártica Chilena,Comuna de Torres del Paine,Costeras entre Seno Andrew y R. Hollemberg e islas al oriente,25,-51.17466658,-72.95376848
12286002-7,Rio Rincon En Ruta Y-290,Calidad de Aguas,Vigentes,Región de Magallanes y La Antártica Chilena,Comuna de Torres del Paine,Costeras entre Seno Andrew y R. Hollemberg e islas al oriente,36,-51.31521894,-72.83110628
12286003-5,Lago Porteño,Lagos y Embalses,Suspendidas,Región de Magallanes y La Antártica Chilena,Comuna de Torres del Paine,Costeras entre Seno Andrew y R. Hollemberg e islas al oriente,0,-51.31328008,-72.82791153
12287001-4,Rio Grey Antes Junta Serrano,Fluviométricas,Vigentes,Región de Magallanes y La Antártica Chilena,Comuna de Torres del Paine,Costeras entre Seno Andrew y R. Hollemberg e islas al oriente,30,-51.18816255,-73.01092999
12287002-2,Lago Grey,Meteorológicas,Vigentes,Región de Magallanes y La Antártica Chilena,Comuna de Torres del Paine,Costeras entre Seno Andrew y R. Hollemberg e islas al oriente,50,-51.1119877,-73.11231419
12288000-1,Glaciar Tyndall En Campamento Zapata,Glaciológicas,Vigentes,Región de Magallanes y La Antártica Chilena,Comuna de Torres del Paine,Costeras entre Seno Andrew y R. Hollemberg e islas al oriente,345,-51.11688561,-73.28239188
12288001-K,Campo De Hielo Sur En Lobulo Zapata,Meteorológicas,Vigentes,Región de Magallanes y La Antártica Chilena,Comuna de Torres del Paine,Costeras entre Seno Andrew y R. Hollemberg e islas al oriente,650,-51.11743251,-73.31627847
12288002-8,Rio Geikie En Desembocadura,Fluviométricas,Vigentes,Región de Magallanes y La Antártica Chilena,Comuna de Torres del Paine,Costeras entre Seno Andrew y R. Hollemberg e islas al oriente,40,-51.30617588,-73.21065578
12288003-6,Rio Tindall En Desembocadura,Meteorológicas,Vigentes,Región de Magallanes y La Antártica Chilena,Comuna de Torres del Paine,Costeras entre Seno Andrew y R. Hollemberg e islas al oriente,18,-51.26062065,-73.15926381
12288004-4,Rio Cañadon 1 En Desembocadura,Fluviométricas,Suspendidas,Región de Magallanes y La Antártica Chilena,Comuna de Torres del Paine,Costeras entre Seno Andrew y R. Hollemberg e islas al oriente,60,-51.31383065,-73.27488839
12288005-2,Rio Cañadon 2 En Desembocadura,Fluviométricas,Suspendidas,Región de Magallanes y La Antártica Chilena,Comuna de Torres del Paine,Costeras entre Seno Andrew y R. Hollemberg e islas al oriente,107,-51.29188416,-73.29488741
12288006-0,Glaciar Tyndall,Glaciológicas,Vigentes,Región de Magallanes y La Antártica Chilena,Comuna de Torres del Paine,Costeras entre Seno Andrew y R. Hollemberg e islas al oriente,565,-51.14694498,-73.30611127
12289001-5,Rio Serrano En Desembocadura,Calidad de Aguas,Vigentes,Región de Magallanes y La Antártica Chilena,Comuna de Natales,Costeras entre Seno Andrew y R. Hollemberg e islas al oriente,25,-51.3370246,-73.11231487
12289002-3,Rio Serrano En Desague Lago Del Toro,Calidad de Aguas,Vigentes,Región de Magallanes y La Antártica Chilena,Comuna de Torres del Paine,Costeras entre Seno Andrew y R. Hollemberg e islas al oriente,30,-51.19260021,-72.95998708
12289003-1,Rio Serrano Antes Junta Grey,Calidad de Aguas,Suspendidas,Región de Magallanes y La Antártica Chilena,Comuna de Torres del Paine,Costeras entre Seno Andrew y R. Hollemberg e islas al oriente,40,-51.21770745,-72.98319294
12289004-K,Rio Serrano Pasado El Pueblito Rio Serrano,Calidad de Aguas,Vigentes,Región de Magallanes y La Antártica Chilena,Comuna de Torres del Paine,Costeras entre Seno Andrew y R. Hollemberg e islas al oriente,0,-51.23427056,-72.99507491
12291001-6,Rio Prat En Desembocadura,Calidad de Aguas,Vigentes,Región de Magallanes y La Antártica Chilena,Comuna de Natales,Costeras entre Seno Andrew y R. Hollemberg e islas al oriente,20,-51.5586552,-72.73534206
12291002-4,Laguna Sofia,Lagos y Embalses,Vigentes,Región de Magallanes y La Antártica Chilena,Comuna de Natales,Costeras entre Seno Andrew y R. Hollemberg e islas al oriente,85,-51.54050499,-72.6092862
12292000-3,Estero Natales,Fluviométricas,Vigentes,Región de Magallanes y La Antártica Chilena,Comuna de Natales,Costeras entre Seno Andrew y R. Hollemberg e islas al oriente,90,-51.70917084,-72.43973038
12293001-7,Puerto Natales,Meteorológicas,Vigentes,Región de Magallanes y La Antártica Chilena,Comuna de Natales,Costeras entre Seno Andrew y R. Hollemberg e islas al oriente,45,-51.73915334,-72.45953214
12293002-5,Estero Dumestre En Bocatoma,Fluviométricas,Vigentes,Región de Magallanes y La Antártica Chilena,Comuna de Natales,Costeras entre Seno Andrew y R. Hollemberg e islas al oriente,102,-51.73417283,-72.36973348
12400001-7,Casas Viejas,Meteorológicas,Vigentes,Región de Magallanes y La Antártica Chilena,Comuna de Natales,"Costeras e Islas entre R Hollemberg, Golfo Alte. Laguna Blanca",230,-51.70016411,-72.32615857
12400002-5,Rubens En Ruta N. 9,Meteorológicas,Suspendidas,Región de Magallanes y La Antártica Chilena,Comuna de Natales,Vertiente del Atlantico,190,-52.03996908,-71.94216837
12400003-3,Rio Tranquilo En Ruta Nº 9,Calidad de Aguas,Vigentes,Región de Magallanes y La Antártica Chilena,Comuna de Natales,"Costeras e Islas entre R Hollemberg, Golfo Alte. Laguna Blanca",30,-51.81711782,-72.16167165
12400004-1,Rio Hollemberg En Desembocadura,Calidad de Aguas,Vigentes,Región de Magallanes y La Antártica Chilena,Comuna de Natales,"Costeras e Islas entre R Hollemberg, Golfo Alte. Laguna Blanca",14,-51.90743704,-72.4508423
12400005-K,Lago Balmaceda (Lm),Lagos y Embalses,Vigentes,Región de Magallanes y La Antártica Chilena,Comuna de Natales,"Costeras e Islas entre R Hollemberg, Golfo Alte. Laguna Blanca",16,-51.9249692,-72.3473152
12400006-8,Estacion Dorotea,Meteorológicas,Vigentes,Región de Magallanes y La Antártica Chilena,Comuna de Natales,"Costeras e Islas entre R Hollemberg, Golfo Alte. Laguna Blanca",470,-51.60445241,-72.33444571
12402000-K,Lago Anibal Pinto,Lagos y Embalses,Vigentes,Región de Magallanes y La Antártica Chilena,Comuna de Natales,"Costeras e Islas entre R Hollemberg, Golfo Alte. Laguna Blanca",51,-52.09231821,-72.43720238
12403000-5,Seno Obstrucción,Meteorológicas,Vigentes,Región de Magallanes y La Antártica Chilena,Comuna de Natales,"Costeras e Islas entre R Hollemberg, Golfo Alte. Laguna Blanca",4,-52.2101854,-72.47708958
12403001-3,Rio Primero En Seno Obstruccion,Calidad de Aguas,Vigentes,Región de Magallanes y La Antártica Chilena,Comuna de Natales,"Costeras e Islas entre R Hollemberg, Golfo Alte. Laguna Blanca",15,-52.21010136,-72.46896988
12404001-9,Rio Blanco En Seno Obstruccion,Fluviométricas,Vigentes,Región de Magallanes y La Antártica Chilena,Comuna de Natales,"Costeras e Islas entre R Hollemberg, Golfo Alte. Laguna Blanca",70,-52.27972885,-72.45583894
12440001-5,Rocallosas,Meteorológicas,Vigentes,Región de Magallanes y La Antártica Chilena,Comuna de Río Verde,"Costeras e Islas entre R Hollemberg, Golfo Alte. Laguna Blanca",10,-52.65908449,-71.97389716
12448001-9,Rio Grande En Isla Riesco,Fluviométricas,Vigentes,Región de Magallanes y La Antártica Chilena,Comuna de Río Verde,"Costeras e Islas entre R Hollemberg, Golfo Alte. Laguna Blanca",5,-52.99938989,-71.87439241
12449001-4,Isla Riesco,Meteorológicas,Vigentes,Región de Magallanes y La Antártica Chilena,Comuna de Río Verde,"Costeras e Islas entre R Hollemberg, Golfo Alte. Laguna Blanca",10,-52.86630674,-71.55443891
12449002-2,Cordillera Riesco,Meteorológicas,Vigentes,Región de Magallanes y La Antártica Chilena,Comuna de Río Verde,"Costeras e Islas entre R Hollemberg, Golfo Alte. Laguna Blanca",456,-52.84360794,-71.76438395
12452001-0,Rio Perez En Desembocadura,Sedimentometricas,Vigentes,Región de Magallanes y La Antártica Chilena,Comuna de Río Verde,"Costeras e Islas entre R Hollemberg, Golfo Alte. Laguna Blanca",20,-52.55199013,-71.9801011
12452002-9,Rio Perez,Meteorológicas,Vigentes,Región de Magallanes y La Antártica Chilena,Comuna de Río Verde,"Costeras e Islas entre R Hollemberg, Golfo Alte. Laguna Blanca",5,-52.54971234,-71.96050219
12454001-1,Rio Verde,Meteorológicas,Vigentes,Región de Magallanes y La Antártica Chilena,Comuna de Río Verde,"Costeras e Islas entre R Hollemberg, Golfo Alte. Laguna Blanca",10,-52.6499222,-71.46344084
12530001-4,San Gregorio,Meteorológicas,Vigentes,Región de Magallanes y La Antártica Chilena,Comuna de San Gregorio,"Costeras entre Lag.  Blanca(inc), Seno Otway, canal Jeronimo y Magallanes",3,-52.56605157,-70.07011972
12540001-9,Ohiggins Villa,Meteorológicas,Suspendidas,Región de Magallanes y La Antártica Chilena,Comuna de San Gregorio,"Costeras entre Lag.  Blanca(inc), Seno Otway, canal Jeronimo y Magallanes",70,-52.31720036,-69.68810663
12561001-3,Rio Grande En Seno Otway,Calidad de Aguas,Vigentes,Región de Magallanes y La Antártica Chilena,Comuna de Punta Arenas,"Costeras entre Lag.  Blanca(inc), Seno Otway, canal Jeronimo y Magallanes",22,-53.11081392,-71.30201964
12563001-4,Rio Caleta En Seno Otway,Fluviométricas,Vigentes,Región de Magallanes y La Antártica Chilena,Comuna de Punta Arenas,"Costeras entre Lag.  Blanca(inc), Seno Otway, canal Jeronimo y Magallanes",15,-53.20634129,-71.61865868
12582001-8,Rio San Juan En Desembocadura,Meteorológicas,Vigentes,Región de Magallanes y La Antártica Chilena,Comuna de Punta Arenas,"Costeras entre Lag.  Blanca(inc), Seno Otway, canal Jeronimo y Magallanes",8,-53.6286392,-70.99186083
12582002-6,San Juan,Meteorológicas,Vigentes,Región de Magallanes y La Antártica Chilena,Comuna de Punta Arenas,"Costeras entre Lag.  Blanca(inc), Seno Otway, canal Jeronimo y Magallanes",5,-53.64122144,-70.94785491
12582003-4,Lago Parrillar,Meteorológicas,Vigentes,Región de Magallanes y La Antártica Chilena,Comuna de Punta Arenas,"Costeras entre Lag.  Blanca(inc), Seno Otway, canal Jeronimo y Magallanes",320,-53.40234146,-71.25158261
12582004-2,Lago Parrillar,Lagos y Embalses,Vigentes,Región de Magallanes y La Antártica Chilena,Comuna de Punta Arenas,"Costeras entre Lag.  Blanca(inc), Seno Otway, canal Jeronimo y Magallanes",297,-53.41002219,-71.25906053
12583001-3,La Baglina,Meteorológicas,Suspendidas,Región de Magallanes y La Antártica Chilena,Comuna de Punta Arenas,"Costeras entre Lag.  Blanca(inc), Seno Otway, canal Jeronimo y Magallanes",10,-53.62197711,-70.92887703
12583002-1,Rinconada Bulnes,Meteorológicas,Suspendidas,Región de Magallanes y La Antártica Chilena,Comuna de Punta Arenas,"Costeras entre Lag.  Blanca(inc), Seno Otway, canal Jeronimo y Magallanes",20,-53.61863699,-70.95015631
12585001-4,Rio Tres Brazos Antes Bt. Sendos,Calidad de Aguas,Vigentes,Región de Magallanes y La Antártica Chilena,Comuna de Punta Arenas,"Costeras entre Lag.  Blanca(inc), Seno Otway, canal Jeronimo y Magallanes",0,-53.28226311,-70.98306256
12585002-2,Rio Legnadura Antes Bt Sendos,Fluviométricas,Vigentes,Región de Magallanes y La Antártica Chilena,Comuna de Punta Arenas,"Costeras entre Lag.  Blanca(inc), Seno Otway, canal Jeronimo y Magallanes",0,-53.23010037,-70.96294058
12585003-0,Leñadura Alta,Meteorológicas,Suspendidas,Región de Magallanes y La Antártica Chilena,Comuna de Punta Arenas,"Costeras entre Lag.  Blanca(inc), Seno Otway, canal Jeronimo y Magallanes",400,-53.23151458,-71.1202001
12586001-K,Rio Las Minas En Bt. Sendos,Sedimentometricas,Vigentes,Región de Magallanes y La Antártica Chilena,Comuna de Punta Arenas,"Costeras entre Lag.  Blanca(inc), Seno Otway, canal Jeronimo y Magallanes",185,-53.14155515,-70.98819148
12586002-8,Rio Las Minas En Desembocadura (Ca),Calidad de Aguas,Vigentes,Región de Magallanes y La Antártica Chilena,Comuna de Punta Arenas,"Costeras entre Lag.  Blanca(inc), Seno Otway, canal Jeronimo y Magallanes",0,-53.1622341,-70.89216577
12586003-6,Estero Llau-Llau Antes Bt. Esmag (Ca),Calidad de Aguas,Vigentes,Región de Magallanes y La Antártica Chilena,Comuna de Punta Arenas,"Costeras entre Lag.  Blanca(inc), Seno Otway, canal Jeronimo y Magallanes",0,-53.12648089,-70.93894765
12586004-4,Punta Arenas,Meteorológicas,Vigentes,Región de Magallanes y La Antártica Chilena,Comuna de Punta Arenas,"Costeras entre Lag.  Blanca(inc), Seno Otway, canal Jeronimo y Magallanes",5,-53.12999571,-70.88752008
12586005-2,Laguna Lynch,Meteorológicas,Vigentes,Región de Magallanes y La Antártica Chilena,Comuna de Punta Arenas,"Costeras entre Lag.  Blanca(inc), Seno Otway, canal Jeronimo y Magallanes",140,-53.17273508,-71.00106497
12586006-0,Cerro Mirador,Meteorológicas,Vigentes,Región de Magallanes y La Antártica Chilena,Comuna de Punta Arenas,"Costeras entre Lag.  Blanca(inc), Seno Otway, canal Jeronimo y Magallanes",580,-53.14601377,-71.00432332
12586007-9,Las Minas,Meteorológicas,Vigentes,Región de Magallanes y La Antártica Chilena,Comuna de Punta Arenas,"Costeras entre Lag.  Blanca(inc), Seno Otway, canal Jeronimo y Magallanes",155,-53.14455616,-70.98399365
12586008-7,Estero Llau-Llau En Desembocadura,Calidad de Aguas,Vigentes,Región de Magallanes y La Antártica Chilena,Comuna de Punta Arenas,"Costeras entre Lag.  Blanca(inc), Seno Otway, canal Jeronimo y Magallanes",0,-53.11504298,-70.87452217
12586009-5,Canal De Trasvase Estero Llau-Llau,Meteorológicas,Vigentes,Región de Magallanes y La Antártica Chilena,Comuna de Punta Arenas,"Costeras entre Lag.  Blanca(inc), Seno Otway, canal Jeronimo y Magallanes",80,-53.12453576,-70.93693201
12586010-9,Magdalena Giglio 2,Meteorológicas,Vigentes,Región de Magallanes y La Antártica Chilena,Comuna de Punta Arenas,"Costeras entre Lag.  Blanca(inc), Seno Otway, canal Jeronimo y Magallanes",432,-53.14084956,-71.05619107
12586011-7,Rio Las Minas En Punta Arenas,Fluviométricas,Vigentes,Región de Magallanes y La Antártica Chilena,Comuna de Punta Arenas,"Costeras entre Lag.  Blanca(inc), Seno Otway, canal Jeronimo y Magallanes",25,-53.15388944,-70.91139158
12587000-7,Bitsch Alto,Meteorológicas,Vigentes,Región de Magallanes y La Antártica Chilena,Comuna de Punta Arenas,"Costeras entre Lag.  Blanca(inc), Seno Otway, canal Jeronimo y Magallanes",328,-53.07792516,-70.97320912
12600001-4,Rio Rubens En Ruta N 9,Fluviométricas,Vigentes,Región de Magallanes y La Antártica Chilena,Comuna de Natales,Vertiente del Atlantico,180,-52.03619638,-71.94737452
12620000-5,Penitente Alto,Meteorológicas,Vigentes,Región de Magallanes y La Antártica Chilena,Comuna de Natales,Vertiente del Atlantico,290,-52.21025552,-71.6807515
12622001-4,Rio Penitente En Morro Chico,Meteorológicas,Vigentes,Región de Magallanes y La Antártica Chilena,Comuna de Laguna Blanca,Vertiente del Atlantico,170,-52.04476063,-71.40954908
12622002-2,Villa Tehuelche,Meteorológicas,Vigentes,Región de Magallanes y La Antártica Chilena,Comuna de Laguna Blanca,"Costeras entre Lag.  Blanca(inc), Seno Otway, canal Jeronimo y Magallanes",190,-52.4279619,-71.41613275
12640001-2,Teniente Merino,Meteorológicas,Vigentes,Región de Magallanes y La Antártica Chilena,Comuna de San Gregorio,Vertiente del Atlantico,160,-52.02522382,-70.73463067
12660001-1,Rio Ci-Aike Antes Frontera,Calidad de Aguas,Vigentes,Región de Magallanes y La Antártica Chilena,Comuna de San Gregorio,Vertiente del Atlantico,142,-52.05545336,-70.12956237
12680001-0,Monte Aymond,Meteorológicas,Vigentes,Región de Magallanes y La Antártica Chilena,Comuna de San Gregorio,Vertiente del Atlantico,160,-52.12422248,-69.76677049
12730000-3,Prueba Gprs1,Fluviométricas,Suspendidas,Región de Magallanes y La Antártica Chilena,Comuna de Punta Arenas,Islas al Sur Estrecho de Magallanes,0,-53.69968131,-72.83761852
12740000-8,Prueba Gprs 3,Fluviométricas,Suspendidas,Región de Magallanes y La Antártica Chilena,Comuna de Punta Arenas,Islas al Sur Estrecho de Magallanes,0,-54.15116015,-72.32841971
12750000-2,Prueba Gprs 2,Meteorológicas,Suspendidas,Región de Magallanes y La Antártica Chilena,Comuna de Punta Arenas,Islas al Sur Estrecho de Magallanes,0,-53.9983773,-72.00116827
12802001-2,Rio Side En Cerro Sombrero,Meteorológicas,Vigentes,Región de Magallanes y La Antártica Chilena,Comuna de Primavera,Tierra del Fuego,10,-52.76796552,-69.2842913
12802002-0,Cerro Sombrero,Meteorológicas,Vigentes,Región de Magallanes y La Antártica Chilena,Comuna de Primavera,Tierra del Fuego,30,-52.77429653,-69.2871194
12803000-K,Bahia Lomas,Meteorológicas,Vigentes,Región de Magallanes y La Antártica Chilena,Comuna de Primavera,Tierra del Fuego,10,-52.54719133,-69.341693
12805001-9,Rio Oscar En Bahia San Felipe,Fluviométricas,Vigentes,Región de Magallanes y La Antártica Chilena,Comuna de Primavera,Tierra del Fuego,10,-52.8486115,-69.76058358
12806001-4,Rio Oro En Bahia San Felipe,Sedimentometricas,Vigentes,Región de Magallanes y La Antártica Chilena,Comuna de Primavera,Tierra del Fuego,10,-52.85297767,-69.89985693
12806002-2,Rio Oro En Baquedano Ag.Arr. Mineros (Ca,Calidad de Aguas,Vigentes,Región de Magallanes y La Antártica Chilena,Comuna de Porvenir,Tierra del Fuego,0,-53.26285735,-69.89911288
12806003-0,Rio Oro Baquedano Ag.Ab. Mineros (Ca),Calidad de Aguas,Vigentes,Región de Magallanes y La Antártica Chilena,Comuna de Porvenir,Tierra del Fuego,0,-53.26744085,-69.90637625
12806004-9,Bahia San Felipe,Meteorológicas,Vigentes,Región de Magallanes y La Antártica Chilena,Comuna de Primavera,Tierra del Fuego,10,-52.88226198,-69.94786956
12806005-7,Sarita En Bahia San Felipe,Meteorológicas,Suspendidas,Región de Magallanes y La Antártica Chilena,Comuna de Primavera,Tierra del Fuego,15,-52.86860951,-69.90007638
12808000-7,R.Chorrillos Afluente R. Verde Aguas Arriba Minero,Calidad de Aguas,Vigentes,Región de Magallanes y La Antártica Chilena,Comuna de Porvenir,Tierra del Fuego,0,-53.26181699,-70.05360162
12808001-5,R. Chorrillo Afluente R. Verde Aguas Abajo Mineros,Calidad de Aguas,Vigentes,Región de Magallanes y La Antártica Chilena,Comuna de Porvenir,Tierra del Fuego,0,-53.21988723,-70.03441928
12808002-3,R.Verde Aguas Arriba Mineros,Calidad de Aguas,Vigentes,Región de Magallanes y La Antártica Chilena,Comuna de Porvenir,Tierra del Fuego,0,-53.25741202,-69.97982856
12808003-1,Rio Verde Aguas Abajo Mineros,Calidad de Aguas,Vigentes,Región de Magallanes y La Antártica Chilena,Comuna de Porvenir,Tierra del Fuego,0,-53.16046719,-70.06290416
12809001-0,Porvenir,Meteorológicas,Vigentes,Región de Magallanes y La Antártica Chilena,Comuna de Porvenir,Tierra del Fuego,35,-53.29408033,-70.36949289
12809002-9,Dmc Fuentes Martinez Porvenir Ad.,Meteorológicas,Suspendidas,Región de Magallanes y La Antártica Chilena,Comuna de Porvenir,Tierra del Fuego,23,-53.25361341,-70.32612307
12814001-8,Onaisin,Meteorológicas,Suspendidas,Región de Magallanes y La Antártica Chilena,Comuna de Porvenir,Tierra del Fuego,15,-53.39835376,-69.26781072
12815001-3,Onaisin En Maria Cristina,Meteorológicas,Vigentes,Región de Magallanes y La Antártica Chilena,Comuna de Porvenir,Tierra del Fuego,30,-53.30603695,-69.26805812
12816001-9,Cameron,Meteorológicas,Vigentes,Región de Magallanes y La Antártica Chilena,Comuna de Timaukel,Tierra del Fuego,10,-53.63981687,-69.64496501
12820001-0,Rio Caleta En Tierra Del Fuego,Calidad de Aguas,Vigentes,Región de Magallanes y La Antártica Chilena,Comuna de Timaukel,Tierra del Fuego,280,-53.81726675,-70.16556707
12820002-9,Puerto Yartou,Meteorológicas,Vigentes,Región de Magallanes y La Antártica Chilena,Comuna de Timaukel,Tierra del Fuego,5,-53.88639323,-70.14089331
12821000-8,Rio Condor,Meteorológicas,Vigentes,Región de Magallanes y La Antártica Chilena,Comuna de Timaukel,Tierra del Fuego,10,-53.99754961,-70.0781484
12825001-8,Lago Fagnano,Lagos y Embalses,Vigentes,Región de Magallanes y La Antártica Chilena,Comuna de Timaukel,Tierra del Fuego,36,-54.50923153,-68.73387126
12825002-6,Rio Azopardo En Desembocadura,Meteorológicas,Vigentes,Región de Magallanes y La Antártica Chilena,Comuna de Timaukel,Tierra del Fuego,32,-54.50275732,-68.82576438
12825003-4,Rio Betbeder En Desembocadura,Fluviométricas,Vigentes,Región de Magallanes y La Antártica Chilena,Comuna de Timaukel,Tierra del Fuego,60,-54.56217416,-68.81559824
12860001-9,Rio Paraguaya En Estancia Maria Emilia,Calidad de Aguas,Vigentes,Región de Magallanes y La Antártica Chilena,Comuna de Primavera,Tierra del Fuego,0,-52.82516799,-68.67725347
12861001-4,Rio Cullen En Frontera,Fluviométricas,Vigentes,Región de Magallanes y La Antártica Chilena,Comuna de Primavera,Tierra del Fuego,0,-52.85968693,-68.6512724
12863001-5,San Sebastian,Meteorológicas,Vigentes,Región de Magallanes y La Antártica Chilena,Comuna de Porvenir,Tierra del Fuego,20,-53.32072359,-68.66076629
12863002-3,Rio San Martin En San Sebastian,Calidad de Aguas,Vigentes,Región de Magallanes y La Antártica Chilena,Comuna de Porvenir,Tierra del Fuego,0,-53.32077558,-68.65383014
12863003-1,Rio San Martin En Frontera,Fluviométricas,Suspendidas,Región de Magallanes y La Antártica Chilena,Comuna de Porvenir,Tierra del Fuego,230,-53.30472584,-68.60878954
12865001-6,Rio Chico En Ruta Y-895,Fluviométricas,Vigentes,Región de Magallanes y La Antártica Chilena,Comuna de Porvenir,Tierra del Fuego,0,-53.54879806,-68.69457965
12872001-4,Rio Herminita En Ruta Y-895,Calidad de Aguas,Vigentes,Región de Magallanes y La Antártica Chilena,Comuna de Timaukel,Tierra del Fuego,0,-53.80599816,-68.67921383
12873001-K,Russfin,Meteorológicas,Vigentes,Región de Magallanes y La Antártica Chilena,Comuna de Timaukel,Tierra del Fuego,225,-53.76010912,-69.19239814
12875000-2,Lago Blanco,Meteorológicas,Vigentes,Región de Magallanes y La Antártica Chilena,Comuna de Timaukel,Tierra del Fuego,120,-54.05306016,-68.95806994
12876001-6,Rio Grande En Tierra Del Fuego,Meteorológicas,Vigentes,Región de Magallanes y La Antártica Chilena,Comuna de Timaukel,Tierra del Fuego,100,-53.8923586,-68.88189021
12876002-4,Seccion Rio Grande,Meteorológicas,Suspendidas,Región de Magallanes y La Antártica Chilena,Comuna de Timaukel,Tierra del Fuego,130,-53.89781773,-68.9183381
12876003-2,Pampa Huanaco,Meteorológicas,Vigentes,Región de Magallanes y La Antártica Chilena,Comuna de Timaukel,Tierra del Fuego,150,-54.05092917,-68.80322125
12876004-0,Rio Catalina En Pampa Guanacos,Fluviométricas,Vigentes,Región de Magallanes y La Antártica Chilena,Comuna de Timaukel,Tierra del Fuego,0,-54.05294928,-68.79652123
12878001-7,Rio Rasmussen En Frontera (Estancia Vicuña),Sedimentometricas,Vigentes,Región de Magallanes y La Antártica Chilena,Comuna de Timaukel,Tierra del Fuego,0,-54.01813378,-68.62587515
12878002-5,Bahia Yendegaia,Meteorológicas,Vigentes,Región de Magallanes y La Antártica Chilena,Comuna de Cabo de Hornos,Tierra del Fuego,10,-54.87525448,-68.67032429
12879000-4,Lago Deseado,Meteorológicas,Vigentes,Región de Magallanes y La Antártica Chilena,Comuna de Timaukel,Tierra del Fuego,170,-54.34052742,-68.82563588
12930001-9,Rio Robalo En Puerto Williams,Fluviométricas,Vigentes,Región de Magallanes y La Antártica Chilena,Comuna de Cabo de Hornos,Islas al sur del Canal Beagle y Territorio Antartico,80,-54.94853869,-67.64019885
12930002-7,Lago Navarino,Meteorológicas,Suspendidas,Región de Magallanes y La Antártica Chilena,Comuna de Cabo de Hornos,Islas al sur del Canal Beagle y Territorio Antartico,45,-55.05702631,-67.29932276
12930003-5,Robalo Alto,Meteorológicas,Vigentes,Región de Magallanes y La Antártica Chilena,Comuna de Cabo de Hornos,Islas al sur del Canal Beagle y Territorio Antartico,360,-54.97814245,-67.67434058
12930004-3,Puerto Navarino,Meteorológicas,Vigentes,Región de Magallanes y La Antártica Chilena,Comuna de Cabo de Hornos,Islas al sur del Canal Beagle y Territorio Antartico,10,-54.92675259,-68.32356505
12930005-1,Puerto Toro,Meteorológicas,Vigentes,Región de Magallanes y La Antártica Chilena,Comuna de Cabo de Hornos,Islas al sur del Canal Beagle y Territorio Antartico,10,-55.08341979,-67.07568713
12930006-K,Dmc Guardia Marina Zañartu Pto Williams Ad.,Meteorológicas,Suspendidas,Región de Magallanes y La Antártica Chilena,Comuna de Cabo de Hornos,Islas al sur del Canal Beagle y Territorio Antartico,13,-54.93166988,-67.61556163
12930007-8,Rio Guerrico En Puerto Williams,Fluviométricas,Vigentes,Región de Magallanes y La Antártica Chilena,Comuna de Cabo de Hornos,Islas al sur del Canal Beagle y Territorio Antartico,10,-54.91250372,-67.84945605
